K-eff,Max3Pin,Max4Pin,F-delta-H,Max-Fxy
0.95455,5.105,5.303,1.861,1.899
0.98576,2.839,2.904,1.436,1.816
0.95237,5.161,5.43,1.846,1.903
0.99724,2.5,2.575,1.246,1.584
0.87466,6.259,6.635,1.58,1.9
0.71186,6.705,7.243,1.509,1.85
0.94229,5.547,5.721,1.755,1.895
0.70687,6.975,7.514,1.495,1.834
0.99114,2.605,2.683,1.34,1.824
0.71138,6.673,7.206,1.543,1.83
0.71114,6.677,7.21,1.555,1.847
0.98056,4.053,4.116,1.638,1.814
0.72652,5.41,5.888,1.515,1.83
0.98965,2.575,2.642,1.282,1.84
0.93353,5.803,5.974,1.789,1.899
0.99453,2.463,2.551,1.25,1.842
0.98476,3.204,3.219,1.448,1.831
0.87948,6.419,6.554,1.58,1.895
0.99143,2.653,2.732,1.294,1.833
0.98576,2.737,2.819,1.362,1.832
0.96583,4.686,4.895,1.853,1.838
0.95495,5.024,5.208,1.74,1.846
0.99222,2.524,2.589,1.313,1.83
0.96482,4.714,4.915,1.862,1.829
0.98766,2.719,2.797,1.304,1.833
0.93504,5.502,5.742,1.869,1.895
0.98722,2.824,2.904,1.296,1.839
0.99537,2.461,2.53,1.26,1.831
0.95573,5.138,5.409,1.844,1.898
0.99119,2.568,2.639,1.285,1.843
0.99069,2.427,2.529,1.312,1.823
0.97955,4.066,4.159,1.62,1.834
0.98564,2.923,3.015,1.432,1.836
0.96499,4.804,5.012,1.717,1.889
0.98995,2.541,2.606,1.271,1.821
0.98039,3.629,3.671,1.486,1.825
0.99194,2.486,2.574,1.318,1.83
0.90989,6.282,6.453,1.811,1.898
0.98366,3.475,3.529,1.527,1.822
0.99367,2.523,2.593,1.275,1.833
0.92066,6.065,6.398,1.921,1.896
0.99117,2.44,2.501,1.312,1.827
0.98506,2.852,2.942,1.381,1.846
0.99168,2.567,2.644,1.298,1.822
0.96301,5.081,5.311,1.876,1.902
0.7551,4.099,4.218,1.558,1.826
0.94437,5.43,5.63,1.865,1.9
0.99697,2.486,2.522,1.266,1.83
0.9889,2.697,2.776,1.355,1.825
0.92913,5.776,6.092,1.9,1.902
0.89505,6.289,6.625,1.674,1.89
0.9793,3.82,3.909,1.626,1.82
0.70497,7.127,7.669,1.494,1.832
0.97589,4.36,4.509,1.742,1.816
0.88846,6.183,6.273,1.578,1.901
0.98764,2.854,2.94,1.44,1.817
0.702,7.634,8.202,1.562,1.846
0.98015,4.096,4.191,1.615,1.832
0.7057,7.229,7.783,1.511,1.855
0.95163,5.044,5.238,1.86,1.9
0.99155,2.548,2.607,1.334,1.829
0.94829,5.333,5.619,1.752,1.904
0.93926,5.313,5.574,1.863,1.9
0.91281,6.119,6.271,1.731,1.906
0.99061,2.522,2.591,1.328,1.832
0.97763,4.197,4.332,1.605,1.831
0.98837,2.769,2.856,1.316,1.841
0.98668,2.841,2.936,1.436,1.819
0.98111,2.965,3.057,1.397,1.844
0.98852,2.745,2.834,1.365,1.814
0.9879,2.779,2.859,1.386,1.826
0.99382,2.456,2.522,1.26,1.84
0.9767,4.13,4.166,1.631,1.838
0.74121,4.337,4.437,1.516,1.823
0.98565,2.842,2.942,1.381,1.827
0.99072,2.548,2.628,1.335,1.82
0.99381,2.406,2.463,1.257,1.827
0.80729,5.047,5.292,1.559,1.84
0.99614,2.446,2.517,1.26,1.836
0.99594,2.56,2.601,1.325,1.834
0.99284,2.5,2.565,1.243,1.58
0.82734,5.589,5.659,1.524,1.857
0.96702,4.917,5.13,1.85,1.894
0.97224,4.7,4.938,1.741,1.835
0.75034,4.056,4.162,1.523,1.834
0.97606,4.367,4.474,1.727,1.831
0.99477,2.518,2.609,1.291,1.821
0.99115,2.584,2.668,1.279,1.828
0.70027,7.455,8,1.494,1.834
0.81069,5.178,5.442,1.52,1.847
0.87707,6.363,6.459,1.549,1.899
0.93285,5.663,5.84,1.779,1.903
0.98629,2.912,3.008,1.388,1.826
0.99421,2.5,2.544,1.255,1.83
0.95245,5.29,5.511,1.969,1.895
0.97091,4.284,4.347,1.576,1.832
0.88157,6.383,6.511,1.577,1.895
0.70135,7.252,7.789,1.5,1.846
0.99087,2.76,2.846,1.302,1.842
0.98929,2.617,2.691,1.337,1.835
0.99394,2.478,2.545,1.304,1.837
0.97209,4.472,4.582,1.742,1.823
0.97333,4.527,4.642,1.733,1.83
0.74853,4.128,4.232,1.526,1.83
0.98486,3.327,3.349,1.46,1.817
0.98466,3.208,3.225,1.448,1.832
0.96672,4.805,5.021,1.715,1.833
0.99569,2.473,2.565,1.245,1.827
0.99379,2.596,2.637,1.333,1.832
0.70435,7.51,8.08,1.564,1.847
0.9603,4.971,5.187,1.86,1.899
0.97797,3.986,4.078,1.614,1.834
0.96842,4.355,4.498,1.621,1.823
0.97739,3.963,4.026,1.63,1.819
0.98126,3.616,3.681,1.539,1.823
0.99265,2.432,2.511,1.275,1.824
0.7887,4.578,4.783,1.522,1.821
0.8327,5.849,5.931,1.513,1.861
0.98531,3.153,3.165,1.451,1.818
0.70601,7.233,7.791,1.554,1.836
0.98382,3.227,3.239,1.406,1.825
0.99577,2.455,2.525,1.258,1.822
0.71121,6.736,7.275,1.506,1.847
0.95871,5.096,5.286,1.826,1.84
0.98543,2.821,2.929,1.422,1.831
0.98019,3.593,3.619,1.537,1.828
0.95739,4.755,4.944,1.715,1.892
0.98651,3.361,3.384,1.525,1.817
0.70546,7.124,7.668,1.509,1.856
0.99038,2.558,2.633,1.297,1.833
0.96715,4.882,5.095,1.849,1.891
0.99044,2.617,2.688,1.281,1.839
0.99342,2.505,2.563,1.301,1.834
0.97406,4.304,4.409,1.72,1.831
0.97923,3.821,3.925,1.634,1.815
0.98909,2.598,2.675,1.343,1.831
0.69589,7.506,8.036,1.498,1.845
0.99442,2.485,2.553,1.267,1.826
0.88334,6.475,6.608,1.576,1.899
0.70367,6.94,7.463,1.537,1.827
0.98007,3.598,3.631,1.492,1.821
0.99049,2.615,2.692,1.339,1.832
0.98653,2.849,2.942,1.388,1.833
0.69381,7.959,8.529,1.555,1.843
0.98,4.007,4.097,1.62,1.831
0.98912,2.578,2.645,1.286,1.843
0.96477,4.841,5.044,1.85,1.885
0.98733,2.917,2.994,1.436,1.826
0.948,5.405,5.702,1.751,1.84
0.70866,6.676,7.196,1.513,1.848
0.75915,3.667,3.781,1.518,1.819
0.7128,6.855,7.41,1.509,2.011
0.99252,2.508,2.573,1.269,1.84
0.95622,5.186,5.387,1.874,1.896
0.98603,3.359,3.409,1.462,1.814
0.98947,2.665,2.747,1.299,1.839
0.9944,2.483,2.571,1.291,1.823
0.99249,2.482,2.546,1.311,1.819
0.70118,7.378,7.923,1.505,1.85
0.7441,4.204,4.3,1.513,1.825
0.96807,4.812,5.036,1.714,1.835
0.99526,2.489,2.56,1.302,1.822
0.98276,3.163,3.174,1.403,1.829
0.98844,2.848,2.946,1.428,1.825
0.83779,5.845,5.923,1.516,1.876
0.70349,7.183,7.723,1.495,1.836
0.7087,6.938,7.482,1.505,1.847
0.98866,2.557,2.643,1.336,1.833
0.99639,2.466,2.559,1.251,1.845
0.98977,2.495,2.557,1.32,1.823
0.98992,2.693,2.762,1.356,1.822
0.98498,2.989,3.09,1.434,1.837
0.99233,2.447,2.536,1.31,1.826
0.9209,5.909,6.064,1.699,1.911
0.95579,5.239,5.423,1.736,1.89
0.96412,4.75,4.948,1.71,1.84
0.97165,4.688,4.794,1.714,1.827
0.99153,2.512,2.578,1.32,1.828
0.99165,2.449,2.525,1.285,1.822
0.98162,3.817,3.873,1.603,1.835
0.91931,5.93,6.206,1.794,1.899
0.98516,2.749,2.838,1.419,1.836
0.95826,4.904,5.13,1.862,1.892
0.87905,6.403,6.531,1.589,1.893
0.97734,3.77,3.821,1.503,1.839
0.78485,4.394,4.605,1.518,1.824
0.89436,6.179,6.468,1.641,1.894
0.97893,4.228,4.366,1.641,1.823
0.94725,5.179,5.365,1.851,1.9
0.93429,5.532,5.779,1.879,1.902
0.92193,6.1,6.447,1.928,1.898
0.90925,6.129,6.302,1.78,1.892
0.99607,2.475,2.546,1.243,1.58
0.99134,2.502,2.587,1.326,1.823
0.98734,2.672,2.748,1.306,1.837
0.931,5.792,6.13,1.898,1.907
0.99274,2.449,2.534,1.266,1.826
0.99493,2.495,2.533,1.298,1.816
0.81761,5.223,5.468,1.57,1.857
0.98715,2.611,2.676,1.28,1.826
0.99194,2.675,2.719,1.301,1.828
0.94941,5.254,5.508,1.872,1.892
0.98272,3.43,3.454,1.52,1.835
0.96872,4.593,4.694,1.716,1.822
0.99346,2.482,2.538,1.3,1.823
0.99078,2.5,2.561,1.266,1.845
0.98462,2.838,2.927,1.383,1.843
0.99232,2.444,2.532,1.31,1.822
0.88494,6.49,6.614,1.586,1.9
0.99119,2.403,2.485,1.277,1.842
0.97581,4.308,4.442,1.6,1.832
0.98244,3.711,3.799,1.5,1.828
0.78385,4.278,4.441,1.556,1.83
0.99056,2.473,2.572,1.32,1.832
0.99113,2.606,2.662,1.345,1.821
0.89434,6.409,6.534,1.62,1.91
0.9781,3.951,4.038,1.618,1.831
0.98962,2.56,2.633,1.34,1.821
0.71533,6.612,7.157,1.504,1.838
0.96394,4.81,5.009,1.848,1.893
0.989,2.458,2.518,1.278,1.829
0.70335,7.501,8.066,1.554,1.835
0.98718,2.801,2.885,1.42,1.836
0.93892,5.607,5.887,1.878,1.899
0.98797,2.959,3.028,1.436,1.831
0.70006,7.653,8.217,1.561,1.845
0.99085,2.536,2.614,1.34,1.815
0.98921,2.558,2.635,1.292,1.836
0.97963,3.705,3.779,1.505,1.824
0.93686,5.589,5.847,1.882,1.892
0.98975,2.655,2.722,1.301,1.825
0.98969,2.507,2.605,1.269,1.833
0.99107,2.57,2.647,1.338,1.825
0.99074,2.66,2.737,1.292,1.832
0.99061,2.581,2.658,1.337,1.834
0.97764,4.169,4.294,1.642,1.821
0.91648,5.994,6.262,1.819,1.901
0.9601,4.816,5.025,1.725,1.844
0.74824,4.292,4.4,1.53,1.826
0.99439,2.539,2.577,1.301,1.832
0.97121,4.603,4.824,1.749,1.884
0.88971,6.065,6.435,1.597,1.897
0.94604,5.249,5.526,1.75,1.898
0.96777,4.738,4.95,1.847,1.828
0.98968,2.559,2.632,1.297,1.845
0.9914,2.485,2.571,1.284,1.821
0.91181,5.946,6.315,1.719,1.904
0.70409,7.458,8.022,1.547,1.825
0.88244,6.372,6.5,1.572,1.89
0.99294,2.507,2.581,1.287,1.824
0.98736,2.738,2.811,1.286,1.837
0.92922,5.798,5.989,1.871,1.898
0.99373,2.473,2.526,1.254,1.823
0.96897,4.61,4.831,1.752,1.83
0.99397,2.549,2.622,1.321,1.833
0.99219,2.565,2.622,1.335,1.825
0.90034,6.227,6.592,1.643,1.891
0.96633,5.009,5.22,1.831,1.904
0.98402,3.244,3.27,1.457,1.824
0.99384,2.517,2.578,1.318,1.835
0.99267,2.466,2.533,1.278,1.83
0.98451,2.862,2.968,1.383,1.82
0.70272,7.351,7.901,1.509,1.854
0.98892,2.831,2.93,1.389,1.833
0.98554,3.223,3.234,1.409,1.824
0.91866,5.973,6.144,1.806,1.902
0.9735,4.5,4.612,1.744,1.821
0.95245,5.315,5.586,1.972,1.898
0.94881,5.252,5.468,1.877,1.899
0.88343,6.327,6.447,1.615,1.908
0.99485,2.459,2.528,1.302,1.819
0.99019,2.603,2.678,1.339,1.818
0.98009,3.657,3.732,1.505,1.824
0.99085,2.547,2.627,1.34,1.816
0.91633,6.018,6.179,1.808,1.902
0.98918,2.674,2.755,1.351,1.826
0.96295,4.71,4.919,1.739,1.9
0.9952,2.518,2.588,1.242,1.585
0.89818,6.232,6.569,1.644,1.897
0.97539,3.996,4.056,1.594,1.826
0.9932,2.395,2.459,1.257,1.824
0.99419,2.476,2.543,1.31,1.829
0.98342,3.621,3.65,1.533,1.829
0.98649,2.756,2.838,1.379,1.843
0.96311,4.913,5.166,1.737,1.829
0.96285,4.719,4.828,1.61,1.844
0.76152,3.72,3.842,1.539,1.829
0.99598,2.469,2.54,1.245,1.588
0.92323,5.822,5.981,1.777,1.909
0.93023,5.815,5.983,1.778,1.899
0.9897,2.603,2.672,1.281,1.844
0.70584,7.122,7.668,1.509,2.025
0.99428,2.433,2.498,1.265,1.824
0.94791,5.556,5.758,1.974,1.899
0.98949,2.594,2.668,1.338,1.835
0.69326,7.82,8.387,1.551,1.839
0.98755,2.797,2.878,1.3,1.826
0.99444,2.526,2.565,1.3,1.832
0.97555,4.317,4.446,1.725,1.823
0.96199,5.028,5.263,1.86,1.832
0.98417,2.927,3.029,1.367,1.844
0.98459,2.764,2.871,1.309,1.832
0.98812,2.558,2.654,1.339,1.825
0.98922,2.58,2.653,1.338,1.823
0.99373,2.476,2.53,1.252,1.827
0.9188,5.974,6.273,1.814,1.89
0.99316,2.477,2.563,1.294,1.827
0.98561,2.823,2.913,1.426,1.831
0.98119,3.645,3.729,1.548,1.82
0.99401,2.533,2.59,1.318,1.83
0.9957,2.483,2.553,1.246,1.59
0.69562,7.789,8.34,1.559,1.849
0.98584,2.788,2.87,1.314,1.844
0.9938,2.573,2.656,1.339,1.815
0.99211,2.488,2.564,1.327,1.818
0.9899,2.696,2.766,1.356,1.821
0.70862,6.587,7.101,1.504,1.845
0.98672,2.682,2.752,1.288,1.841
0.8587,6.151,6.54,1.579,1.891
0.7067,7.33,7.899,1.56,1.842
0.9622,4.774,4.977,1.713,1.832
0.9895,2.607,2.681,1.339,1.82
0.89896,6.155,6.535,1.679,1.898
0.78427,4.373,4.583,1.528,1.833
0.97632,4.155,4.274,1.652,1.815
0.98491,3.142,3.158,1.448,1.821
0.9808,3.348,3.368,1.409,1.831
0.71831,6.29,6.818,1.505,1.837
0.99402,2.468,2.517,1.256,1.834
0.99614,2.487,2.559,1.247,1.594
0.99115,2.691,2.777,1.306,1.835
0.95709,4.988,5.174,1.742,1.903
0.71113,7.038,7.601,1.513,1.854
0.95828,4.974,5.186,1.872,1.834
0.9838,3.002,3.101,1.441,1.836
0.69541,7.66,8.198,1.508,1.857
0.98691,2.8,2.89,1.386,1.823
0.98851,2.729,2.817,1.361,1.821
0.9619,4.998,5.229,1.86,1.896
0.71849,5.846,6.336,1.527,1.852
0.9936,2.507,2.577,1.276,1.832
0.98627,2.842,2.935,1.428,1.827
0.90872,6.176,6.351,1.712,1.894
0.93498,5.619,5.867,1.901,1.897
0.71531,6.596,7.138,1.509,1.842
0.98157,3.61,3.654,1.539,1.824
0.70181,7.399,7.947,1.498,1.84
0.97121,4.554,4.673,1.696,1.844
0.97647,3.917,3.958,1.499,1.835
0.96155,4.98,5.207,1.859,1.891
0.98985,2.528,2.595,1.329,1.826
0.99397,2.43,2.497,1.266,1.823
0.99072,2.634,2.711,1.341,1.821
0.98723,2.781,2.863,1.419,1.834
0.94331,5.475,5.783,1.87,1.899
0.98674,2.712,2.795,1.361,1.823
0.99179,2.525,2.589,1.305,1.836
0.70319,7.361,7.915,1.551,1.835
0.98323,3.025,3.061,1.403,1.821
0.83332,5.709,5.781,1.537,1.869
0.98878,2.782,2.863,1.309,1.835
0.95246,5.028,5.223,1.857,1.892
0.99401,2.462,2.528,1.247,1.59
0.97238,4.503,4.616,1.748,1.825
0.99124,2.487,2.584,1.272,1.821
0.99187,2.469,2.531,1.312,1.829
0.69774,7.287,7.81,1.538,1.828
0.99104,2.525,2.595,1.331,1.816
0.99156,2.562,2.634,1.329,1.833
0.78671,4.374,4.568,1.561,1.838
0.90739,6.208,6.386,1.719,1.896
0.98037,3.079,3.203,1.404,1.844
0.90479,6.119,6.472,1.645,1.898
0.97599,4.14,4.263,1.641,1.822
0.70677,7.269,7.83,1.511,1.932
0.98635,2.82,2.912,1.388,1.838
0.95471,5.067,5.266,1.855,1.893
0.71279,6.858,7.413,1.513,2.02
0.96724,4.692,4.902,1.848,1.895
0.96983,4.728,4.835,1.7,1.837
0.88738,6.301,6.567,1.609,1.897
0.97773,3.602,3.65,1.484,1.829
0.98361,3.454,3.508,1.53,1.823
0.91072,6.156,6.325,1.783,1.893
0.99575,2.487,2.579,1.29,1.821
0.99708,2.479,2.521,1.298,1.819
0.84409,5.798,6.017,1.523,1.89
0.98897,2.72,2.8,1.353,1.833
0.71027,6.801,7.341,1.498,1.836
0.97668,3.835,3.907,1.498,1.824
0.99417,2.486,2.574,1.292,1.815
0.99224,2.554,2.619,1.241,1.59
0.96098,4.983,5.206,1.86,1.898
0.94966,5.139,5.327,1.852,1.902
0.75013,4.241,4.352,1.547,1.833
0.99094,2.56,2.636,1.34,1.816
0.98695,2.758,2.836,1.43,1.818
0.98669,2.79,2.875,1.427,1.828
0.95749,4.943,5.132,1.828,1.903
0.70491,7.253,7.805,1.497,2.006
0.98297,3.149,3.162,1.444,1.835
0.98925,2.761,2.851,1.322,1.822
0.97582,4.321,4.437,1.721,1.826
0.94303,5.39,5.682,1.863,1.901
0.99018,2.521,2.619,1.269,1.837
0.9852,2.984,2.993,1.447,1.817
0.98958,2.571,2.638,1.285,1.834
0.8865,6.528,6.652,1.586,1.901
0.99324,2.467,2.535,1.278,1.822
0.90828,6.236,6.407,1.725,1.897
0.99167,2.531,2.597,1.274,1.837
0.98295,3.009,3.036,1.404,1.821
0.78445,4.458,4.641,1.549,1.817
0.99332,2.469,2.545,1.309,1.824
0.95339,5.231,5.409,1.737,1.89
0.91518,5.98,6.144,1.81,1.904
0.70534,7.388,7.954,1.559,1.842
0.99167,2.532,2.599,1.321,1.829
0.84117,5.856,5.934,1.513,1.876
0.9378,5.65,5.895,1.896,1.896
0.8938,6.28,6.61,1.68,1.895
0.99478,2.491,2.581,1.245,1.826
0.96407,4.673,4.819,1.586,1.842
0.81814,5.236,5.698,1.531,1.854
0.92905,5.868,6.062,1.885,1.898
0.85849,6.246,6.331,1.585,1.9
0.99174,2.546,2.611,1.252,1.834
0.99382,2.493,2.581,1.291,1.817
0.76871,3.18,3.57,1.516,1.838
0.97547,3.895,3.988,1.622,1.837
0.71479,6.744,7.299,1.512,1.85
0.92758,5.61,5.936,1.776,1.903
0.99472,2.494,2.563,1.311,1.823
0.79413,4.565,4.98,1.556,1.842
0.98418,2.877,2.966,1.381,1.843
0.96294,4.765,4.991,1.739,1.903
0.98563,2.854,2.938,1.309,1.843
0.97311,4.184,4.247,1.589,1.826
0.99015,2.587,2.662,1.338,1.821
0.97211,4.684,4.801,1.695,1.842
0.93533,5.569,5.881,1.778,1.897
0.71507,6.492,7.026,1.545,1.823
0.98034,3.251,3.27,1.406,1.835
0.98981,2.599,2.674,1.338,1.829
0.96881,4.58,4.792,1.756,1.887
0.99364,2.477,2.564,1.292,1.817
0.89707,6.166,6.275,1.578,1.896
0.98699,2.87,2.959,1.379,1.826
0.98172,3.6,3.627,1.53,1.829
0.7112,6.857,7.406,1.511,1.853
0.90046,6.195,6.575,1.678,1.902
0.98963,2.699,2.782,1.35,1.824
0.98879,2.734,2.823,1.358,1.828
0.99152,2.445,2.507,1.313,1.817
0.99546,2.487,2.558,1.259,1.841
0.9926,2.532,2.601,1.328,1.826
0.98914,2.615,2.689,1.336,1.838
0.71103,6.945,7.5,1.505,1.995
0.9136,6.292,6.461,1.8,1.9
0.89524,6.308,6.642,1.671,1.896
0.94204,5.516,5.851,1.747,1.838
0.80748,4.964,5.349,1.528,1.835
0.9295,5.826,6.018,1.875,1.896
0.99233,2.44,2.503,1.27,1.831
0.99574,2.515,2.586,1.288,1.572
0.97908,3.343,3.376,1.401,1.835
0.99105,2.635,2.701,1.345,1.832
0.96685,4.537,4.741,1.763,1.885
0.70262,7.628,8.198,1.56,1.843
0.99365,2.524,2.58,1.282,1.82
0.9871,2.882,2.977,1.423,1.837
0.99648,2.509,2.583,1.287,1.572
0.98527,2.837,2.927,1.424,1.837
0.96803,4.706,4.907,1.852,1.893
0.99246,2.571,2.637,1.263,1.83
0.94768,5.482,5.679,1.956,1.89
0.69936,7.743,8.307,1.561,1.848
0.95148,5.288,5.53,1.874,1.894
0.99456,2.446,2.501,1.276,1.82
0.98558,2.794,2.876,1.316,1.832
0.7507,4.085,4.193,1.517,1.827
0.95639,5.118,5.305,1.738,1.904
0.71184,6.936,7.493,1.505,1.842
0.71099,6.836,7.383,1.501,1.839
0.93766,5.563,5.845,1.875,1.893
0.92527,5.594,5.819,1.802,1.898
0.99228,2.533,2.618,1.247,1.845
0.76352,3.485,3.605,1.551,1.841
0.70358,7.293,7.842,1.495,1.862
0.98353,3.076,3.107,1.398,1.823
0.99335,2.506,2.574,1.317,1.826
0.92954,5.795,5.984,1.869,1.892
0.99272,2.536,2.602,1.243,1.593
0.69959,7.461,8.006,1.506,1.852
0.98717,2.648,2.723,1.307,1.834
0.98217,3.18,3.194,1.449,1.83
0.7451,4.357,4.459,1.546,1.828
0.98876,2.667,2.741,1.29,1.843
0.99575,2.508,2.601,1.243,1.82
0.70301,7.226,7.768,1.492,1.832
0.9831,3.135,3.152,1.451,1.822
0.70436,7.132,7.672,1.499,1.843
0.99432,2.557,2.627,1.243,1.592
0.98799,2.668,2.745,1.36,1.819
0.99198,2.478,2.544,1.276,1.828
0.99222,2.561,2.649,1.26,1.84
0.9589,5.14,5.348,1.853,1.891
0.78518,4.342,4.546,1.526,1.819
0.97857,4.182,4.308,1.651,1.815
0.99311,2.483,2.545,1.3,1.82
0.98517,2.74,2.831,1.425,1.824
0.99108,2.517,2.605,1.326,1.827
0.97141,4.151,4.239,1.592,1.822
0.98158,3.823,3.901,1.627,1.819
0.99455,2.497,2.586,1.25,1.845
0.99399,2.524,2.571,1.301,1.836
0.96988,4.615,4.836,1.743,1.828
0.95291,5.065,5.331,1.843,1.901
0.86478,6.095,6.484,1.525,1.889
0.96699,4.758,4.982,1.851,1.833
0.96706,4.69,4.901,1.718,1.83
0.99519,2.527,2.598,1.31,1.827
0.9928,2.466,2.531,1.254,1.821
0.99734,2.476,2.558,1.29,1.818
0.98674,2.755,2.836,1.427,1.819
0.99349,2.525,2.591,1.266,1.832
0.98397,3.653,3.679,1.537,1.828
0.88545,6.203,6.299,1.575,1.909
0.9811,2.967,3.085,1.385,1.844
0.9953,2.463,2.553,1.291,1.819
0.99497,2.504,2.551,1.272,1.824
0.99098,2.507,2.579,1.337,1.815
0.89774,6.2,6.53,1.639,1.889
0.94547,5.462,5.657,1.866,1.894
0.98901,2.535,2.607,1.34,1.821
0.88207,6.037,6.402,1.594,1.897
0.91162,6.113,6.257,1.726,1.9
0.96131,4.771,4.969,1.847,1.894
0.9869,2.739,2.817,1.301,1.834
0.98805,2.791,2.879,1.355,1.834
0.98726,2.786,2.873,1.321,1.821
0.98512,2.828,2.91,1.316,1.829
0.69896,7.365,7.9,1.503,1.851
0.97953,3.788,3.846,1.618,1.823
0.74387,4.311,4.408,1.531,1.833
0.98589,3.231,3.247,1.472,1.836
0.99338,2.472,2.538,1.306,1.835
0.98816,2.668,2.746,1.307,1.828
0.91718,5.986,6.271,1.82,1.895
0.94308,5.468,5.767,1.864,1.902
0.94762,5.513,5.711,1.964,1.895
0.99085,2.735,2.83,1.362,1.818
0.98424,3.012,3.116,1.391,1.831
0.96464,4.865,5.069,1.858,1.887
0.99525,2.466,2.515,1.264,1.822
0.98443,2.883,2.993,1.375,1.834
0.76168,3.546,3.661,1.548,1.844
0.99275,2.541,2.61,1.322,1.837
0.82933,5.73,5.807,1.54,1.872
0.82952,5.543,5.604,1.558,1.864
0.85423,6.033,6.396,1.56,1.899
0.99139,2.495,2.56,1.323,1.833
0.95926,4.97,5.206,1.861,1.843
0.97897,4.395,4.464,1.707,1.837
0.98809,2.751,2.839,1.359,1.83
0.85444,6.12,6.201,1.578,1.897
0.99052,2.557,2.626,1.283,1.836
0.82601,5.669,5.741,1.513,1.86
0.70854,7.053,7.606,1.496,1.983
0.97611,4.217,4.363,1.597,1.836
0.99115,2.589,2.666,1.295,1.832
0.99438,2.479,2.546,1.291,1.577
0.71055,7.037,7.597,1.506,1.844
0.98441,3.122,3.135,1.446,1.826
0.95025,5.221,5.472,1.864,1.893
0.98443,3.324,3.344,1.461,1.816
0.98856,2.725,2.8,1.287,1.841
0.7603,3.606,3.72,1.528,1.825
0.99106,2.53,2.593,1.314,1.825
0.99373,2.598,2.667,1.251,1.837
0.92055,5.93,6.236,1.883,1.896
0.99126,2.512,2.578,1.321,1.814
0.99356,2.441,2.505,1.268,1.834
0.90688,6.22,6.392,1.728,1.9
0.7894,4.558,4.769,1.52,1.824
0.83672,5.636,5.895,1.553,1.883
0.98516,2.891,2.98,1.43,1.836
0.98856,2.707,2.787,1.346,1.834
0.94755,5.523,5.725,1.968,1.897
0.97171,4.506,4.613,1.734,1.834
0.9805,3.797,3.852,1.569,1.842
0.99164,2.459,2.541,1.301,1.823
0.97493,4.559,4.67,1.737,1.834
0.99626,2.497,2.59,1.293,1.83
0.9922,2.451,2.543,1.265,1.822
0.98343,3.201,3.212,1.451,1.827
0.98439,3.118,3.134,1.446,1.822
0.9123,5.891,6.224,1.719,1.896
0.96761,4.574,4.776,1.747,1.833
0.96372,4.854,5.059,1.85,1.835
0.96775,4.665,4.795,1.696,1.841
0.97734,4.375,4.487,1.715,1.831
0.98994,2.558,2.65,1.28,1.84
0.73792,5.175,5.338,1.526,1.847
0.91947,5.983,6.283,1.807,1.896
0.96836,4.598,4.702,1.707,1.833
0.70419,7.146,7.689,1.506,1.852
0.98825,2.683,2.756,1.291,1.835
0.97111,4.634,4.859,1.75,1.825
0.97357,4.537,4.65,1.754,1.821
0.95272,5.33,5.599,1.97,1.895
0.99303,2.492,2.569,1.263,1.824
0.89629,6.232,6.538,1.647,1.892
0.99152,2.738,2.785,1.311,1.842
0.99151,2.553,2.62,1.273,1.822
0.99228,2.521,2.586,1.294,1.822
0.72618,5.255,5.718,1.534,1.851
0.97552,4.481,4.605,1.68,1.838
0.95555,5.015,5.194,1.743,1.901
0.99358,2.421,2.485,1.259,1.827
0.97428,4.166,4.319,1.638,1.834
0.98608,2.794,2.899,1.306,1.839
0.99435,2.497,2.565,1.247,1.591
0.98469,3.453,3.466,1.528,1.826
0.70097,7.612,8.175,1.552,1.835
0.92218,5.965,6.291,1.887,1.899
0.98157,3.82,3.865,1.612,1.827
0.91697,5.899,6.271,1.713,1.903
0.99388,2.504,2.574,1.279,1.843
0.93652,5.572,5.82,1.878,1.902
0.99214,2.557,2.635,1.298,1.827
0.96409,4.783,4.878,1.634,1.823
0.93399,5.594,5.826,1.896,1.895
0.99498,2.547,2.617,1.242,1.587
0.99146,2.58,2.652,1.327,1.835
0.96024,4.996,5.265,1.731,1.832
0.98401,3.085,3.141,1.403,1.831
0.95955,4.971,5.203,1.86,1.901
0.9826,2.999,3.03,1.441,1.832
0.94448,5.405,5.685,1.87,1.905
0.98832,2.626,2.698,1.336,1.837
0.99332,2.529,2.587,1.252,1.836
0.99495,2.55,2.62,1.244,1.594
0.97381,4.2,4.28,1.575,1.837
0.99133,2.491,2.556,1.279,1.842
0.98265,3.309,3.331,1.462,1.817
0.97964,4.01,4.081,1.593,1.831
0.92892,5.742,6.075,1.802,1.897
0.74063,4.579,4.69,1.524,1.83
0.88744,6.35,6.468,1.614,1.903
0.93967,5.374,5.552,1.757,1.892
0.9839,2.88,2.973,1.441,1.826
0.99054,2.57,2.645,1.34,1.825
0.93878,5.295,5.533,1.865,1.902
0.87801,6.349,6.459,1.615,1.906
0.90683,6.154,6.495,1.757,1.904
0.98826,2.695,2.768,1.29,1.837
0.99264,2.405,2.489,1.269,1.836
0.90875,6.249,6.419,1.728,1.892
0.97731,4.138,4.273,1.638,1.825
0.94495,5.524,5.721,1.887,1.899
0.91016,6.138,6.309,1.78,1.89
0.98806,2.592,2.672,1.345,1.824
0.76311,3.226,3.564,1.517,1.843
0.97909,3.632,3.659,1.483,1.842
0.70294,7.587,8.155,1.561,1.845
0.98849,2.802,2.877,1.419,1.832
0.98994,2.551,2.619,1.328,1.834
0.97743,4.193,4.352,1.632,1.835
0.98702,2.848,2.943,1.427,1.831
0.9903,2.573,2.642,1.33,1.833
0.98336,3.325,3.347,1.465,1.817
0.97804,3.915,4.008,1.617,1.836
0.98682,2.739,2.816,1.304,1.831
0.70354,7.218,7.761,1.501,1.846
0.98152,3.634,3.707,1.545,1.816
0.99354,2.588,2.659,1.321,1.833
0.94337,5.46,5.654,1.875,1.898
0.69758,7.501,8.039,1.492,1.833
0.96185,4.898,5.141,1.736,1.899
0.98958,2.464,2.571,1.26,1.825
0.9549,5.13,5.377,1.844,1.905
0.89641,6.233,6.56,1.655,1.895
0.98644,2.661,2.73,1.289,1.829
0.71149,6.658,7.193,1.495,1.832
0.98378,2.898,3.004,1.44,1.824
0.98513,3.257,3.281,1.453,1.823
0.98786,2.774,2.86,1.316,1.838
0.982,3.679,3.761,1.544,1.819
0.69852,7.679,8.238,1.559,1.846
0.96505,4.832,5.045,1.712,1.836
0.95709,5.173,5.375,1.868,1.897
0.99025,2.616,2.685,1.344,1.826
0.95817,5.042,5.234,1.828,1.901
0.9945,2.499,2.567,1.312,1.835
0.71456,6.506,7.039,1.545,1.832
0.9899,2.548,2.615,1.329,1.831
0.82951,5.308,5.547,1.547,1.863
0.9551,5.1,5.333,1.845,1.86
0.99378,2.514,2.581,1.265,1.832
0.95089,5.282,5.53,1.876,1.894
0.92499,5.936,6.093,1.779,1.9
0.98121,3.793,3.846,1.609,1.831
0.98926,2.513,2.579,1.329,1.835
0.99059,2.498,2.583,1.285,1.843
0.99349,2.463,2.519,1.3,1.814
0.99146,2.666,2.726,1.301,1.836
0.92191,5.964,6.304,1.888,1.895
0.97519,3.988,4.076,1.579,1.84
0.98925,2.577,2.65,1.338,1.822
0.9648,4.681,4.886,1.86,1.895
0.98947,2.71,2.779,1.313,1.831
0.94903,5.302,5.591,1.751,1.898
0.8525,6.081,6.441,1.55,1.893
0.7043,7.204,7.751,1.504,1.848
0.91502,6.25,6.424,1.78,1.891
0.98744,3.172,3.184,1.412,1.824
0.70459,7.125,7.665,1.492,1.998
0.96847,4.775,4.973,1.849,1.834
0.95405,5.196,5.513,1.729,1.902
0.98519,3.143,3.165,1.415,1.822
0.94042,5.45,5.641,1.893,1.892
0.98783,2.798,2.874,1.42,1.837
0.69415,7.843,8.394,1.548,1.833
0.99298,2.508,2.577,1.319,1.824
0.94116,5.42,5.715,1.864,1.9
0.97753,4.164,4.32,1.627,1.834
0.82796,5.513,5.583,1.509,1.867
0.9902,2.641,2.718,1.345,1.833
0.9898,2.638,2.713,1.336,1.833
0.70273,7.445,8.004,1.559,1.846
0.96216,4.877,5.076,1.715,1.893
0.99148,2.484,2.549,1.32,1.822
0.99168,2.558,2.621,1.336,1.826
0.98353,3.881,3.932,1.618,1.829
0.97255,4.451,4.563,1.75,1.818
0.95579,5.133,5.334,1.86,1.898
0.98396,3.515,3.562,1.533,1.819
0.98836,2.534,2.599,1.329,1.827
0.99286,2.556,2.626,1.32,1.828
0.97824,3.035,3.159,1.387,1.834
0.76292,3.33,3.467,1.514,1.841
0.88108,6.353,6.481,1.575,1.896
0.709,6.948,7.495,1.502,1.843
0.99579,2.517,2.588,1.247,1.593
0.99256,2.459,2.546,1.309,1.815
0.97717,4.132,4.278,1.632,1.829
0.98621,2.739,2.822,1.361,1.825
0.75613,3.876,3.989,1.531,1.826
0.98566,3.316,3.342,1.46,1.822
0.93554,5.559,5.813,1.882,1.897
0.99314,2.512,2.581,1.32,1.815
0.96183,4.77,4.966,1.849,1.884
0.98349,3.031,3.094,1.4,1.837
0.98976,2.628,2.704,1.338,1.834
0.98382,3.045,3.088,1.396,1.825
0.97605,4.149,4.276,1.639,1.823
0.95386,5.074,5.271,1.858,1.895
0.96809,4.767,4.984,1.72,1.891
0.99321,2.477,2.543,1.291,1.577
0.96932,4.815,5.036,1.85,1.832
0.98626,2.714,2.797,1.358,1.831
0.71724,6.568,7.116,1.51,1.846
0.94216,5.463,5.808,1.749,1.903
0.91027,6.322,6.493,1.817,1.9
0.9562,4.877,5.076,1.865,1.889
0.99466,2.494,2.531,1.298,1.819
0.98583,2.81,2.895,1.435,1.818
0.70378,7.322,7.873,1.505,1.847
0.99105,2.7,2.786,1.307,1.824
0.98782,2.725,2.811,1.355,1.836
0.99154,2.512,2.596,1.329,1.817
0.98752,2.664,2.741,1.346,1.835
0.98983,2.644,2.723,1.345,1.828
0.97879,3.581,3.662,1.541,1.82
0.97312,4.172,4.255,1.57,1.841
0.98342,2.951,3.06,1.39,1.839
0.99353,2.46,2.528,1.318,1.821
0.94655,5.481,5.682,1.967,1.896
0.99378,2.519,2.587,1.312,1.821
0.99308,2.457,2.521,1.268,1.828
0.99421,2.488,2.553,1.262,1.831
0.9749,4.581,4.7,1.738,1.831
0.96317,4.854,5.099,1.734,1.835
0.96584,4.732,4.937,1.86,1.833
0.70512,7.191,7.738,1.494,1.927
0.99238,2.595,2.676,1.337,1.824
0.91881,5.989,6.31,1.817,1.898
0.99522,2.519,2.59,1.312,1.826
0.99228,2.472,2.535,1.264,1.822
0.98991,2.58,2.648,1.285,1.84
0.98476,3.255,3.281,1.454,1.823
0.96626,4.799,5.024,1.826,1.831
0.71648,5.861,6.346,1.506,1.84
0.94103,5.442,5.735,1.871,1.9
0.97665,4.142,4.265,1.614,1.824
0.97287,4.446,4.557,1.745,1.817
0.97581,4.327,4.449,1.724,1.825
0.99176,2.426,2.49,1.279,1.829
0.97389,3.95,4.067,1.513,1.822
0.99411,2.495,2.558,1.31,1.82
0.99326,2.523,2.61,1.293,1.835
0.93976,5.61,5.791,1.877,1.9
0.99286,2.486,2.551,1.303,1.823
0.98829,2.86,2.958,1.427,1.828
0.96497,4.683,4.886,1.721,1.895
0.98738,2.598,2.667,1.294,1.823
0.9883,2.712,2.8,1.364,1.817
0.91706,6.085,6.22,1.693,1.904
0.98869,2.877,2.946,1.371,1.843
0.96206,5.011,5.206,1.825,1.896
0.75819,3.694,3.806,1.519,1.821
0.92714,5.862,6.047,1.894,1.896
0.96746,4.706,4.933,1.848,1.892
0.99451,2.456,2.544,1.291,1.819
0.99084,2.556,2.647,1.28,1.831
0.98962,2.622,2.698,1.304,1.83
0.95863,4.965,5.191,1.87,1.895
0.99443,2.483,2.544,1.267,1.843
0.99164,2.454,2.55,1.311,1.83
0.94891,5.534,5.733,1.962,1.895
0.95081,5.32,5.497,1.73,1.841
0.97535,4.324,4.437,1.715,1.83
0.98077,3.817,3.862,1.61,1.828
0.99295,2.456,2.532,1.275,1.832
0.89616,6.268,6.623,1.669,1.892
0.96562,4.797,5.009,1.714,1.836
0.94889,5.225,5.469,1.871,1.899
0.98621,2.585,2.672,1.305,1.827
0.99387,2.443,2.499,1.257,1.834
0.75615,3.826,3.937,1.527,1.835
0.70618,7.105,7.651,1.502,1.844
0.88314,6.461,6.592,1.58,1.895
0.98742,2.782,2.881,1.307,1.84
0.98887,2.752,2.842,1.358,1.826
0.99375,2.458,2.524,1.26,1.834
0.99406,2.483,2.55,1.289,1.574
0.98757,2.865,2.961,1.386,1.836
0.99462,2.524,2.593,1.289,1.58
0.989,2.59,2.662,1.338,1.823
0.80998,5.21,5.789,1.543,1.846
0.92682,5.725,5.916,1.869,1.891
0.99001,2.585,2.66,1.337,1.834
0.89042,6.347,6.469,1.606,1.897
0.91745,5.869,6.213,1.724,1.9
0.8004,4.672,4.891,1.527,1.834
0.71168,7.028,7.592,1.512,2.025
0.97941,3.797,3.904,1.626,1.814
0.81975,5.281,5.522,1.542,1.853
0.93884,5.59,5.88,1.876,1.893
0.92175,6.026,6.353,1.899,1.898
0.99021,2.553,2.627,1.298,1.827
0.98287,2.988,3.066,1.438,1.832
0.98517,3.186,3.196,1.411,1.823
0.84074,5.998,6.078,1.561,1.88
0.90055,6.298,6.662,1.727,1.896
0.98966,2.582,2.65,1.282,1.844
0.98864,2.676,2.756,1.35,1.827
0.99056,2.478,2.541,1.277,1.831
0.99064,2.552,2.638,1.281,1.843
0.98082,3.824,3.916,1.62,1.82
0.98832,2.773,2.861,1.358,1.826
0.98332,3.287,3.308,1.41,1.832
0.96047,4.843,5.077,1.735,1.833
0.70614,7.322,7.887,1.557,1.839
0.98322,2.877,2.993,1.377,1.831
0.9495,5.291,5.48,1.852,1.893
0.98016,3.965,4.02,1.566,1.84
0.9367,5.507,5.687,1.872,1.899
0.9888,2.554,2.625,1.34,1.816
0.98852,2.648,2.734,1.286,1.836
0.69971,7.413,7.954,1.506,1.851
0.69346,7.794,8.354,1.55,1.837
0.89543,6.301,6.645,1.673,1.898
0.87704,6.351,6.46,1.553,1.902
0.91122,6.159,6.311,1.734,1.902
0.99254,2.427,2.49,1.258,1.828
0.98586,2.944,2.955,1.439,1.823
0.78869,4.58,4.79,1.526,1.839
0.99166,2.421,2.504,1.277,1.84
0.98548,2.849,2.939,1.386,1.839
0.70391,7.478,8.044,1.552,1.833
0.97052,4.659,4.782,1.692,1.845
0.99433,2.541,2.631,1.294,1.836
0.69963,7.457,8.002,1.546,1.831
0.70446,7.307,7.861,1.508,1.851
0.96887,4.761,4.974,1.854,1.868
0.99423,2.483,2.545,1.309,1.832
0.88759,6.44,6.551,1.622,1.905
0.96011,4.995,5.234,1.867,1.901
0.99326,2.508,2.569,1.328,1.821
0.99444,2.438,2.525,1.248,1.825
0.70113,7.282,7.822,1.494,1.837
0.98564,2.683,2.764,1.359,1.83
0.99395,2.414,2.485,1.267,1.828
0.96152,4.799,4.992,1.849,1.885
0.9635,4.817,5.019,1.849,1.893
0.99386,2.488,2.555,1.31,1.816
0.70971,6.979,7.532,1.512,1.855
0.71773,6.205,6.723,1.522,1.851
0.71287,6.697,7.24,1.509,1.85
0.89752,6.173,6.526,1.685,1.906
0.98724,2.738,2.823,1.361,1.834
0.98795,2.543,2.612,1.339,1.825
0.99379,2.512,2.579,1.29,1.584
0.87775,6.455,6.583,1.607,1.892
0.70356,7.368,7.924,1.548,1.829
0.94982,5.356,5.661,1.752,1.902
0.99379,2.476,2.562,1.294,1.834
0.97603,4.203,4.347,1.599,1.835
0.96696,4.696,4.888,1.852,1.824
0.99538,2.508,2.578,1.291,1.588
0.96818,4.744,4.939,1.858,1.847
0.98786,2.705,2.783,1.304,1.835
0.71987,5.945,6.448,1.513,1.839
0.99216,2.483,2.574,1.311,1.827
0.99079,2.529,2.598,1.286,1.838
0.9714,4.283,4.436,1.624,1.821
0.86982,6.172,6.531,1.576,1.903
0.9286,5.898,6.091,1.896,1.895
0.99323,2.462,2.523,1.252,1.824
0.9921,2.485,2.549,1.312,1.826
0.9355,5.672,5.845,1.865,1.899
0.9953,2.514,2.585,1.31,1.817
0.99315,2.433,2.496,1.268,1.835
0.99488,2.501,2.57,1.259,1.843
0.93707,5.62,5.883,1.888,1.901
0.98469,2.672,2.79,1.299,1.831
0.89827,6.232,6.574,1.645,1.892
0.97901,3.78,3.831,1.572,1.839
0.99147,2.501,2.58,1.284,1.841
0.99258,2.477,2.541,1.254,1.824
0.99483,2.459,2.528,1.311,1.814
0.96293,5.011,5.238,1.858,1.895
0.93992,5.524,5.809,1.873,1.895
0.8784,6.416,6.546,1.591,1.902
0.70984,6.97,7.522,1.512,1.854
0.70805,6.56,7.069,1.503,1.833
0.99615,2.495,2.566,1.248,1.596
0.69668,7.581,8.12,1.499,2.009
0.70863,6.938,7.481,1.505,1.847
0.96237,4.74,4.947,1.737,1.831
0.90386,6.046,6.345,1.676,1.898
0.93612,5.518,5.769,1.87,1.894
0.99388,2.485,2.551,1.27,1.839
0.93,5.907,6.097,1.887,1.899
0.99271,2.443,2.52,1.276,1.842
0.99806,2.417,2.493,1.248,1.824
0.99463,2.536,2.606,1.288,1.574
0.93104,5.77,5.937,1.783,1.899
0.98626,2.815,2.914,1.428,1.823
0.98861,2.664,2.743,1.349,1.822
0.98389,3.246,3.266,1.451,1.835
0.93581,5.509,5.747,1.868,1.891
0.99113,2.522,2.585,1.264,1.834
0.97918,3.418,3.433,1.482,1.836
0.99366,2.486,2.556,1.265,1.83
0.98838,2.804,2.893,1.354,1.835
0.98696,2.803,2.889,1.314,1.84
0.99363,2.497,2.567,1.276,1.826
0.99131,2.551,2.617,1.292,1.843
0.87653,6.197,6.541,1.581,1.9
0.97942,3.609,3.641,1.489,1.84
0.78501,4.391,4.596,1.531,1.83
0.98958,2.746,2.817,1.353,1.83
0.70534,7.282,7.838,1.505,1.847
0.98397,3.181,3.196,1.407,1.827
0.9625,4.812,5.016,1.858,1.893
0.98622,2.903,2.98,1.44,1.825
0.94697,5.216,5.45,1.881,1.896
0.93839,5.63,5.809,1.873,1.898
0.99255,2.484,2.548,1.267,1.821
0.99228,2.529,2.601,1.328,1.82
0.7579,3.798,3.912,1.528,1.835
0.98044,3.705,3.757,1.606,1.837
0.96914,4.604,4.825,1.746,1.831
0.98057,4.007,4.08,1.625,1.824
0.97575,4.235,4.336,1.587,1.843
0.99282,2.503,2.569,1.303,1.825
0.98158,3.842,3.879,1.616,1.823
0.97256,4.666,4.901,1.753,1.829
0.94369,5.403,5.597,1.86,1.895
0.98977,2.742,2.813,1.352,1.835
0.98883,2.79,2.88,1.354,1.835
0.96104,5.001,5.228,1.871,1.896
0.99274,2.457,2.524,1.3,1.827
0.9688,4.291,4.404,1.601,1.829
0.95587,5.16,5.364,1.874,1.897
0.9848,2.898,2.995,1.432,1.832
0.83997,5.917,5.993,1.555,1.884
0.98869,2.583,2.654,1.339,1.819
0.71305,6.732,7.278,1.5,1.945
0.76699,3.476,3.607,1.528,1.834
0.96922,4.279,4.4,1.615,1.832
0.70643,6.978,7.515,1.548,1.839
0.97871,3.197,3.21,1.401,1.844
0.99492,2.5,2.538,1.298,1.815
0.93044,5.91,6.098,1.887,1.896
0.94841,5.173,5.415,1.863,1.891
0.98557,3.226,3.238,1.513,1.828
0.98123,3.186,3.283,1.388,1.84
0.98582,2.705,2.785,1.323,1.832
0.99143,2.597,2.675,1.342,1.817
0.9891,2.644,2.718,1.292,1.826
0.69491,7.823,8.373,1.548,1.832
0.97296,4.401,4.567,1.693,1.828
0.86261,6.1,6.169,1.545,1.906
0.97977,4.052,4.118,1.598,1.823
0.97281,4.408,4.542,1.68,1.838
0.98641,2.846,2.939,1.388,1.833
0.95811,5.067,5.26,1.828,1.902
0.8991,5.976,6.319,1.567,1.896
0.98519,2.837,2.924,1.436,1.815
0.98909,2.798,2.883,1.291,1.843
0.79242,4.608,4.821,1.522,1.827
0.9925,2.443,2.525,1.318,1.816
0.96124,4.847,5.044,1.701,1.841
0.99085,2.537,2.606,1.329,1.824
0.86046,6.081,6.451,1.527,1.891
0.83306,5.785,5.855,1.564,1.869
0.87832,6.333,6.467,1.572,1.897
0.9953,2.471,2.561,1.249,1.839
0.98868,2.589,2.663,1.351,1.816
0.97697,4.131,4.254,1.651,1.816
0.94195,5.49,5.818,1.864,1.898
0.98349,2.918,3.028,1.373,1.833
0.96028,4.941,5.175,1.856,1.893
0.91859,5.858,6.208,1.714,1.9
0.99025,2.609,2.685,1.337,1.83
0.99429,2.517,2.589,1.319,1.817
0.9889,2.581,2.648,1.283,1.844
0.99562,2.503,2.595,1.292,1.824
0.98134,3.371,3.392,1.517,1.832
0.98097,3.489,3.507,1.469,1.842
0.95798,4.934,5.144,1.859,1.835
0.96817,4.531,4.641,1.596,1.827
0.9858,2.772,2.862,1.423,1.83
0.98952,2.701,2.773,1.359,1.821
0.99373,2.455,2.52,1.262,1.843
0.98448,2.849,2.934,1.397,1.838
0.96297,5.006,5.227,1.859,1.894
0.96509,4.438,4.581,1.613,1.827
0.96891,4.779,4.983,1.85,1.829
0.9914,2.503,2.568,1.277,1.829
0.99206,2.489,2.553,1.265,1.823
0.98801,2.645,2.723,1.353,1.824
0.77298,3.704,3.853,1.527,1.834
0.99148,2.378,2.461,1.269,1.846
0.98731,2.811,2.894,1.386,1.823
0.93172,5.893,6.082,1.879,1.899
0.99357,2.48,2.546,1.301,1.816
0.97383,4.069,4.138,1.585,1.833
0.97569,4.067,4.126,1.596,1.823
0.71162,6.826,7.373,1.498,2.003
0.9879,2.514,2.613,1.341,1.814
0.90623,6.06,6.365,1.759,1.906
0.94652,5.49,5.692,1.967,1.895
0.75949,3.644,3.758,1.528,1.832
0.84775,6.007,6.393,1.549,1.885
0.98109,3.199,3.211,1.401,1.83
0.975,4.139,4.259,1.653,1.817
0.96055,4.945,5.155,1.862,1.889
0.98603,2.578,2.645,1.294,1.827
0.82942,5.367,5.869,1.552,1.869
0.69137,7.991,8.594,1.554,1.841
0.98875,2.876,2.976,1.431,1.819
0.969,4.566,4.713,1.596,1.839
0.69433,7.593,8.131,1.506,1.856
0.98601,2.922,3.014,1.433,1.829
0.885,6.523,6.648,1.588,1.902
0.9903,2.507,2.571,1.274,1.838
0.99317,2.517,2.576,1.301,1.832
0.95152,5.338,5.526,1.854,1.898
0.90774,6.247,6.415,1.732,1.9
0.94694,5.359,5.524,1.731,1.897
0.94991,5.368,5.555,1.85,1.905
0.99258,2.491,2.555,1.311,1.828
0.69653,7.553,8.089,1.497,1.841
0.75861,3.786,3.902,1.527,1.836
0.90474,6.177,6.351,1.733,1.891
0.9905,2.653,2.736,1.309,1.825
0.97802,3.754,3.804,1.564,1.843
0.93139,5.845,6.037,1.872,1.897
0.88254,6.511,6.634,1.604,1.893
0.98866,2.7,2.781,1.358,1.815
0.70715,7.096,7.647,1.555,1.837
0.95988,4.92,5.115,1.857,1.888
0.95391,5.224,5.531,1.848,1.872
0.99251,2.471,2.558,1.263,1.819
0.99037,2.607,2.683,1.336,1.833
0.75485,3.976,4.089,1.514,1.818
0.8834,6.426,6.555,1.575,1.892
0.8666,6.209,6.289,1.538,1.898
0.97895,3.778,3.819,1.614,1.826
0.97456,3.77,3.798,1.478,1.84
0.99142,2.635,2.714,1.336,1.833
0.9562,5.117,5.325,1.861,1.903
0.92999,5.827,6.02,1.876,1.894
0.98523,2.711,2.784,1.304,1.826
0.99206,2.649,2.73,1.336,1.828
0.91285,6.131,6.282,1.735,1.906
0.98932,2.658,2.739,1.351,1.815
0.74397,4.57,4.675,1.541,1.826
0.943,5.253,5.547,1.753,1.898
0.97734,3.739,3.803,1.505,1.821
0.98539,3.471,3.496,1.516,1.834
0.80536,4.926,5.393,1.528,1.84
0.70912,6.89,7.432,1.497,1.836
0.97994,3.637,3.721,1.503,1.827
0.98851,2.715,2.801,1.352,1.834
0.98834,2.681,2.76,1.359,1.819
0.98492,2.831,2.919,1.425,1.833
0.93071,5.738,6.113,1.783,1.911
0.95412,5.125,5.324,1.873,1.895
0.98751,2.872,2.968,1.429,1.823
0.99531,2.463,2.531,1.247,1.587
0.99193,2.471,2.567,1.313,1.835
0.98856,2.733,2.821,1.324,1.823
0.98611,2.807,2.908,1.42,1.831
0.99467,2.512,2.581,1.303,1.834
0.91587,6.273,6.446,1.782,1.892
0.9851,3.169,3.207,1.415,1.82
0.70487,7.304,7.861,1.548,1.828
0.97538,4.162,4.227,1.589,1.825
0.97806,4.143,4.207,1.589,1.829
0.89732,6.25,6.566,1.647,1.894
0.99152,2.64,2.701,1.288,1.842
0.98689,2.738,2.822,1.318,1.835
0.79409,4.677,4.893,1.526,1.829
0.90109,6.244,6.628,1.686,1.909
0.91801,5.939,6.225,1.802,1.896
0.99446,2.494,2.562,1.301,1.825
0.98916,2.573,2.661,1.334,1.836
0.99486,2.527,2.598,1.302,1.831
0.99298,2.522,2.591,1.321,1.821
0.9419,5.765,6.03,1.995,1.897
0.98719,2.836,2.923,1.318,1.823
0.75609,3.822,3.932,1.524,1.829
0.9889,2.654,2.734,1.348,1.827
0.83863,5.928,6.007,1.51,1.875
0.70247,7.54,8.103,1.549,1.829
0.99291,2.545,2.615,1.319,1.828
0.70338,7.283,7.829,1.548,1.832
0.93189,5.835,6.03,1.868,1.893
0.99227,2.513,2.578,1.256,1.838
0.70805,6.936,7.476,1.494,2.002
0.98158,3.439,3.461,1.414,1.825
0.9921,2.421,2.51,1.31,1.823
0.70996,6.951,7.502,1.497,1.833
0.89447,6.167,6.466,1.642,1.893
0.9769,4.374,4.512,1.735,1.821
0.92873,5.754,5.944,1.865,1.893
0.71203,6.68,7.216,1.543,1.83
0.70875,6.92,7.464,1.499,1.838
0.9356,5.525,5.744,1.87,1.891
0.98523,2.835,2.926,1.437,1.82
0.70146,7.2,7.729,1.55,1.845
0.96388,4.843,5.042,1.858,1.892
0.94503,5.425,5.603,1.842,1.899
0.70511,7.255,7.809,1.511,2.027
0.86378,5.912,6.205,1.53,1.902
0.97212,4.3,4.379,1.563,1.841
0.98335,2.992,3.045,1.403,1.837
0.99476,2.503,2.541,1.298,1.819
0.9906,2.491,2.594,1.32,1.833
0.99118,2.471,2.561,1.271,1.825
0.85828,6.05,6.379,1.524,1.894
0.9965,2.56,2.634,1.288,1.58
0.96838,4.748,4.926,1.836,1.837
0.948,5.307,5.62,1.753,1.904
0.78291,4.194,4.356,1.559,1.831
0.70119,7.395,7.94,1.494,1.832
0.9886,2.729,2.814,1.314,1.829
0.98365,2.796,2.91,1.305,1.839
0.98848,2.744,2.832,1.36,1.823
0.98652,2.839,2.927,1.379,1.832
0.97701,3.953,4.017,1.63,1.82
0.99442,2.532,2.622,1.247,1.843
0.973,4.507,4.617,1.749,1.819
0.98716,2.819,2.914,1.423,1.824
0.98366,3.513,3.551,1.534,1.815
0.97726,4.397,4.506,1.728,1.83
0.94563,5.448,5.646,1.961,1.892
0.92673,5.714,5.878,1.774,1.898
0.99602,2.543,2.616,1.303,1.834
0.99388,2.442,2.507,1.267,1.822
0.92021,5.95,6.264,1.799,1.893
0.98106,3.505,3.535,1.523,1.837
0.98169,3.392,3.412,1.524,1.832
0.97072,4.629,4.85,1.757,1.891
0.69654,7.608,8.149,1.559,1.85
0.98511,2.91,3,1.442,1.824
0.94111,5.474,5.801,1.749,1.9
0.87822,6.108,6.455,1.541,1.899
0.83009,5.747,5.822,1.529,1.863
0.69452,7.788,8.336,1.545,1.83
0.91795,5.994,6.156,1.801,1.896
0.98568,2.804,2.901,1.387,1.821
0.92307,6.021,6.353,1.893,1.896
0.79722,4.691,4.909,1.529,1.834
0.98883,2.498,2.586,1.294,1.827
0.78835,4.593,5.178,1.537,1.846
0.96109,4.877,5.108,1.726,1.843
0.97716,4.357,4.457,1.719,1.831
0.99645,2.514,2.587,1.301,1.825
0.99017,2.752,2.837,1.303,1.825
0.9872,2.754,2.839,1.32,1.828
0.97814,3.793,3.836,1.548,1.827
0.96191,4.981,5.189,1.706,1.837
0.98871,2.526,2.595,1.301,1.821
0.96679,4.787,5.002,1.716,1.833
0.7535,3.951,4.06,1.524,1.83
0.89464,6.246,6.533,1.65,1.895
0.97515,4.298,4.418,1.733,1.82
0.92938,5.78,5.97,1.867,1.897
0.96577,4.704,4.912,1.844,1.832
0.98383,3.141,3.153,1.443,1.836
0.97912,3.987,4.055,1.627,1.823
0.9931,2.457,2.521,1.299,1.823
0.99012,2.629,2.705,1.343,1.832
0.97702,4.127,4.251,1.651,1.816
0.98725,2.841,2.932,1.376,1.84
0.99436,2.521,2.59,1.302,1.826
0.98888,2.625,2.698,1.294,1.821
0.90693,6.187,6.32,1.65,1.905
0.96694,4.689,4.891,1.848,1.857
0.99307,2.481,2.544,1.3,1.828
0.97727,4.163,4.318,1.64,1.831
0.96999,4.793,4.896,1.71,1.82
0.99373,2.475,2.546,1.265,1.834
0.69764,7.556,8.096,1.494,1.835
0.9908,2.595,2.666,1.282,1.839
0.69947,7.744,8.308,1.559,1.844
0.94582,5.512,5.708,1.97,1.899
0.97048,4.608,4.828,1.754,1.86
0.97252,4.373,4.512,1.684,1.836
0.9876,2.637,2.711,1.359,1.819
0.7718,3.191,3.614,1.518,1.836
0.97937,3.438,3.481,1.419,1.821
0.9505,5.256,5.492,1.871,1.889
0.79671,4.664,4.751,1.56,1.835
0.98076,3.575,3.62,1.488,1.826
0.99189,2.484,2.547,1.311,1.819
0.97528,4.064,4.189,1.507,1.824
0.81951,5.183,5.679,1.543,1.859
0.98669,3.133,3.147,1.448,1.823
0.97976,3.58,3.613,1.532,1.835
0.992,2.653,2.733,1.293,1.843
0.9909,2.58,2.656,1.297,1.822
0.99531,2.488,2.578,1.246,1.83
0.98985,2.622,2.691,1.346,1.819
0.88337,6.514,6.644,1.586,1.896
0.98876,2.466,2.552,1.33,1.836
0.98045,4.186,4.352,1.708,1.835
0.99403,2.504,2.564,1.317,1.82
0.99008,2.68,2.764,1.347,1.827
0.71106,7.151,7.725,1.563,1.842
0.97881,3.973,4.051,1.623,1.827
0.9842,2.99,3.089,1.437,1.836
0.94743,5.2,5.388,1.848,1.899
0.79805,4.796,5.015,1.525,1.835
0.99057,2.49,2.551,1.242,1.583
0.70536,7.482,8.055,1.56,1.841
0.98765,2.77,2.857,1.317,1.834
0.70279,7.597,8.166,1.564,1.848
0.98829,2.73,2.811,1.301,1.843
0.95917,4.96,5.205,1.861,1.897
0.99441,2.509,2.598,1.292,1.827
0.70679,7.094,7.642,1.5,2.007
0.99151,2.552,2.632,1.328,1.83
0.93752,5.55,5.823,1.872,1.897
0.88217,6.405,6.532,1.58,1.894
0.89806,6.183,6.3,1.577,1.902
0.95338,5.165,5.364,1.882,1.89
0.92193,5.955,6.258,1.882,1.896
0.98933,2.565,2.645,1.336,1.836
0.71437,6.542,7.076,1.516,1.848
0.99454,2.482,2.55,1.29,1.573
0.9883,2.768,2.856,1.355,1.834
0.98622,2.715,2.797,1.32,1.833
0.90679,6.221,6.393,1.729,1.892
0.9831,3.459,3.514,1.528,1.823
0.97089,4.583,4.805,1.746,1.824
0.92411,5.908,6.285,1.813,1.907
0.93118,5.597,5.772,1.783,1.907
0.92105,5.92,6.072,1.698,1.902
0.98672,2.691,2.79,1.296,1.843
0.9897,2.607,2.672,1.269,1.836
0.87877,6.259,6.635,1.654,1.907
0.97974,3.725,3.778,1.601,1.836
0.69548,7.668,8.21,1.553,1.842
0.70999,7.055,7.614,1.51,1.851
0.70179,7.426,7.976,1.5,1.842
0.9767,4.342,4.475,1.728,1.821
0.97446,4.274,4.394,1.729,1.82
0.9919,2.498,2.571,1.326,1.833
0.98715,2.783,2.863,1.421,1.834
0.98887,2.578,2.64,1.271,1.842
0.99275,2.497,2.562,1.303,1.822
0.99174,2.437,2.502,1.32,1.822
0.95829,4.954,5.185,1.721,1.843
0.98434,2.915,3.007,1.39,1.822
0.98753,2.891,2.988,1.381,1.843
0.8757,6.32,6.406,1.544,1.903
0.99486,2.491,2.529,1.298,1.821
0.98637,2.868,2.964,1.381,1.823
0.92179,5.944,6.094,1.697,1.904
0.99022,2.615,2.675,1.303,1.826
0.79585,4.86,5.076,1.526,1.831
0.9621,4.968,5.185,1.856,1.894
0.71107,6.709,7.244,1.554,1.846
0.9927,2.499,2.577,1.318,1.815
0.94598,5.325,5.491,1.732,1.89
0.7765,3.96,4.024,1.548,1.826
0.99406,2.436,2.521,1.251,1.835
0.78579,4.508,4.7,1.541,1.824
0.97608,3.691,3.708,1.491,1.832
0.99333,2.458,2.523,1.268,1.826
0.71234,6.872,7.426,1.512,2.015
0.96758,4.542,4.759,1.732,1.836
0.98325,3.185,3.201,1.447,1.832
0.8831,6.44,6.567,1.584,1.896
0.98887,2.727,2.816,1.365,1.818
0.98632,3.016,3.103,1.399,1.839
0.98955,2.698,2.768,1.36,1.815
0.9666,4.725,4.946,1.846,1.828
0.97511,3.337,3.36,1.398,1.841
0.99663,2.501,2.538,1.308,1.818
0.85402,5.955,6.308,1.57,1.89
0.99437,2.535,2.605,1.291,1.582
0.98368,2.978,3.082,1.393,1.831
0.98476,3.336,3.364,1.46,1.821
0.705,7.378,7.941,1.559,1.843
0.98892,2.798,2.871,1.389,1.82
0.99007,2.64,2.722,1.312,1.82
0.99343,2.548,2.604,1.325,1.821
0.74362,4.57,4.674,1.536,1.844
0.99453,2.438,2.504,1.26,1.828
0.94925,5.332,5.628,1.75,1.839
0.86173,6.199,6.571,1.535,1.896
0.99199,2.574,2.64,1.241,1.594
0.9894,2.513,2.579,1.331,1.828
0.99205,2.435,2.523,1.277,1.823
0.99289,2.463,2.53,1.279,1.827
0.99558,2.468,2.538,1.256,1.826
0.87828,6.385,6.52,1.576,1.897
0.99143,2.454,2.515,1.27,1.836
0.83227,5.589,5.897,1.59,1.878
0.97687,3.96,4.021,1.639,1.815
0.95924,5.033,5.227,1.823,1.842
0.98197,3.849,3.937,1.628,1.818
0.93144,5.917,6.11,1.884,1.893
0.93702,5.562,5.827,1.877,1.897
0.96943,4.551,4.765,1.752,1.889
0.97064,4.623,4.846,1.745,1.825
0.98874,2.473,2.537,1.333,1.818
0.93965,5.623,5.896,1.877,1.892
0.98781,2.773,2.86,1.358,1.827
0.99035,2.543,2.645,1.269,1.838
0.97488,4.152,4.282,1.605,1.831
0.98238,3.854,3.955,1.626,1.816
0.94349,5.436,5.701,1.87,1.91
0.9434,5.46,5.655,1.88,1.892
0.98874,2.71,2.795,1.355,1.822
0.96147,4.969,5.22,1.733,1.903
0.99591,2.511,2.552,1.3,1.834
0.98958,2.766,2.857,1.32,1.826
0.94445,5.48,5.659,1.75,1.898
0.97305,4.315,4.526,1.721,1.834
0.95176,5.291,5.544,1.97,1.902
0.90579,6.102,6.277,1.706,1.89
0.70075,7.334,7.874,1.506,1.852
0.71176,6.744,7.286,1.497,1.833
0.92145,5.794,5.955,1.693,1.903
0.98653,2.595,2.693,1.289,1.839
0.7535,3.84,3.947,1.52,1.821
0.85698,6.109,6.477,1.558,1.896
0.89341,6.201,6.575,1.603,1.902
0.70021,7.503,8.052,1.504,1.848
0.99025,2.503,2.57,1.289,1.83
0.98679,2.641,2.743,1.3,1.841
0.98945,2.602,2.675,1.337,1.829
0.99263,2.461,2.54,1.318,1.814
0.96163,4.934,5.128,1.834,1.902
0.79045,4.523,4.736,1.519,1.823
0.9922,2.515,2.589,1.326,1.83
0.99104,2.522,2.61,1.329,1.819
0.79328,4.738,5.138,1.535,1.843
0.94558,5.453,5.644,1.86,1.891
0.99224,2.483,2.547,1.266,1.834
0.70713,7.116,7.668,1.507,1.85
0.98676,2.651,2.721,1.29,1.844
0.70089,7.542,8.101,1.559,1.846
0.96559,4.726,4.954,1.857,1.824
0.97437,4.066,4.211,1.631,1.831
0.96349,4.84,5.036,1.855,1.894
0.99234,2.475,2.56,1.318,1.827
0.99453,2.422,2.485,1.268,1.839
0.98269,3.127,3.139,1.405,1.83
0.97069,4.309,4.422,1.603,1.827
0.93695,5.579,5.838,1.881,1.896
0.9874,2.938,3.017,1.43,1.833
0.83792,5.929,6.013,1.521,1.876
0.99098,2.497,2.559,1.264,1.826
0.98932,2.56,2.632,1.297,1.829
0.99462,2.525,2.576,1.271,1.832
0.99472,2.447,2.535,1.292,1.82
0.98307,3.643,3.731,1.548,1.82
0.97738,4.028,4.097,1.589,1.831
0.98982,2.55,2.622,1.299,1.824
0.99075,2.451,2.541,1.32,1.834
0.98968,2.631,2.706,1.337,1.835
0.94589,5.581,5.904,1.87,1.908
0.92936,5.876,6.07,1.885,1.898
0.92243,6.026,6.199,1.813,1.901
0.97723,3.889,4.014,1.517,1.821
0.9072,6.292,6.467,1.741,1.898
0.79445,4.656,4.872,1.53,1.836
0.98635,2.756,2.839,1.318,1.834
0.98807,2.666,2.744,1.309,1.822
0.9859,3.22,3.236,1.51,1.83
0.85991,6.118,6.488,1.541,1.897
0.92182,5.932,6.089,1.698,1.899
0.99582,2.477,2.519,1.268,1.84
0.99304,2.425,2.497,1.32,1.815
0.96346,4.822,5.064,1.736,1.897
0.98914,2.716,2.798,1.303,1.844
0.96542,4.631,4.831,1.721,1.89
0.97044,4.764,4.953,1.848,1.858
0.96713,4.666,4.857,1.847,1.893
0.98604,2.763,2.848,1.425,1.828
0.99266,2.483,2.568,1.311,1.825
0.84371,5.914,5.985,1.57,1.887
0.98298,3.493,3.541,1.49,1.828
0.98747,2.745,2.83,1.355,1.835
0.98793,2.69,2.77,1.351,1.838
0.97951,4.234,4.393,1.637,1.829
0.98624,2.97,2.982,1.44,1.822
0.99269,2.532,2.597,1.265,1.839
0.99143,2.492,2.592,1.262,1.828
0.98687,3.043,3.063,1.45,1.815
0.86174,6.192,6.568,1.538,1.894
0.70244,7.279,7.822,1.497,1.84
0.86163,6.136,6.211,1.54,1.9
0.97553,4.323,4.477,1.731,1.816
0.70498,7.307,7.862,1.508,1.851
0.98845,2.748,2.837,1.32,1.828
0.99223,2.451,2.535,1.318,1.818
0.90143,6.052,6.359,1.668,1.897
0.70019,7.605,8.165,1.551,1.834
0.97233,4.144,4.214,1.58,1.834
0.97769,3.994,4.064,1.636,1.824
0.97702,4.12,4.245,1.644,1.818
0.98944,2.711,2.794,1.306,1.83
0.99432,2.539,2.608,1.293,1.592
0.6885,7.878,8.518,1.543,1.831
0.99012,2.542,2.635,1.279,1.828
0.99575,2.49,2.565,1.276,1.828
0.93565,5.688,5.865,1.875,1.91
0.98503,3.043,3.11,1.393,1.829
0.97593,4.379,4.503,1.727,1.828
0.74863,4.163,4.268,1.533,1.826
0.91119,6.062,6.189,1.619,1.895
0.95472,5.382,5.662,1.974,1.892
0.98374,3.664,3.738,1.545,1.815
0.82016,5.511,5.578,1.538,1.852
0.94068,5.449,5.74,1.863,1.896
0.98423,3.03,3.079,1.446,1.828
0.98294,3.144,3.156,1.456,1.818
0.96014,4.944,5.175,1.858,1.895
0.9856,3,3.083,1.392,1.831
0.77266,3.872,3.941,1.552,1.83
0.70697,7.2,7.76,1.549,1.827
0.99244,2.484,2.548,1.313,1.828
0.99095,2.5,2.605,1.264,1.836
0.97983,3.584,3.662,1.538,1.823
0.98126,3.847,3.932,1.63,1.819
0.98085,3.856,3.952,1.583,1.826
0.95872,4.907,5.126,1.858,1.895
0.98717,2.829,2.924,1.428,1.828
0.98878,2.595,2.665,1.349,1.819
0.94255,5.455,5.765,1.871,1.898
0.99141,2.455,2.547,1.319,1.825
0.99156,2.48,2.542,1.313,1.838
0.99421,2.522,2.59,1.291,1.586
0.99335,2.511,2.571,1.283,1.836
0.76097,3.813,3.937,1.524,1.831
0.9924,2.461,2.54,1.273,1.828
0.91014,6.186,6.353,1.795,1.899
0.97584,4.337,4.451,1.723,1.828
0.97726,4.151,4.307,1.629,1.831
0.98519,2.666,2.778,1.298,1.835
0.99377,2.52,2.583,1.319,1.832
0.81405,5.25,5.483,1.574,1.852
0.83647,5.896,5.978,1.514,1.873
0.96552,4.651,4.843,1.848,1.878
0.99546,2.501,2.572,1.31,1.822
0.9922,2.567,2.638,1.281,1.832
0.95395,5.202,5.471,1.846,1.902
0.99127,2.552,2.627,1.293,1.823
0.99064,2.474,2.576,1.32,1.825
0.97973,3.607,3.629,1.495,1.834
0.97209,4.528,4.65,1.73,1.836
0.96402,4.69,4.89,1.856,1.829
0.9928,2.529,2.595,1.311,1.827
0.69961,7.707,8.27,1.556,1.84
0.98841,2.859,2.935,1.38,1.83
0.99293,2.502,2.576,1.328,1.826
0.96786,4.777,4.993,1.719,1.835
0.97135,4.295,4.408,1.605,1.826
0.97304,4.509,4.62,1.753,1.819
0.96347,4.957,5.156,1.833,1.904
0.99172,2.456,2.553,1.264,1.82
0.72587,5.504,5.988,1.528,1.851
0.82815,5.703,5.776,1.518,1.855
0.99392,2.487,2.574,1.251,1.846
0.9862,3.133,3.147,1.446,1.822
0.9939,2.463,2.527,1.319,1.817
0.95076,5.309,5.542,1.879,1.902
0.80599,5.052,5.291,1.525,1.84
0.9859,2.831,2.909,1.295,1.843
0.98307,3.665,3.74,1.544,1.816
0.99129,2.475,2.536,1.313,1.83
0.99721,2.539,2.582,1.3,1.834
0.87859,6.096,6.447,1.541,1.904
0.98454,2.98,3.079,1.389,1.838
0.95753,4.975,5.198,1.88,1.897
0.98049,3.39,3.408,1.48,1.838
0.98842,2.574,2.645,1.347,1.819
0.99649,2.498,2.592,1.29,1.825
0.99318,2.531,2.618,1.245,1.838
0.81389,5.242,5.534,1.535,1.85
0.99585,2.516,2.61,1.291,1.821
0.9663,4.729,4.954,1.845,1.83
0.76113,3.609,3.724,1.524,1.829
0.77244,3.778,3.835,1.556,1.844
0.79411,4.597,4.815,1.528,1.834
0.82481,5.722,5.796,1.535,1.856
0.97406,4.321,4.519,1.722,1.834
0.93578,5.537,5.792,1.875,1.894
0.99264,2.484,2.568,1.245,1.829
0.99068,2.487,2.585,1.273,1.842
0.9851,2.739,2.846,1.31,1.831
0.93705,5.641,5.897,1.893,1.902
0.99531,2.468,2.511,1.274,1.82
0.99644,2.531,2.605,1.242,1.588
0.99298,2.521,2.579,1.3,1.817
0.96721,4.906,5.125,1.716,1.829
0.98668,2.729,2.805,1.3,1.844
0.99405,2.492,2.56,1.301,1.822
0.69956,7.656,8.216,1.547,1.827
0.97992,3.656,3.699,1.498,1.831
0.99251,2.567,2.627,1.335,1.818
0.9938,2.517,2.587,1.321,1.816
0.98596,2.914,3.003,1.432,1.832
0.96362,4.906,5.107,1.861,1.896
0.98778,2.775,2.852,1.424,1.824
0.97987,3.934,3.976,1.57,1.834
0.99205,2.555,2.627,1.329,1.817
0.98878,2.565,2.632,1.35,1.818
0.99361,2.542,2.595,1.25,1.836
0.84427,5.85,5.995,1.523,1.891
0.7641,3.588,3.711,1.52,1.82
0.85873,6.131,6.506,1.542,1.902
0.99145,2.6,2.652,1.306,1.824
0.89197,6.369,6.498,1.615,1.905
0.98915,2.564,2.635,1.298,1.828
0.70714,7.162,7.717,1.509,1.852
0.83045,5.653,5.726,1.515,1.862
0.96954,4.627,4.845,1.745,1.825
0.82302,5.508,5.546,1.544,1.857
0.98417,3.043,3.087,1.441,1.834
0.98748,2.627,2.704,1.353,1.821
0.95669,4.877,5.091,1.863,1.893
0.95563,5.039,5.224,1.742,1.902
0.94635,5.308,5.599,1.751,1.839
0.99215,2.561,2.629,1.273,1.844
0.93824,5.57,5.837,1.872,1.891
0.96724,4.654,4.861,1.723,1.835
0.97293,4.492,4.605,1.74,1.825
0.95463,5.356,5.623,1.97,1.902
0.98935,2.61,2.683,1.338,1.828
0.80816,5.103,5.346,1.52,1.84
0.89915,6.229,6.599,1.65,1.896
0.99424,2.479,2.546,1.244,1.577
0.9727,4.429,4.588,1.677,1.842
0.9524,5.273,5.534,1.964,1.897
0.99257,2.535,2.603,1.275,1.834
0.97334,4.511,4.626,1.736,1.828
0.98994,2.474,2.536,1.321,1.821
0.98525,2.977,2.99,1.445,1.822
0.98559,2.858,2.868,1.439,1.816
0.99445,2.494,2.561,1.248,1.596
0.98649,2.868,2.962,1.423,1.835
0.91388,5.876,6.237,1.713,1.903
0.73607,4.882,5.109,1.52,1.836
0.95491,5.124,5.39,1.846,1.905
0.98162,3.765,3.818,1.604,1.836
0.93752,5.599,5.87,1.882,1.898
0.91292,5.852,6.197,1.71,1.899
0.98387,2.876,2.975,1.432,1.833
0.79095,4.551,4.726,1.566,1.838
0.73581,5.269,5.494,1.533,1.844
0.99433,2.541,2.61,1.31,1.828
0.96681,4.739,4.928,1.847,1.836
0.93428,5.607,5.852,1.905,1.895
0.9939,2.527,2.595,1.247,1.597
0.98227,3.397,3.42,1.416,1.826
0.9931,2.534,2.6,1.265,1.838
0.94151,5.436,5.631,1.884,1.894
0.99232,2.42,2.494,1.3,1.818
0.85851,6.068,6.39,1.526,1.892
0.98499,2.868,2.958,1.434,1.825
0.9082,6.091,6.43,1.76,1.907
0.96744,4.942,5.157,1.85,1.894
0.98661,2.846,2.939,1.39,1.829
0.96573,4.698,4.8,1.712,1.819
0.71418,6.909,7.476,1.556,1.83
0.97921,3.814,3.852,1.623,1.825
0.86414,6.091,6.462,1.571,1.903
0.99081,2.514,2.576,1.264,1.834
0.96154,4.956,5.152,1.83,1.841
0.94537,5.436,5.636,1.96,1.893
0.99123,2.591,2.668,1.342,1.815
0.99442,2.496,2.539,1.301,1.833
0.97532,4.419,4.562,1.695,1.828
0.94905,5.235,5.491,1.874,1.89
0.98252,3.84,3.881,1.614,1.825
0.97686,3.931,4.02,1.618,1.835
0.99738,2.507,2.586,1.246,1.834
0.98282,3.129,3.145,1.452,1.821
0.96453,4.861,5.064,1.85,1.893
0.98846,2.656,2.735,1.349,1.822
0.92246,5.704,6.003,1.799,1.901
0.98287,2.964,2.981,1.405,1.823
0.85417,6.094,6.456,1.558,1.9
0.99553,2.443,2.533,1.25,1.836
0.97835,4.252,4.411,1.593,1.841
0.89729,6.236,6.609,1.663,1.89
0.70131,7.334,7.877,1.494,1.834
0.98743,2.665,2.741,1.348,1.825
0.94921,5.184,5.373,1.846,1.9
0.8965,6.342,6.482,1.691,1.902
0.97397,4.417,4.571,1.692,1.829
0.88297,6.453,6.582,1.581,1.897
0.99277,2.512,2.578,1.301,1.818
0.93886,5.712,5.978,1.903,1.896
0.97831,3.958,4.024,1.63,1.82
0.99591,2.519,2.592,1.3,1.817
0.9497,5.203,5.425,1.864,1.897
0.98414,3.318,3.331,1.512,1.836
0.96248,5.041,5.277,1.867,1.901
0.69974,7.534,8.082,1.506,1.85
0.98913,2.749,2.826,1.287,1.835
0.98374,3.145,3.158,1.443,1.836
0.98064,3.829,3.936,1.627,1.815
0.98982,2.541,2.624,1.293,1.831
0.98544,2.955,3.04,1.391,1.838
0.88205,6.32,6.441,1.613,1.905
0.75507,4.103,4.219,1.543,1.836
0.9934,2.488,2.557,1.274,1.829
0.98752,2.783,2.864,1.423,1.826
0.99187,2.445,2.531,1.319,1.816
0.91087,6.193,6.359,1.793,1.896
0.86793,6.097,6.454,1.573,1.896
0.98664,2.857,2.951,1.434,1.817
0.96298,5.063,5.308,1.868,1.904
0.99377,2.502,2.569,1.312,1.815
0.91153,6.232,6.399,1.798,1.898
0.99467,2.518,2.569,1.27,1.824
0.98898,2.538,2.614,1.337,1.829
0.99466,2.467,2.535,1.31,1.817
0.83582,5.698,5.774,1.513,1.878
0.98415,3.51,3.557,1.53,1.819
0.99087,2.566,2.646,1.338,1.818
0.9927,2.462,2.525,1.271,1.837
0.75528,3.754,3.862,1.547,1.847
0.97042,4.552,4.707,1.6,1.835
0.98259,3.022,3.041,1.438,1.835
0.9465,5.141,5.353,1.865,1.897
0.99546,2.502,2.593,1.292,1.83
0.7033,7.438,7.999,1.547,1.826
0.96433,4.82,5.021,1.85,1.884
0.91365,6.228,6.397,1.785,1.894
0.70693,7.147,7.7,1.509,1.852
0.93693,5.626,5.885,1.894,1.893
0.94089,5.608,5.904,1.968,1.891
0.98527,2.723,2.804,1.361,1.827
0.97872,4.152,4.288,1.638,1.824
0.98726,2.757,2.842,1.364,1.819
0.98698,2.68,2.756,1.304,1.841
0.99198,2.616,2.696,1.337,1.825
0.99738,2.514,2.557,1.299,1.828
0.9656,4.862,5.07,1.848,1.845
0.99004,2.527,2.628,1.326,1.828
0.99058,2.556,2.626,1.334,1.837
0.97884,3.878,3.935,1.609,1.837
0.93662,5.514,5.686,1.756,1.89
0.8003,4.996,5.227,1.516,1.831
0.89996,6.187,6.309,1.646,1.901
0.97391,4.07,4.133,1.595,1.822
0.99435,2.51,2.569,1.309,1.826
0.99431,2.48,2.568,1.293,1.832
0.79315,4.809,5.019,1.522,1.827
0.83164,5.681,5.755,1.521,1.87
0.98339,2.998,3.104,1.384,1.842
0.9931,2.447,2.531,1.249,1.83
0.96757,4.704,4.811,1.695,1.84
0.99258,2.53,2.595,1.242,1.586
0.86197,6.129,6.481,1.527,1.893
0.94928,5.277,5.505,1.88,1.89
0.97392,4.536,4.659,1.733,1.837
0.97267,4.491,4.599,1.745,1.819
0.9115,6.211,6.384,1.788,1.896
0.98226,3.308,3.324,1.516,1.838
0.99544,2.48,2.523,1.265,1.818
0.9947,2.537,2.575,1.301,1.835
0.99177,2.485,2.551,1.32,1.821
0.70004,7.372,7.913,1.491,1.999
0.98247,2.94,3.026,1.379,1.839
0.98832,2.629,2.696,1.279,1.842
0.99034,2.797,2.857,1.306,1.841
0.90684,6.269,6.438,1.746,1.901
0.97809,4.128,4.263,1.625,1.836
0.98841,2.848,2.947,1.431,1.821
0.97124,4.652,4.886,1.733,1.835
0.82621,5.58,5.65,1.51,1.859
0.99255,2.474,2.538,1.311,1.814
0.99263,2.491,2.561,1.328,1.819
0.98353,3.874,3.911,1.619,1.823
0.99511,2.487,2.525,1.3,1.831
0.99438,2.518,2.587,1.302,1.822
0.9965,2.496,2.569,1.246,1.587
0.69996,7.32,7.858,1.55,1.84
0.94751,5.532,5.731,1.969,1.897
0.96256,4.917,5.115,1.828,1.898
0.98535,3.035,3.072,1.444,1.828
0.92234,5.975,6.294,1.888,1.894
0.94699,5.334,5.626,1.753,1.901
0.99324,2.501,2.588,1.293,1.829
0.9441,5.417,5.609,1.861,1.894
0.90983,6.247,6.414,1.806,1.897
0.98925,2.525,2.617,1.336,1.82
0.95821,5.079,5.341,1.718,1.843
0.97844,4.185,4.333,1.64,1.828
0.89518,6.224,6.524,1.647,1.896
0.94702,5.421,5.604,1.852,1.897
0.99399,2.545,2.614,1.243,1.593
0.99174,2.554,2.623,1.335,1.82
0.98466,2.889,2.976,1.437,1.835
0.98794,2.756,2.843,1.319,1.831
0.97894,3.767,3.823,1.605,1.833
0.97419,4.261,4.317,1.583,1.844
0.97583,3.9,3.951,1.494,1.84
0.94012,5.603,5.781,1.87,1.897
0.98593,3.2,3.213,1.409,1.824
0.99434,2.525,2.597,1.274,1.82
0.91478,5.97,6.235,1.83,1.896
0.98089,3.578,3.609,1.531,1.835
0.9599,4.841,5.04,1.711,1.832
0.93253,5.572,5.774,1.894,1.896
0.96599,4.683,4.782,1.71,1.824
0.98206,3.136,3.148,1.444,1.836
0.96529,4.691,4.877,1.858,1.826
0.99499,2.541,2.58,1.3,1.833
0.98343,3.004,3.065,1.401,1.837
0.97851,4.174,4.302,1.641,1.82
0.95052,5.269,5.56,1.87,1.896
0.99166,2.511,2.578,1.32,1.829
0.98532,2.82,2.91,1.388,1.836
0.96067,4.99,5.243,1.861,1.897
0.98378,3.655,3.742,1.54,1.82
0.99473,2.468,2.524,1.264,1.822
0.99186,2.418,2.501,1.263,1.822
0.995,2.493,2.531,1.299,1.819
0.88144,6.467,6.599,1.584,1.901
0.96361,4.77,4.971,1.719,1.892
0.99241,2.535,2.617,1.271,1.833
0.78307,4.148,4.233,1.566,1.84
0.98168,3.647,3.727,1.545,1.818
0.99567,2.53,2.601,1.291,1.592
0.80423,5.07,5.279,1.562,1.841
0.97805,3.523,3.536,1.478,1.834
0.94392,5.325,5.624,1.756,1.892
0.70265,7.301,7.845,1.499,1.84
0.98539,3.177,3.188,1.455,1.817
0.97685,3.543,3.589,1.482,1.83
0.95031,5.251,5.436,1.852,1.9
0.9904,2.532,2.623,1.327,1.835
0.97922,3.794,3.837,1.62,1.827
0.92,6.007,6.178,1.819,1.903
0.89977,6.105,6.479,1.678,1.903
0.92998,5.811,6,1.872,1.895
0.97926,4.172,4.305,1.64,1.822
0.95917,4.948,5.143,1.824,1.842
0.98452,2.99,3.095,1.386,1.842
0.98404,2.965,2.977,1.445,1.821
0.7988,4.854,5.075,1.528,1.836
0.98441,3.154,3.189,1.447,1.835
0.79097,4.639,4.853,1.528,1.838
0.80608,5.076,5.323,1.512,1.839
0.96896,4.731,4.932,1.848,1.897
0.7041,7.499,8.067,1.557,1.84
0.99396,2.504,2.552,1.302,1.831
0.9859,2.68,2.776,1.313,1.837
0.75266,4.014,4.125,1.519,1.823
0.9939,2.481,2.533,1.3,1.822
0.9917,2.49,2.58,1.32,1.833
0.97184,4.471,4.619,1.586,1.84
0.9874,2.73,2.812,1.307,1.843
0.96483,4.836,5.039,1.849,1.884
0.91316,6.14,6.287,1.728,1.902
0.99098,2.541,2.604,1.264,1.838
0.89987,6.159,6.476,1.68,1.906
0.99178,2.54,2.611,1.326,1.835
0.99021,2.698,2.76,1.358,1.815
0.97933,3.631,3.658,1.49,1.837
0.9931,2.476,2.537,1.299,1.819
0.8612,6.134,6.524,1.551,1.894
0.99437,2.509,2.577,1.302,1.828
0.70665,7.204,7.76,1.508,1.85
0.98457,2.868,2.955,1.431,1.836
0.99002,2.54,2.613,1.339,1.825
0.95316,5.109,5.382,1.73,1.898
0.9938,2.449,2.503,1.299,1.823
0.98583,2.901,2.987,1.437,1.825
0.98878,2.619,2.703,1.287,1.844
0.93917,5.608,5.868,1.875,1.89
0.97329,4.334,4.448,1.606,1.824
0.99243,2.494,2.581,1.263,1.837
0.98245,3.676,3.746,1.545,1.814
0.96705,4.562,4.734,1.609,1.83
0.95464,4.913,5.148,1.731,1.83
0.99136,2.491,2.554,1.265,1.826
0.74703,4.124,4.225,1.519,1.823
0.88229,6.298,6.414,1.613,1.898
0.97498,4.542,4.66,1.734,1.835
0.98207,3.602,3.632,1.532,1.83
0.94347,5.336,5.603,1.863,1.897
0.71451,6.644,7.188,1.509,1.848
0.99195,2.479,2.568,1.318,1.829
0.96049,4.97,5.191,1.86,1.896
0.95789,5.075,5.315,1.848,1.901
0.93118,5.874,6.066,1.877,1.892
0.69678,7.464,7.996,1.49,1.834
0.99117,2.438,2.501,1.279,1.84
0.70063,7.474,8.023,1.509,1.854
0.99031,2.61,2.684,1.288,1.84
0.87867,6.377,6.513,1.574,1.892
0.99669,2.478,2.55,1.245,1.585
0.90124,6.153,6.285,1.648,1.908
0.85856,6.047,6.408,1.567,1.901
0.9703,4.271,4.354,1.516,1.824
0.99399,2.515,2.603,1.291,1.818
0.98585,3.184,3.199,1.454,1.816
0.83164,5.521,5.814,1.588,1.881
0.99578,2.524,2.596,1.289,1.577
0.93611,5.644,5.896,1.903,1.896
0.98947,2.569,2.642,1.341,1.818
0.98215,3.712,3.797,1.501,1.827
0.93879,5.575,5.862,1.873,1.895
0.98112,4.062,4.13,1.594,1.828
0.94471,5.494,5.695,1.877,1.894
0.70258,7.251,7.791,1.499,1.842
0.71084,6.844,7.39,1.496,1.83
0.98681,3.203,3.235,1.412,1.822
0.85256,6.206,6.294,1.579,1.893
0.98982,2.662,2.742,1.299,1.841
0.99232,2.639,2.72,1.337,1.834
0.99003,2.604,2.687,1.288,1.827
0.99327,2.463,2.534,1.318,1.818
0.99264,2.528,2.593,1.311,1.832
0.99207,2.494,2.57,1.284,1.832
0.99352,2.473,2.539,1.289,1.576
0.98089,4.039,4.105,1.629,1.82
0.99054,2.631,2.696,1.304,1.831
0.99592,2.49,2.583,1.293,1.825
0.95591,5.114,5.316,1.86,1.895
0.99258,2.553,2.623,1.319,1.829
0.89282,6.116,6.487,1.606,1.901
0.70851,6.797,7.328,1.542,1.832
0.98922,2.657,2.738,1.352,1.817
0.9845,2.8,2.903,1.382,1.829
0.99156,2.662,2.708,1.346,1.819
0.99631,2.541,2.615,1.291,1.589
0.97862,3.778,3.821,1.615,1.827
0.71003,6.9,7.447,1.511,1.854
0.97341,3.897,3.945,1.494,1.839
0.99052,2.612,2.672,1.347,1.821
0.98644,2.841,2.928,1.319,1.82
0.99179,2.546,2.62,1.282,1.842
0.78515,4.299,4.491,1.554,1.829
0.98873,2.75,2.84,1.363,1.819
0.9818,3.673,3.713,1.531,1.834
0.99426,2.496,2.585,1.244,1.833
0.921,5.724,6.079,1.688,1.904
0.98655,2.769,2.846,1.302,1.829
0.99017,2.626,2.702,1.338,1.833
0.98434,3.015,3.041,1.44,1.83
0.98267,2.959,2.97,1.402,1.827
0.98461,3.053,3.065,1.444,1.825
0.98662,2.78,2.864,1.357,1.837
0.7134,6.772,7.323,1.5,1.835
0.75139,4.381,4.498,1.541,1.847
0.99139,2.558,2.63,1.329,1.819
0.70785,6.99,7.534,1.507,1.85
0.90043,6.073,6.392,1.669,1.897
0.8334,5.544,5.85,1.591,1.882
0.6992,7.545,8.097,1.555,1.843
0.98737,2.862,2.957,1.385,1.841
0.97907,3.804,3.853,1.612,1.83
0.95717,5.049,5.317,1.845,1.899
0.99101,2.491,2.56,1.289,1.82
0.8789,6.475,6.609,1.589,1.899
0.97674,4.337,4.445,1.719,1.828
0.99061,2.496,2.597,1.271,1.827
0.96418,4.753,4.975,1.738,1.899
0.69665,7.774,8.33,1.551,1.836
0.96144,4.755,4.854,1.622,1.836
0.98657,2.696,2.796,1.354,1.828
0.97917,3.373,3.4,1.413,1.828
0.98677,2.741,2.818,1.3,1.845
0.6983,7.722,8.282,1.552,1.836
0.99177,2.593,2.649,1.334,1.829
0.96023,4.932,5.146,1.856,1.895
0.98519,2.877,2.958,1.433,1.837
0.70699,6.919,7.453,1.544,1.834
0.98277,3.076,3.125,1.4,1.834
0.96813,4.628,4.839,1.724,1.86
0.98135,3.511,3.54,1.522,1.836
0.98516,3.455,3.497,1.528,1.824
0.99183,2.516,2.583,1.323,1.824
0.89812,6.239,6.579,1.647,1.894
0.94689,5.406,5.589,1.848,1.899
0.86328,6.118,6.196,1.538,1.894
0.98678,2.784,2.872,1.427,1.818
0.91177,6.331,6.502,1.812,1.902
0.9067,6.211,6.38,1.732,1.894
0.85982,6.098,6.452,1.525,1.896
0.98962,2.649,2.724,1.339,1.835
0.96608,4.696,4.806,1.689,1.844
0.95927,4.886,5.079,1.831,1.899
0.7491,4.173,4.279,1.514,1.822
0.78469,4.379,4.593,1.515,1.823
0.95905,4.94,5.157,1.866,1.895
0.97911,3.284,3.305,1.409,1.832
0.99295,2.527,2.593,1.29,1.583
0.98518,3.024,3.069,1.437,1.835
0.71381,6.74,7.29,1.507,1.845
0.98647,2.811,2.906,1.426,1.827
0.93662,5.75,5.929,1.875,1.902
0.98733,2.846,2.941,1.424,1.833
0.99394,2.488,2.551,1.317,1.823
0.98469,2.84,2.943,1.38,1.827
0.9673,4.733,4.957,1.859,1.89
0.95903,5.146,5.356,1.86,1.891
0.98929,2.551,2.617,1.329,1.822
0.74298,4.436,4.536,1.532,1.839
0.98535,2.931,2.986,1.439,1.823
0.99239,2.528,2.613,1.241,1.827
0.99397,2.52,2.591,1.319,1.835
0.95625,5.191,5.396,1.882,1.898
0.69972,7.373,7.913,1.494,1.836
0.99243,2.481,2.545,1.303,1.828
0.98956,2.591,2.673,1.289,1.831
0.98784,2.888,2.986,1.431,1.823
0.99019,2.679,2.763,1.348,1.834
0.98536,2.757,2.842,1.426,1.83
0.98855,2.687,2.765,1.353,1.83
0.986,2.775,2.858,1.422,1.838
0.99401,2.486,2.547,1.318,1.838
0.97951,3.584,3.666,1.544,1.82
0.99432,2.516,2.585,1.292,1.587
0.89763,6.231,6.567,1.648,1.895
0.83302,5.805,5.884,1.514,1.875
0.99099,2.54,2.617,1.339,1.816
0.71546,6.777,7.338,1.563,1.839
0.98376,2.9,2.989,1.383,1.835
0.99036,2.533,2.602,1.331,1.817
0.93737,5.537,5.804,1.869,1.893
0.98627,2.921,3.005,1.391,1.84
0.9285,5.71,5.878,1.778,1.901
0.96762,4.751,4.968,1.853,1.825
0.92315,6.012,6.358,1.893,1.896
0.98591,2.823,2.918,1.376,1.842
0.83886,5.847,5.927,1.535,1.878
0.97868,3.213,3.227,1.403,1.827
0.7038,7.445,8.008,1.554,1.837
0.98892,2.585,2.658,1.339,1.828
0.988,2.64,2.711,1.292,1.827
0.98369,2.951,2.995,1.441,1.819
0.97783,3.875,3.928,1.498,1.842
0.99087,2.498,2.563,1.32,1.823
0.99436,2.486,2.531,1.302,1.835
0.91993,6.014,6.178,1.808,1.903
0.99374,2.5,2.563,1.319,1.822
0.98948,2.832,2.897,1.428,1.814
0.99524,2.471,2.54,1.261,1.842
0.70601,7.199,7.752,1.51,1.854
0.99079,2.507,2.595,1.326,1.831
