rod_worth,beta,h_gap,gamma_frac
0.008272182138305904,0.008869817002824508,10365.505434130033,0.015939019990957263
0.008054978673125547,0.007480401181784096,8691.646832715807,0.01814647220365896
0.008893257746654316,0.007271790930607628,9007.209176579001,0.026002929923872025
0.008554604470643434,0.007418787387547237,9028.8710285151,0.024928787691730403
0.008508682761985647,0.007126811767075721,12932.826403583544,0.019677246540914885
0.008039667357916133,0.007440322151697071,13616.499580007643,0.01043085491489329
0.008488005203836257,0.006662326514268887,9711.430792699135,0.017717801391563193
0.008678030576949165,0.007102235677840343,9100.170379139814,0.021519898129174778
0.008072216867519135,0.00783881509508069,9829.424750014261,0.01382585386397069
0.008985654740000222,0.007996625712077743,11379.098701679643,0.016649571152991656
0.00909918998849907,0.007411469983019354,9769.03741394314,0.01950898442394922
0.008369314250483505,0.007520931215442893,5275.051953568518,0.016421541500775818
0.00942757526060001,0.007273632973224811,8533.377575256727,0.019777540180514867
0.008504254953156707,0.007313628435530083,12966.982881385742,0.02082900356039259
0.009201818904268952,0.0073588200176223605,6997.299065072288,0.009888136136627918
0.00836399742047855,0.007542897988337934,10919.850587117407,0.020004083041842095
0.008759567485961085,0.007572115763665931,6968.241609827703,0.024002038907669342
0.008823895591430781,0.007677975057823114,10953.514836322292,0.018278457971670204
0.008860890847727263,0.007577757180875769,8826.123887566522,0.0182963444851334
0.00942066215550672,0.007956801310003784,7441.04914379299,0.02318645272816494
0.00808133090069156,0.0071041924556165086,8627.494677393439,0.022664126311809474
0.00841819116344647,0.007084611398933314,9289.792997959577,0.020480275632178906
0.008412983155159795,0.007543861073586122,6402.872775030273,0.019546049815032124
0.008148117469702452,0.007366074593221015,8794.641761698822,0.0178837727489066
0.008125604032314928,0.007679636456840147,10160.495210947207,0.01820561639995027
0.008259294705992936,0.0078066334170247935,7136.869725693198,0.020120470965214736
0.008415830689767263,0.007679269833052252,14792.337698658153,0.00935928504913176
0.00824415543997764,0.006891733650485145,11061.855464287717,0.017090579034441916
0.008635772275205985,0.007646835299829457,12034.454844420738,0.0219048702622582
0.008310385792422745,0.008352076342602299,13435.515510367544,0.02149826960010263
0.008965223733887312,0.007550147684279154,7519.26351012181,0.01565115661632351
0.009066203102291196,0.007417431358456203,9908.190330158895,0.022195552646613204
0.008447883071551516,0.007473417591666147,10399.609792098312,0.02228279635788551
0.00928955019358138,0.00745873175155207,13996.943324564732,0.020520256175780714
0.009023131933047712,0.008176983423940269,9184.66252636052,0.021774585758605698
0.008711878284832709,0.007623694378616698,9042.820133139312,0.01746280918242493
0.00820866607542357,0.00801464473974349,6626.365048471379,0.012400397331350791
0.008688129858167488,0.007974849476727962,11195.92165229581,0.012203984150950954
0.008671390623926342,0.008107653667303748,11908.18212591425,0.01416154024232485
0.008847335549897365,0.00781624103056673,9140.014659603756,0.022878655131183246
0.008154977323526595,0.007741567375355633,11736.426504581847,0.015620405731873798
0.008289370035376616,0.007923969646977516,9080.827406971748,0.020662565747716976
0.00858938253572616,0.007648956152288137,12247.484133301072,0.01740521535828216
0.008806361346371258,0.007305904969319975,8514.846259633585,0.017061171068770115
0.008842741016858915,0.007568034450596435,10663.543064002608,0.02227817683524741
0.009429206209924485,0.007973334342657996,10096.387017098654,0.01879109893936522
0.00819202258582459,0.007668708051066267,5813.55791686535,0.015516786705207883
0.009370522105791097,0.00721448838719171,9037.682871466788,0.022020121678988674
0.008496267185792765,0.008162529622179735,8864.0861260277,0.02187967219917994
0.008516532168605538,0.007449503339126283,8483.759776504718,0.022181338251354828
0.008622968015878358,0.0076513278332943505,8008.446118897842,0.012412972227047103
0.00905136941731503,0.00763177222337207,11562.55282597819,0.01661131203645192
0.008316695449908993,0.008108481753421574,6273.254387886732,0.018673318002591924
0.009065844751901184,0.007475763056014923,11438.53417281835,0.021493665388378366
0.009170111975487935,0.007222011420522163,8528.976744516609,0.018345252704717378
0.008847981140241273,0.008049086424670412,9369.073042080687,0.01837805962915324
0.008786148191462775,0.006794184089611774,15025.933267134,0.016271130134595142
0.00897733233016309,0.007831035438256601,7633.993701252575,0.013810108112939645
0.009007898903757906,0.0077131362766052645,13016.057774736611,0.01951116315185809
0.009032350478077102,0.006669976121099957,11154.682827490928,0.020821880757948195
0.008895521345029649,0.0071752898145767486,9981.843022600995,0.020136473011211336
0.00938288912880803,0.007542337693947703,10241.497146215834,0.019429660292646544
0.008261665916053127,0.007434607671466416,10896.804275037937,0.013467905868487957
0.008453597768891956,0.008063848436434016,12079.440033732219,0.015476941473944465
0.008247176926287835,0.0074800769446003905,9326.135709348182,0.01857992968419511
0.008577409789027867,0.0077776415068274,7885.904910795214,0.025592845305270315
0.009270438041327156,0.007268018906816232,11325.735199371176,0.019483153900126355
0.00825642828084298,0.00776429840983161,11017.264609958927,0.018210884820080327
0.008129938770170448,0.00829622413502813,9957.021646550473,0.024651894090767686
0.008064472242398462,0.007093129756916181,8880.683904002122,0.020592240463697346
0.008103578382626543,0.007747419769781889,14043.776093247245,0.017318211889198742
0.009321795943753453,0.0076235871265662985,11296.419557302506,0.021639678418096202
0.008842432690960043,0.0073810840890761965,6608.224063434782,0.018286419704343082
0.008405294966349088,0.007603033879541123,11509.710445340388,0.015852917053698304
0.008179567832457458,0.007341877634958996,8749.714496606019,0.01708463432044212
0.009022558048788272,0.0076403212835222415,11026.180257156877,0.017066223419386836
0.00812585319360561,0.007470539822873672,11532.689539160616,0.019571467986130783
0.00805406408781807,0.007734924450504414,10558.38549099685,0.01480622664205332
0.00927187374186258,0.007393145426487156,10105.852209672337,0.02139036441943007
0.008196224577417255,0.008120143491062286,8322.184219466193,0.012762503503684543
0.009060488501879647,0.00818467397099196,9152.76862609675,0.019531270043315153
0.008772938296970583,0.007408344156429399,11661.716145225535,0.017418675686010195
0.008276624348095157,0.007965236890682575,12876.710340132882,0.011033579493752884
0.00824866050569161,0.007443912600621879,9030.479957707226,0.020650850523063306
0.008808152811834393,0.007631925513720704,12997.23156763997,0.022551404935923735
0.00813783413416703,0.007074678735757071,10869.25211622071,0.016633445811038827
0.008525818886319678,0.007497023019527294,10084.76491101846,0.013199647549083416
0.008072078725114234,0.00767323417043892,12854.37813499545,0.013888996053159684
0.009094532235206189,0.008115581090554292,10939.77504868514,0.02319167800135212
0.008141183706482273,0.006983123840140297,11693.438824366214,0.013819630431084725
0.00847447743966082,0.008039160766453732,12666.345640815174,0.017046056409699965
0.009071006384671215,0.007248577246577466,9540.417733635895,0.019149400505132055
0.00865460986903443,0.007623005599197054,12234.649204507848,0.021502910356922002
0.00836405415625941,0.007315798037106924,10390.126338765862,0.016969786516661162
0.008506426629105553,0.007422008115168697,8599.556676515645,0.021245693214936547
0.008801480627792188,0.0076250951329792874,8624.962214731468,0.02072554807194663
0.008459651354459235,0.007856893138946332,12440.7278508087,0.022482356399830802
0.008789747948493437,0.0077845747275250895,6980.897956296811,0.021323090540442142
0.008966625692513459,0.007765992007779505,7743.77370893591,0.016713261986149426
0.008584256886599622,0.007892342343816167,8546.697378627483,0.022185618429140103
0.008103559263165165,0.007266676417575141,13194.54473326121,0.021478827829396464
0.00807469484607221,0.007392635350652862,8035.0533567595485,0.019098615644045205
0.00939671681810286,0.007722519851230662,9115.460054576646,0.017235853200031927
0.009396547657346538,0.007744259816741611,11170.068389696975,0.015899659216936864
0.009084540038196937,0.007354880146188568,8573.114896431156,0.025094044529373995
0.0083610215105693,0.007908361618601138,11526.900935157693,0.02992685075297125
0.008227711912838168,0.00752026616282843,8672.003769654297,0.01316182131803367
0.008114747199142128,0.007017203065458397,10024.133672891174,0.015879741010070222
0.008562556137661295,0.007437003359907902,13305.522678592231,0.01714211019058121
0.009233507676189063,0.007140699359120953,5838.597212718789,0.018682384848087243
0.008388628281360307,0.007295252279522374,7829.320097603575,0.015506912423825393
0.008858832973611147,0.007845230188322989,11770.138766121889,0.017423823277274507
0.00877404465077602,0.0076085347310114095,9487.999270533093,0.023697693988140076
0.009188402765183677,0.008183334896985158,10708.978069092145,0.01406968280184216
0.008916156540595861,0.00755160116412162,8476.573108594666,0.026741406943199857
0.009024323684477725,0.007701528641223397,10760.097666866975,0.012894921961403783
0.009334714871753901,0.007100562237447461,8825.521309780526,0.009169646311516557
0.008217131812459283,0.007894405754891877,10625.762686957656,0.022471858626722872
0.008516594831010929,0.007985986534245303,9126.838548322477,0.022581044386980467
0.0084465617399467,0.00759243700381812,8459.774157174292,0.022742254058117445
0.00937664682727412,0.007906438369802865,8532.869090555268,0.01765628594417159
0.008640472732240853,0.00757825707991269,10091.068912934938,0.020755797596218588
0.008314147639320195,0.00785866282529587,11614.146436144598,0.010157312383473921
0.008368954303708044,0.007743484712051309,12058.102909847767,0.01980124570481421
0.008929554757405419,0.007232575923848302,12183.673955381828,0.016041464428454815
0.008157248421495908,0.007307097793590274,8078.691790534789,0.022272610054432623
0.008943695916668453,0.008883798016895114,10488.655638180015,0.023564983999276177
0.008325667438699492,0.007366990642620497,10454.46558127346,0.020504236192575798
0.009203336630941857,0.007797180739758711,8814.375029130697,0.013072342658063863
0.009321666141142586,0.00794597709859527,9519.538476763808,0.014831707565240805
0.00934531147674426,0.007488625485017126,12124.957533644001,0.016642065503230004
0.008361977038140563,0.007224688442037924,7086.903392724975,0.023137855801533432
0.008778313125203375,0.008165998849259677,10651.857441832877,0.017870082873358194
0.00885115346182863,0.007725635314531105,10409.91501680656,0.02119171767206787
0.008819534669030437,0.007797067417841747,10742.850839905306,0.01861894590850834
0.008315963127855935,0.007077102001328258,10392.535748915614,0.024689903011712713
0.009426251199011507,0.008058325663276623,13490.648441243844,0.020150908487111617
0.008945488560263084,0.0073730528887647325,11280.55407424688,0.020095149826176797
0.009200007381837468,0.007320651168619946,11422.38555010251,0.016349918747711835
0.008334827684378338,0.00775588214038938,7367.5457824788355,0.019977311227506137
0.008328646146303065,0.007633898730974812,12718.32710236223,0.015852431895860507
0.008044307701459601,0.007551709746222823,8321.030056269447,0.02459249943781789
0.008265276198046435,0.007563045735555282,10375.786541845477,0.02571017601524578
0.009410811045759186,0.0074870928870050465,12020.23332184554,0.016566128628269932
0.00932124073700074,0.0072885371248607,11402.581597172968,0.017603018545275673
0.009294056823102885,0.007631887778128922,9229.159551279186,0.020497326487411982
0.008587678454788264,0.007538661915235705,11261.239794731442,0.018126901021169563
0.009333400800981877,0.0069458054691988,9746.953581580996,0.016021413611533537
0.008969315947744977,0.007514420131905282,13939.731649280191,0.01463959161030521
0.008830218858090422,0.007727196965717494,9012.462515839965,0.025397109346825174
0.008217729196742792,0.007262007821601578,11122.214210162218,0.015447269185389526
0.008375162740511546,0.007530863822733703,12219.719242383871,0.018772265096953136
0.00890987107090965,0.007380160976420377,12957.746933869194,0.020682971548106964
0.00839974475232377,0.007303063296456605,8736.015648207343,0.01798352024584253
0.008297717832285488,0.007807633115472518,10044.097250648267,0.01819670882209656
0.008961454465929254,0.00793289498171001,9875.688574383947,0.02111386149850687
0.008241604948340182,0.00783659012640427,11604.447894738283,0.023745893766098966
0.008267274936069605,0.007137169624925734,7735.630386016075,0.027317550454333372
0.008060864266070233,0.007156026707547248,8285.741869053574,0.019818031624014066
0.009338918161890591,0.007798505750464557,13195.051476162813,0.020776418507149876
0.00929535434606085,0.00770474265163054,11877.284447569029,0.01921242310645644
0.008791380377804,0.007761960150157707,8779.555746399643,0.021032304185901896
0.009373496900086622,0.007825856643527475,8488.290017509964,0.017790144829103606
0.008026895345281324,0.007577859812857356,10714.520853630585,0.013663475308960255
0.008117835900654477,0.006748486797127295,7436.284711376468,0.015844766692113203
0.00896579696350232,0.007306905171874808,12342.371390765622,0.019069035786748737
0.008510538414810769,0.006828912785298962,12012.976215203402,0.019601318547042976
0.009215618579999165,0.00773426867418375,8833.096981952283,0.019218858397049742
0.008949504099979631,0.007931459991253723,10698.014903670095,0.01832930957313405
0.00941897756428186,0.007726018490313983,7936.955698548859,0.012300178905466466
0.008365212794373359,0.0074682467837067475,9005.704738944416,0.013966579918465425
0.009433531375613822,0.008263871673904953,11703.361737927993,0.014892688623982018
0.008908920596991445,0.007414903251751716,9638.367725479522,0.019148366603568157
0.009383603981890578,0.006655015158715103,9871.298349850924,0.019924965048471938
0.009283407264290507,0.006970440998162702,12448.977927515356,0.016513030297117898
0.0080269337710402,0.007678976894388891,10424.87256531597,0.015082187502179017
0.008120917485077938,0.008493182899036953,10506.907821794486,0.024446455341118004
0.008288160429432149,0.007976117941102253,10888.72031365191,0.014996989135692213
0.008669054411660885,0.007813377691462437,13387.288818171171,0.009130614201369989
0.008796335730857238,0.007528841344452863,12810.208032442404,0.021300727035609035
0.00807472250828209,0.007091981395793655,9178.33249152909,0.023592925977965275
0.008026325012253664,0.0077477782986188565,8508.18927187003,0.016969243020693393
0.00861169722089019,0.00714314992346172,6830.580299376967,0.022616913407741232
0.008270644004155728,0.007512294403111422,10280.425413555995,0.02229681078228018
0.008150248668233512,0.007831703076739301,9944.000125230008,0.0211669985381679
0.008094473305186745,0.007665596805364109,7849.665201613435,0.015244193885991523
0.0088400636526803,0.007777067051211641,12914.74598140127,0.01619892647764367
0.009322236460953676,0.007900356185762562,10962.678832452391,0.015836961144163633
0.009019686463372298,0.007864746224844368,12631.994784535102,0.018309085061191926
0.009125958709705072,0.00715914026625769,13935.218406230528,0.018188636682610476
0.00889169674633274,0.007875244945895754,11718.333662690997,0.01821980241216181
0.00937036033936104,0.0077163298222609165,11421.333794822835,0.020483107472944292
0.008198065359982774,0.00794312205205972,7700.12949490041,0.02137510818786321
0.008632500174413624,0.007611117101049985,10387.229413972122,0.025148597888625338
0.009075298217915775,0.0076914040958526025,11706.023646457226,0.018827041700250798
0.009176557759409395,0.007666433590227976,10104.74382633633,0.017380239720161762
0.009103584163499153,0.007985427430135921,10429.336521263775,0.019510909592058454
0.008244567901584489,0.007187806062263781,9149.810555776276,0.017536226438475595
0.009190793463019879,0.007009107384273362,6417.353664716678,0.01313758124125738
0.008883683455286187,0.008086626924050716,7930.144414729626,0.013942314042129587
0.00884672810008917,0.0071459971942893705,7850.310657478574,0.021061818537598743
0.008425997996941981,0.007876094598839827,10608.285667135342,0.02168575734034868
0.00855054389965279,0.008095592613499996,8716.67169722388,0.020591806441922822
0.008894027170592964,0.007633516963365501,10636.353186089988,0.021180262374089116
0.00906931466724431,0.007332989530635409,11984.369956697554,0.020570187314082482
0.008606346613207543,0.00740095794220383,8203.37366693666,0.02212716326071953
0.008165719068718328,0.007430643383344777,10840.131141601132,0.021225142932956235
0.008119908730637433,0.007716315555826157,10098.9189559624,0.011886103979122374
0.008420560003327335,0.007886637796646924,7064.717510764398,0.02238347494038833
0.008670397944657121,0.008215268971989534,10727.338906417915,0.02320776447347393
0.008325539493071438,0.007520954060552878,12153.199286309591,0.014252742057580666
0.008689627718993342,0.007474916502633369,8090.11021726543,0.017963376312642238
0.008124084605064568,0.007387943653248653,8816.317109534877,0.022440170421054683
0.008911480750503808,0.008007288229937405,6600.667033133859,0.01460232145352935
0.009270817159197971,0.007071350476014581,9844.548194010731,0.01630419875447424
0.009034319858605418,0.007533190697992799,9871.098387887992,0.019737879559221863
0.0084992374008331,0.008074390655795552,6593.06816213845,0.03055536909963552
0.009300801206912877,0.00718253091017364,11408.965832266244,0.02060939644774755
0.008314981646526736,0.0076903737206715445,9758.8595043647,0.02163918857442297
0.008550380255790302,0.007422012662199015,11549.317634660276,0.0166024405389032
0.00819779856076784,0.008195719620207917,10519.577955609619,0.019450125211295285
0.009139240012005497,0.007872083107874302,11567.59654549627,0.02576196285734799
0.008129461332702443,0.007263577450525817,8808.464243882825,0.023966855811285513
0.008839678548329935,0.008205930573872953,9788.10206107578,0.02007128343010027
0.00901313332013783,0.007268520298828876,9237.284751578534,0.021287030480779307
0.009419256227998824,0.007702540928666823,11950.606362064482,0.022432139659668757
0.00937472701512382,0.008120717876818069,10688.732449420571,0.01761536234020977
0.008918622526781748,0.008185366358176838,10336.129866121391,0.019036404384451935
0.00875749182802259,0.007940964476507724,11772.839054612492,0.018238340026001085
0.008373907356182068,0.007697783745292315,11315.218449706541,0.02191050584775033
0.008256046987272066,0.007314874127656003,11312.914318899264,0.01781181979435827
0.008276466479795228,0.007539998979913608,8918.474690425555,0.015593318056552214
0.008663340011409122,0.007677810244070434,7602.956174207719,0.02026442054054968
0.008540218003843877,0.007502019177352905,7724.36360022687,0.01599836590644766
0.00940645354788697,0.007475019107007636,10407.743422250487,0.016409283864824865
0.008705147118080436,0.008582601484055562,10617.126887828827,0.010485099112656325
0.00804097386528329,0.007779430587577489,10377.76986381682,0.016490965573122813
0.00855701508535329,0.007558468559428447,6781.234903404935,0.02122651266481008
0.00916670196046199,0.006989745180455154,13008.727047828434,0.022310052807345684
0.008696749529206113,0.007175780931398216,8700.263045074847,0.026235134950235564
0.008234102030346158,0.007572098616560642,10435.39096187739,0.01870637119360078
0.008307778135246646,0.007231872303827827,11762.741422277606,0.012184356519142498
0.008667586039544317,0.0070599385666503785,11085.355911042376,0.01324186855607688
0.008332999957722806,0.007495440964422901,11324.093225034396,0.01385433481314426
0.008280164049240708,0.007591093568828069,12046.13552254916,0.020311322965307833
0.008760290847132798,0.0079115560688815,11033.78899609394,0.012125262589524347
0.008553849718378954,0.007830482855385764,7326.267605268564,0.020803599481830515
0.009293010526082583,0.007394743349693426,9850.918711777114,0.021382416089646014
0.008226867061259163,0.007371944259438377,10140.471928742907,0.020662616059293138
0.008757242195269025,0.007567573831673058,12109.238698843576,0.024256895117139413
0.008339581550668478,0.00790811743037767,10506.838333683945,0.020843798123214023
0.009090004616956136,0.00787142562534854,11708.18533000401,0.02462546041342369
0.008045083434878027,0.007656914511021319,8186.73088167386,0.017885498597406103
0.009361770036929845,0.00748625842989605,10442.025424409905,0.014176484883599887
0.008175546115328646,0.0070073883484752676,7643.8901992911815,0.024232236612365246
0.009430986387186417,0.0067966779229253205,11333.755711063297,0.013191816692093364
0.00837454458337846,0.007545975480370942,9365.854874014167,0.024378401975716002
0.009336302606283087,0.008029850209102912,9753.305377924258,0.01563489814732637
0.009353154829850108,0.007844776546622672,8399.942162740706,0.019164571698746337
0.008627339213448463,0.007427001208728134,7169.261475499836,0.03082550766312342
0.00882894054885099,0.007759170202743403,11495.156978660603,0.026022005610786846
0.008235037135212156,0.0080225674451207,9201.228668253998,0.017841203969704154
0.008065224202325262,0.007332583909802549,11099.521626588104,0.02011907146636858
0.009070501469943874,0.007985930709597827,8457.68750890848,0.013019674100365381
0.00934650235288078,0.008046791998035027,11616.84936867047,0.018744042148126507
0.009322025443320156,0.00723126613966594,10635.586341109021,0.014257318910931835
0.00871038933450373,0.00727800756663682,8686.997852725717,0.014021485854286964
0.009170465794089212,0.007359958757309118,8355.90489636119,0.018427761658233267
0.008730157480919497,0.00781012263184882,12084.910774101187,0.017186423734198455
0.008270491347702105,0.007853703437634795,3945.3930854835417,0.018259651863609647
0.009407868868866083,0.00734034803403993,8140.903595160671,0.02551642285233644
0.008182243516619978,0.00712160699622872,12496.598628436474,0.01770034226642633
0.009164425862261233,0.007275310478729093,9489.903512726838,0.019693608016200716
0.008868123292379664,0.007741334020759431,5831.4279818127,0.019698524443036082
0.008663950912674412,0.008156338689931097,9393.051717900958,0.017951822903002693
0.008492029770867882,0.006939481883840452,8877.90562729038,0.02531587742756114
0.008413818931166064,0.007481274802827165,10357.182920510437,0.02155993031038961
0.008306581141743666,0.007125373074615922,12756.901060991386,0.020760272812293926
0.009231673476026344,0.007396389141917278,11193.537522368832,0.013782864477666197
0.008251839498361823,0.007093470886305987,8896.592712127152,0.01649387782606453
0.00942906550718449,0.008179855335046365,10996.481083993198,0.02307992170720096
0.008570604314636783,0.007328003333363953,9685.124524739396,0.014382299598583158
0.008144986808280212,0.0068151799445311636,10130.264512300717,0.012226624728314966
0.008784257370989167,0.007618173943295723,9069.746254313146,0.017794335697208914
0.009165323052007398,0.0068858016060005175,10822.465792645571,0.016792708248992396
0.008358124206059261,0.007785461835025501,11896.005764078067,0.015854456231658917
0.008160737087359836,0.0071996779728776515,14663.275780005864,0.019948408311532054
0.009375348855491527,0.007741822842961476,10016.937768594924,0.012120221649883842
0.00819228542788093,0.0073799971617880605,9543.625498819627,0.025905325412868482
0.009353454210719212,0.007246764754808955,7923.426530135721,0.018707615628473104
0.008860429884746581,0.006769017320675598,12723.984122598715,0.01403671460582602
0.009010433763710341,0.0077947804802065675,8524.259021821552,0.022651494261753283
0.008317576314320646,0.0074559723918815445,10783.907008070728,0.017198969994939774
0.008397390548452028,0.007706643954974218,9809.556494484184,0.01794928517750317
0.009134704191418536,0.007594286256329296,11204.417347901794,0.02283343213569708
0.009027172966244596,0.007150227348245627,8476.383219722002,0.012968123828160153
0.008534969171089124,0.007774890466735989,8791.854254443164,0.012935351061894924
0.008384661166899865,0.0075655279485258116,10616.634323272016,0.020331339230733065
0.009069507758391137,0.007434422437412959,10192.07692999445,0.012315661703921541
0.008818643833588964,0.007544182402372844,8538.166345325315,0.016094331047849134
0.008819764853046816,0.007822895485226048,10186.526107847749,0.022349988691634758
0.008051536405895218,0.007782632958710221,11600.509416102012,0.020767853661315516
0.00897825096763218,0.007615056056348066,12694.94689209734,0.02051797672156166
0.00815224833505408,0.0075918231607368224,5157.404256905187,0.0198696625370086
0.008737393979467743,0.007071822908466522,13132.696190950432,0.019382759535727535
0.008740265305807042,0.007201464033147217,8633.419301598251,0.020707057063203263
0.009251052971906138,0.007919652039704801,11673.833337501097,0.015850207050298413
0.009077720381987127,0.007432109182754436,10787.835672140172,0.02576580564551187
0.008874191737025304,0.007865442441610521,13410.442778685814,0.021667894619368463
0.008367110214110947,0.007340297482182678,11145.722993374917,0.022484642073753065
0.00933230618562503,0.007656052659003306,8847.824874067852,0.020349564675151782
0.009229415927994951,0.007376776052135279,8226.997415398104,0.024708642372737198
0.009294004690871912,0.006890786144902392,11206.458966623559,0.019052243871231805
0.00858824527131033,0.0074570687345647665,8490.871058487865,0.024980105999996373
0.008179325455557426,0.008233872644584937,6108.904187416681,0.020840760020464127
0.008394429932062594,0.007208879508809341,12292.266551686149,0.016667541531054514
0.008944880935452206,0.007306163745927072,8835.25592479792,0.021551659675138453
0.008740381380299981,0.007971702582596647,10960.912307966095,0.015768586311494397
0.008216064558503018,0.00820096990817643,9503.221386419556,0.021185800082889283
0.008768224749925743,0.007893473582637724,11581.017821437506,0.019277185443484425
0.00903548481613716,0.007464689293685952,9070.589226506147,0.020292277978386113
0.009062364378699356,0.007474139973244202,6404.405350840943,0.02249838122087094
0.00940521920575213,0.00824645918199882,9352.131481324639,0.01781715242598084
0.008764406029786016,0.007874091767298952,11065.832674465946,0.01941396556284289
0.008447224460357195,0.007745589661650087,4597.4327962347415,0.016746529058320636
0.008182720630804182,0.007453796626467636,9675.047806592638,0.0224151567392643
0.009309355687858772,0.00850869070025474,13272.673762076434,0.028375336677912394
0.008530012464590394,0.007424990481690389,9037.517297658364,0.020737320424313498
0.008107362429549788,0.007633690932109772,9954.901658761573,0.01838766242830181
0.008661486174019,0.007617143974329545,9610.659709535405,0.021537760553951808
0.008540429317297918,0.006968822941323019,7986.96692487716,0.024223787582306002
0.008214856747761567,0.007466391300863644,12934.20190916646,0.015874200070935363
0.008275918828492561,0.007933542740699543,8522.530485164983,0.024088543214475826
0.008993296960886396,0.00735509682858795,10674.373120026166,0.014091029148208435
0.008677183645659604,0.008281989988188005,8974.263448603166,0.02128651586679357
0.0081961329073939,0.00818359387394168,10350.29792671322,0.018704348897269855
0.009284947871276494,0.007674235767093998,6324.704105415883,0.02301966459056176
0.00931028608354405,0.007095183150969069,8290.625303216168,0.018548247703575795
0.009271287256124104,0.007184511883517184,11513.239583274188,0.019992772908451008
0.00878840452115277,0.007243856812860331,8829.980905165761,0.02622956828098983
0.009038124557951574,0.007911858837866152,7731.458378687319,0.019316704487831952
0.00833181898304636,0.007496214736527054,8253.999766532577,0.01893030095818097
0.008228204084110274,0.007281385473812435,12787.676433617402,0.016448088852199998
0.008099546563782836,0.0071122987920480074,9177.630624001475,0.021517088336598544
0.00853816859788379,0.00801132145832286,10360.269147875777,0.015788082941394214
0.008685937493254012,0.007986625924809438,10511.00157067381,0.016558083345074193
0.008339828359575054,0.007973478449625954,11715.23249585277,0.020227429837116312
0.00943680274773838,0.0073850035603579,10872.238321106335,0.021994683881475168
0.008113732686866772,0.008361855918653996,8731.706740223697,0.008030656166342257
0.009057649698685341,0.008298520516077339,11961.072923767306,0.015915612348304922
0.008470872290934158,0.00784180370565605,8743.47423658843,0.021643511317732192
0.008815517414983584,0.008364996195854695,7090.944785328058,0.016228976930076328
0.008926386784929569,0.007576903211156444,8526.666080087802,0.01958704253454287
0.00805656269431889,0.007196939504156921,13108.068754362583,0.023272426436554163
0.008885316994153538,0.008488250046059142,7964.384777894089,0.013492725375961873
0.009240072890713831,0.007211045567770429,9947.288934287577,0.02150510190926458
0.009210041486436801,0.007570158909813559,7440.878133228375,0.022542923048237365
0.008363607229478588,0.008046220157076083,9449.124105424457,0.020157886298223085
0.00862945424818064,0.007636838903812471,10662.262652439165,0.01594620065243299
0.009233378465861869,0.008213003226210866,10923.449413721235,0.021450328731403852
0.008416009423838938,0.007182142171306455,10694.625601358512,0.014629712134260776
0.008983658463246256,0.0070516428933014704,11237.854980441536,0.020349801213493356
0.009375531998165022,0.007793284542944765,8392.528433579411,0.01674105167373473
0.009129696342891772,0.007609079817854573,11478.717500685378,0.016078946525575614
0.008787974294977999,0.007672155858215695,10490.036948665385,0.02078215079028174
0.008055116450179157,0.00836391169293963,7761.572770550725,0.018810830721001214
0.008698803148080398,0.007987756020817516,11974.639022882067,0.015574058210711124
0.008799882297483656,0.007934564676417398,11729.69010240275,0.02211012736182579
0.008867062794646342,0.007982796919536083,8329.469885911363,0.020848399047175125
0.009280463485022943,0.007554580228364553,11514.49628915343,0.017534097103817443
0.008212441754246716,0.008222507806629495,12564.501653746505,0.020288367039152884
0.009165690967886352,0.008250660757727261,12220.881415917254,0.021393499480835937
0.008635038903569715,0.007172817806815919,9677.045036383695,0.01559589621787379
0.009041024710985182,0.0076359680117844666,15992.097443417824,0.023065794570255167
0.00834342463877804,0.007328449406948808,10581.903764451901,0.01941637756849939
0.008892788335292244,0.007763365254453491,10335.473624618027,0.018150895128464135
0.008537842735819128,0.007933607322271741,9678.125661566437,0.021740722961742613
0.008920407309213105,0.007706421784768717,11119.682945243012,0.015353751852243979
0.009026262953601325,0.007808935871974664,8739.13118295587,0.019133298681194188
0.008964424793531297,0.007579667041630582,10932.204158663735,0.023314407326889997
0.009292019046017544,0.007094960653661624,7072.579528463702,0.014821018779815938
0.009141855865340448,0.00768929005099134,11665.052978609445,0.019444631351747302
0.008900280016201587,0.008111368873506952,4676.902908765925,0.01521706254373639
0.008252904993387983,0.007202293326860698,10754.805030204134,0.01810304058477822
0.008731801899244754,0.0076689405980719,13267.37028675921,0.017850332594707027
0.00815773514351522,0.007529764103029299,8908.929946035643,0.02258417184239729
0.00821335194931622,0.00801229375337942,9075.089958267672,0.016628870949797397
0.009022360468011331,0.008113846642266971,7764.1423802315285,0.020702579157872776
0.008919352661684898,0.0068901949378039175,8751.691729871492,0.02723797754409805
0.008673527835870132,0.007757925399971514,10883.218408245411,0.017959349144784434
0.008518868510990495,0.007382588587744711,9390.214876428698,0.013664931134040858
0.009156008994100526,0.007992295117996777,12489.140739865627,0.020816148483317014
0.008334911362030796,0.008442677141859329,13028.184864498176,0.016924267626739414
0.009355760553671695,0.006860267490283533,12118.8801460933,0.017657208387028597
0.009022340181397743,0.007435676282565192,9792.876573556487,0.025185960456195186
0.008997851923089054,0.0075111368958316795,9892.170465546757,0.01688555055539104
0.009344760946055873,0.00753923904740005,12852.96113640325,0.013139016681617736
0.008312374831112064,0.007336479591086975,10172.437564761181,0.01833439903784426
0.009035310571251476,0.007772323081697165,11493.166216890493,0.018868015054430667
0.009329362573450994,0.007514932500649965,11492.417620550546,0.017778476984610433
0.009177319928314043,0.007684302478550707,8646.311033354445,0.017232695963558232
0.008401191971969672,0.008100850083605154,8316.826465659697,0.021022662001612392
0.008208796181172817,0.007697188196479635,8550.373192750269,0.024282404587939906
0.008043086333684812,0.007897969067671224,12592.290781297845,0.020188050781761203
0.008631002785588853,0.008098262576060227,11830.672586524923,0.012411354153190645
0.008480651851257973,0.0072694815749455724,10191.415915250307,0.019025148713297153
0.008269837956587239,0.0073200555981508255,11853.575759999589,0.024142337735576343
0.009434087362250973,0.006852989560441815,8206.79277846231,0.020695923405280994
0.008772033111294054,0.007886549459296793,11831.263883971757,0.014165269172588306
0.008822595151952852,0.0075138074514147606,8893.861659937776,0.019849909725580834
0.008199360909433727,0.007151588785023585,9386.970148258248,0.019439937407383073
0.009175119088429957,0.0073738716078890695,13452.69543209817,0.022340389455266636
0.00803671188042487,0.007031070977104925,10878.450067604324,0.015235414758583374
0.0090208227368435,0.008025674338869056,9416.321890946803,0.01713652504969843
0.008875998508055045,0.00754180478094975,9793.235603510557,0.025285142061898684
0.008766927555429615,0.007746252905666689,9675.174020977613,0.014061601215989226
0.008374716810096626,0.007832584687688925,11656.951760840906,0.01920107074370688
0.008608574455983346,0.008157838932582227,6402.362740278699,0.02051533233147333
0.008277224668962501,0.007598723920702186,8830.13197814634,0.020946490278481205
0.009058168471609259,0.00784743505136415,8426.305067220963,0.015463551601200247
0.008320509470448129,0.006949788581200907,11803.278880572618,0.01944951590048125
0.008997385770854197,0.008375074099141675,8624.81604631583,0.017706677252542522
0.009341505607418312,0.00784035462000903,9727.177222969098,0.021574996180417978
0.008071983881862772,0.007583572037745982,11103.00590671568,0.011921257039253827
0.008438614894111759,0.0074119494116274874,12465.876376390335,0.020337442753665003
0.008219238942648262,0.0078915097239811,8707.012238352767,0.017877235616249716
0.009047073345523245,0.007627627480046803,12941.222130804452,0.018752018136089673
0.008282538746571434,0.006846987240904564,9522.379213601604,0.020446394389783813
0.008799725572536036,0.007445796110493092,10810.047399474408,0.02601810141296631
0.009347877231516187,0.008059108412640558,11336.479566711863,0.016688074780759753
0.008952564831860885,0.0073837065361564355,6733.104096324809,0.01186204651498096
0.009174942866212574,0.007578803339657878,9408.054811543081,0.016641879759585823
0.00833448311478025,0.007052568151559354,6836.322097600945,0.02328711148247249
0.008271525765800593,0.00791896956294236,11634.595631001179,0.013150699005449353
0.008897943339816998,0.007457159649576511,5337.752165083492,0.021646397396379687
0.008675884694337136,0.007838486571061488,13806.987606357869,0.017985697097820254
0.00820990885474173,0.007375973915598943,12117.388860100331,0.019091607200737548
0.008908892695597961,0.007405585085003589,9891.067321704848,0.019870942733516767
0.008088818597570685,0.007594590138791823,11851.445993648613,0.016315350721811218
0.008277774707295515,0.008145412094288122,8909.117109733024,0.018469633540828808
0.008915912307164063,0.007551141845837516,9000.309904314225,0.020406440894954286
0.008338391212975733,0.006937659030872197,9006.092955051074,0.01987296976633539
0.008585472737680162,0.007769684110454161,9450.94649359312,0.022605749511761638
0.009247261760778825,0.006721609436543417,11223.884454026535,0.020148985049561082
0.008858643591163597,0.007192798977489489,10186.330601041444,0.02028301481355234
0.008857141530992709,0.007555059517504579,10227.75052328954,0.0215371143666688
0.00811891674810998,0.00780746659579002,9734.26172302346,0.020788210881637504
0.008069230872211,0.00810126466008212,12975.764682828894,0.015746605945976915
0.008777150381825565,0.007680380874001501,10720.46639844485,0.02155529342058743
0.008519859486671038,0.007900286979491083,7628.122388796488,0.019564072765585815
0.008946680891320244,0.0066902730074179986,11176.86094229058,0.01818529037978158
0.009056718464536479,0.008223331149882562,11091.319357052365,0.01608177293836999
0.009243346354911731,0.007315508891045497,5597.239787430812,0.016853747798370886
0.008237015588058116,0.007066237699077946,10813.578569873951,0.017688574682271033
0.008363570711885029,0.008257630695337347,15528.547530365166,0.014436868106596855
0.009168454938288002,0.00759983293552039,13954.133871282585,0.022147034867522425
0.008444942316789078,0.0073410372067520555,12683.464944293868,0.02009998233886179
0.008454579191516483,0.007362219703231685,8772.267683054491,0.017667366275680774
0.009324053896362185,0.007265195831488461,10003.57914535968,0.02187104670463884
0.008822939371184377,0.007383368180424211,11100.020207303987,0.019826946913181206
0.008353620929284275,0.007511108822134883,6285.9847860274585,0.01456480141227227
0.00889881889337191,0.007838027519401443,7531.2629464569845,0.017612091227498624
0.008033437487652515,0.007395574157023508,7622.165758267773,0.017970044845252234
0.008705820197308192,0.0071598705184230385,8146.443695169734,0.01660415016364075
0.00834841495243526,0.007526411443068555,10872.584169025085,0.019129301373694636
0.009435266086803574,0.007176044929302062,12986.483388844234,0.023865995921101592
0.008181773725220182,0.008041274958093415,7564.060108673912,0.02009061624264229
0.009193875936801479,0.006994358343593815,7249.447876082419,0.02160166991166835
0.008729934893567767,0.0071811540364509225,8175.916355280693,0.018658652598516505
0.008401018012497817,0.008011982787334759,8569.233954464156,0.023117595099908003
0.008538894163361361,0.006791532634471931,11658.229416521099,0.01702464568743796
0.008347952896037174,0.0070191320512532395,8127.827998265096,0.02228080879327144
0.009396655471404442,0.008019363874578082,10424.546366310451,0.020944324169353618
0.008163396486983983,0.007470074471209539,11141.53947662668,0.024980039474332118
0.008678005079497817,0.00710160662352851,8060.363256090118,0.01741841620700628
0.009090768325318993,0.007443935462975394,7369.556819877544,0.01778010824115691
0.008740520573671591,0.006901668768186293,10696.701494655186,0.02342060453462983
0.008266175472436181,0.007644642408445384,8954.243408749002,0.019255598046611068
0.009356475180844696,0.00799455203879648,13107.911516785905,0.020729385480036812
0.009144076867766894,0.007052971232131606,14485.665668107447,0.02719701056217003
0.008274694179322625,0.007605113458160555,10186.22069778016,0.022291771360065226
0.009391650848132581,0.00806377944247496,7211.562443671722,0.022907577839413735
0.008935165855655968,0.007506974193644514,11452.310497665394,0.020359407845047306
0.008717940360845881,0.007141716662452449,8863.16068443305,0.017663087876070405
0.009326680999097336,0.007540915996134065,8125.153006764687,0.023467267220983995
0.009272973546162315,0.0077883785258166735,9070.794267483761,0.02585768141672879
0.008606931552916893,0.007442657108160995,11405.124756918645,0.020849783979206758
0.008827810765104893,0.007785081442119105,5064.542813742192,0.02018816940204793
0.008297935671292552,0.008042888131776438,10607.407192817087,0.019311569323158632
0.0085028507716384,0.007366328451541402,8741.689010444828,0.025276733063373833
0.008025532356976468,0.007316005552956574,11530.28252711168,0.011759939385084715
0.008025522106194536,0.007318861194665542,8753.764497260414,0.020933041841205525
0.008577691130112933,0.007769259145322865,11015.77616853384,0.022488061343395926
0.009408931008982924,0.00793264948589139,12748.09447904415,0.02243096334403451
0.008727689474309224,0.007809660085404077,8287.811753898277,0.02195964742502843
0.00805188232527707,0.007671061936492567,11010.981918007328,0.022514673119576948
0.008386402656494497,0.008266334508223646,8971.71676932483,0.018611309343018946
0.008161670374347058,0.008631326548240925,5536.365911393365,0.018810088888252197
0.00822243684544003,0.007249824110311167,7216.2188488413585,0.02884455671158053
0.008039679134399926,0.007476801595738867,9691.245951216628,0.012637984292628196
0.008512498541346603,0.00744499335371832,13992.06977907401,0.02400134582737013
0.009389512055100078,0.007912363314302081,8108.607911184785,0.01908586586502376
0.009272244131642795,0.007169603264497027,8796.68726290903,0.020332782242723235
0.008813547045419385,0.0073620186241912505,10993.106814494022,0.028665642214978825
0.008126047988837325,0.007972540333000407,10026.882904683489,0.016697048849186918
0.009010707016252669,0.007403259596011521,9938.346210024862,0.018472129951066292
0.00900461754582884,0.007789715452336131,9921.79873200768,0.018916953784104004
0.00846255621691107,0.008257644400444455,7939.39023928118,0.017739711541427335
0.008448850451920498,0.007882402320170406,9644.899812250904,0.01923318417574343
0.008929333590722139,0.007835067236580196,10001.933454575756,0.019714709495963684
0.008145237276157657,0.007623547706921293,9228.791721258118,0.02174720076934195
0.008531484275958883,0.007853140058843336,12790.958920644402,0.008078795505917735
0.009342885860744655,0.00765984454811998,6790.652814113119,0.01905875306109363
0.00870715935642383,0.0070275015511592435,11735.773072188626,0.01512449366793861
0.009404712587361226,0.0073688560449808324,9999.104248778442,0.01809979669406477
0.008775412635568053,0.007083099248573793,12793.77796262932,0.023524428226550077
0.009207193023072067,0.007139204838950997,12820.023515904253,0.013685373586542
0.008940551453692975,0.007501383926363625,7987.5621765839005,0.02510344300915252
0.009426839663097058,0.006735652004978493,15624.215872526078,0.019076146221877827
0.008847384977577167,0.007304233142244716,7506.409661933663,0.01696037448969395
0.008953322823630306,0.0075585334129093925,10297.092703838756,0.01766988225395734
0.00919503090427276,0.006852453288611155,12871.50139040595,0.016235479785555156
0.008577198153928503,0.007314029888166725,8810.81732788171,0.015447681160398914
0.008191269790637936,0.007584049565093935,9731.484278996744,0.01806103735582599
0.008241486252244284,0.007525666685055501,8611.388459432314,0.020878822166913086
0.008787748846899951,0.007496216818164328,11284.477290111916,0.015081910214875462
0.008631349653758759,0.008156350258013461,11292.812253712456,0.019340799685296894
0.009147618178499368,0.008350509182326838,8207.23291237516,0.01769617588698791
0.008828772923982826,0.007357970702451767,11818.623418592879,0.02116399865353161
0.00919787840202617,0.0072766652521231955,8606.202944750428,0.019510755139292776
0.008976569341779834,0.007804290934859767,5202.266525314782,0.016554158562528235
0.008146506870201561,0.006983891572994827,9624.767819089902,0.01591736860559858
0.008869919121208408,0.00793330746257249,8829.02186440261,0.012621845484452644
0.009398497031095451,0.007494789863484708,8082.899856589782,0.015277323259791843
0.008608106189189542,0.007594991434457025,7455.566352968542,0.02005283585146349
0.008876945001736882,0.007496586787086709,11210.12286614367,0.018880714412512795
0.009223211877278288,0.00757962120085602,10639.264127251905,0.013569968517116126
0.008195195021448802,0.007248396129723795,8161.820153190581,0.016456432412705495
0.00816859090076747,0.006906686099004151,9103.62737619384,0.019158541063624298
0.009222809048820904,0.008089040291605872,9991.937962105862,0.023156329002309007
0.009249269215264672,0.0076439190508511435,13641.788381989767,0.020009095167882674
0.008112373753341293,0.007354792360403133,13675.000238076276,0.015533733698952843
0.009373290720431497,0.007763363852439607,11060.84861239665,0.017670291567538625
0.009287122855644168,0.0077322636835631545,9560.92323422096,0.018222470749422737
0.0085973318481473,0.007812642277107049,9203.479779458761,0.017261127019917857
0.00834701930912163,0.00779176908926272,10244.674930857711,0.02274332825746944
0.009285908489770294,0.008378724531731795,9326.254239573105,0.02036955210751768
0.008064877014028271,0.0072826270268448,12064.704602391794,0.018871995320517025
0.009214807010126117,0.006676389161217493,8587.814991553683,0.016282341868045388
0.00905090743645712,0.007498893221943896,10654.904242860148,0.02164332825003499
0.00854225550617835,0.00753261195010568,8598.760787149158,0.020267688358374676
0.008180534922803885,0.007588592783905469,11779.836543897005,0.021204175635260135
0.009312664636020073,0.007683622539360149,11280.555336545669,0.0156783319120835
0.00874783342818517,0.007334211964657388,6088.099028051045,0.014382862055986392
0.00809788705368263,0.007467486340940287,13401.945374669513,0.02313847938600426
0.009303234674849618,0.00721782758724953,9485.292920927643,0.021774889879578492
0.009087429631185567,0.007354737429516844,8155.43453614178,0.021277355009414464
0.009285334802512552,0.007124979099277319,11179.798136608832,0.015789268988392294
0.009197989884322726,0.006760244629822359,14706.405340333673,0.02605629103648029
0.008101339362637574,0.0074216320001485574,8967.213579011637,0.02607114936226799
0.008623932822441189,0.008239302606420624,10912.091333760496,0.023390349901223937
0.008765866220081797,0.006850948900663924,10904.456690655015,0.01914613206026563
0.008153134258810051,0.00786348143098655,9061.950709027371,0.026927126709907837
0.008655328234065575,0.0076915074240457995,12357.748019838196,0.017753681194669312
0.008633549073762065,0.00794554660417996,8732.965757409236,0.013820803344727151
0.008520584270951984,0.007622608097022515,10831.572362736566,0.01471672431597977
0.009163251556439789,0.00740704274240082,8084.354948117251,0.014638393399107347
0.008615151801784727,0.007473918968524503,10674.130329118874,0.018129909220755552
0.008549972225483761,0.007780587566461842,9693.292281570619,0.024541419146084417
0.00939389675174419,0.008016127042463779,10808.769956009002,0.018611197002031055
0.008906764302647564,0.007398641938330379,12498.953081466403,0.024559441584633912
0.008569804420051823,0.007914772179655201,12005.784135655682,0.017140551320318873
0.009304028101543597,0.007288515222806403,10328.338461631429,0.02181381137722637
0.00819730393125879,0.008579014971918519,9639.936914489537,0.01849853202916187
0.00816184090761197,0.0081755976716041,9626.283385729383,0.017851103961855377
0.008485790262997188,0.007895994765766289,8844.58168601213,0.017311109390685177
0.008807256807573712,0.008498991924941707,9979.43380203729,0.02441033353027357
0.009407486022802572,0.007696975684608389,8299.167945615443,0.017320337552652162
0.008615109400193575,0.007557135536410191,8415.856698102409,0.022642537983851137
0.009112922803324708,0.008553357827372285,10988.011689362198,0.023445051888609767
0.009302121840477628,0.00823337265722631,11397.773474420508,0.00901413502566597
0.008949440325945957,0.007402223048850626,10072.558384949454,0.02084566972782472
0.009199851087316337,0.007648092566728723,9980.840123948185,0.01849938914279171
0.008342149532782561,0.007534137352520089,12853.935106753306,0.024615972974446603
0.009371675828061948,0.008039529949396001,10804.744595711769,0.01988400500653623
0.00936378550409269,0.007684523921918579,8150.890668160315,0.018086739201808383
0.008052610208726703,0.00786598423431513,9892.80804277689,0.01921336900789279
0.008611871992066655,0.007045832573536303,11363.840877886518,0.020952674955027152
0.009031829693483467,0.007803559160337724,10105.709863346112,0.01448019005940444
0.00826077241528217,0.0073868727617721255,11277.249891273625,0.012286453091618195
0.008300609191517053,0.007256526562865023,8220.498189220782,0.017737121098485815
0.009154858034154832,0.007546353724936271,10208.394826909796,0.023457552883998384
0.008523453916001424,0.00753528732547217,11625.220043600424,0.021467172007774923
0.00825401551359762,0.007383320381595417,9155.527287752951,0.015056616393130419
0.00921704716276984,0.0072339873618131115,9259.390220451143,0.01945900417315721
0.008110290476999195,0.006788435378264178,11230.10485610725,0.024686616451524014
0.008442718911801664,0.007666059908217832,9540.066221814854,0.020334215781343885
0.008859278406677662,0.007033627341555538,10493.161030691415,0.019091968908148408
0.008584308847131683,0.007648746928274956,11890.154823863644,0.019714486196030386
0.008963563571369555,0.007442589044567482,7513.056657007822,0.015465349146283976
0.009110452982612935,0.007607889529032492,8419.274861855307,0.0143455572008272
0.009074989919189563,0.0067113909805345895,9327.693552382998,0.011573776303592211
0.009168791212857054,0.007561891161768769,12430.093397106226,0.016423171625451188
0.008559652040184359,0.007525803162287664,8688.780445163447,0.02084440502437737
0.00883463389270331,0.008105047791537702,12013.668627719784,0.011445284104447485
0.009366089661128838,0.00784882506911128,8498.326769620098,0.02000479240430493
0.008170217534572949,0.007397653413955439,10530.240767944419,0.021266851436320056
0.008720290375193283,0.007899326489653693,9143.799413391149,0.020060988946257328
0.009120666320858532,0.006636585357170914,9014.163032260134,0.017357403479713603
0.00831098514546508,0.007122940603581576,13042.791990647165,0.02192353530865046
0.008391882947802534,0.007711766086139252,8496.764110260532,0.02328782663016784
0.009379932253290126,0.006744855785894773,8783.734830796564,0.014222565287263057
0.008939903076165483,0.007792643945200245,11602.542109589203,0.018013532167133337
0.009005402390563931,0.00734694082743755,11883.35379853356,0.012977081079380146
0.008655340052929483,0.008103331069399465,8166.2955316182215,0.02215931423523707
0.00813063473463747,0.00750693090125082,8002.472659184653,0.011681472247253005
0.008832537493006925,0.007481555176355453,14211.077909009991,0.01708277288054413
0.00846162254371396,0.007967755790723034,11464.456078288515,0.02517138927665075
0.008884775549771854,0.0074526644979606566,8548.154563084816,0.016376899709554846
0.00845006930419608,0.007448777296048004,13840.360135322968,0.019488377659151207
0.009100484298195,0.007434737334204755,7064.084993093468,0.016000374487383076
0.008832144995515033,0.007683518201888866,7953.13705598145,0.01597241018603524
0.008221855340236532,0.00816213341373279,8517.761701905742,0.021600418707846653
0.008636007587302975,0.008093675343354038,12850.80857841481,0.020326692807129426
0.008878418977529959,0.007595463139417725,9861.994088685231,0.012899124498665968
0.008047386587017685,0.0071612544908497555,7585.621103485486,0.018312123035912654
0.008513322006675473,0.007861094610326684,9979.514509307157,0.018517166257972676
0.00907048913941312,0.00736998212215072,8335.92257871314,0.019507890689901723
0.008685424164968937,0.007466558100742119,14872.817663809428,0.01864524020384719
0.008615652874570532,0.0069637001156624785,8567.738373685028,0.01609987121855745
0.008351260914969533,0.007513912473687874,12534.762069583285,0.01630281690469232
0.009429255125529284,0.007783127744035096,8186.523272348936,0.018511645875632636
0.008234195979645597,0.0075709841437097795,8761.432155673801,0.0180302095323189
0.008431156736209651,0.007487008699662029,9312.768639993617,0.0177612775242683
0.009294333178026727,0.007330459535656921,11356.699595507009,0.015855859186235235
0.009338572111698305,0.00762742166793997,8134.232801614833,0.008759087591947113
0.008677613155260572,0.007307706767982439,12706.754767575145,0.02529677893472123
0.008689094226764338,0.007211742731926138,10041.489111788695,0.01786185771009402
0.009414341979213266,0.006499001327087408,8579.816327377848,0.02284998425587911
0.008401523727669835,0.006927007226201814,12525.141242963335,0.018255451835646974
0.00856638896541438,0.007470366490342421,11996.189233148292,0.019993228739864796
0.00914682799975429,0.0070997325479352355,4624.61534107584,0.019107188213958917
0.008693885803105136,0.007950039524454052,8678.763624314704,0.016971934439630666
0.008326115169596115,0.007160812071352079,9645.772748754958,0.016517508733700247
0.008841967661797972,0.007232483192915337,8128.2840278773665,0.018909753773073426
0.008297799126386245,0.007809346230761989,10060.826207503967,0.02392865060091846
0.00815273855970782,0.00813762721846995,10763.11291951358,0.019657710396551495
0.008882813901867927,0.0075365510948176674,11724.465185052879,0.02405654331297807
0.009381835880442255,0.007319685938125319,8185.071716391667,0.026327624836389712
0.008897826951239016,0.007704903561009959,9583.011102761671,0.017100040605007694
0.008905857966124668,0.006425600040617629,7723.693749218838,0.01654856623783801
0.009199155798822523,0.007240996766649812,11790.039501978265,0.020618374542737558
0.009276445789694256,0.007702047890846247,11245.516189459817,0.017736852088256653
0.0093334170937841,0.007769685848900366,10501.960570265504,0.020194208660251275
0.009334107068549124,0.007710352094020263,8430.177476541772,0.020195651300057103
0.008994839373807484,0.007647617024317392,8483.45972155109,0.02163481342292395
0.009283142888509193,0.007969685427199731,7380.185608144007,0.01955856526048989
0.009318100894988876,0.0075943149581581305,14301.762918039305,0.014922085903531746
0.009005321297586305,0.007825546388602462,8768.090586643562,0.01912667507063575
0.009309645419070377,0.006930814791654662,9856.380948197233,0.015241683893713968
0.008691886762081621,0.007971066535783139,9941.844152543525,0.01831336918717098
0.008552182149454324,0.007535696948377267,12218.508897960095,0.019848133496760362
0.009065325532904789,0.008300847584254296,12361.992764349048,0.020170076038319953
0.00901991893610095,0.007822793424305747,9126.262315533868,0.0201329120396984
0.009059550944853712,0.00751408528473366,10184.45046134402,0.014370049102402659
0.008317140182315204,0.007857583674014304,10859.796614261786,0.02375042683756745
0.008570924883388698,0.00715871035899004,9993.713296248834,0.01948839385281523
0.00868880552692202,0.007082382052839511,12954.599739593075,0.019423778354177915
0.009003483151395517,0.00782299330959382,10635.500753135208,0.014931256273996694
0.008158592567520941,0.008275595898194033,7415.453251682555,0.02281053936429821
0.008373854100575,0.00701672777518836,10511.922073132631,0.01680624088212398
0.008719396300427661,0.00822145209110099,10997.671952039522,0.016882927841061938
0.008143765302414214,0.008280506420553991,11422.550054252155,0.020587961605727085
0.008394420103375683,0.007774694564375809,12434.514080908906,0.018270203857807914
0.009274228878064998,0.008428080897264266,9092.594081703293,0.02531656730281743
0.008343254060079392,0.0076344158012227265,8888.568957786982,0.016602260786374116
0.008341271931164223,0.007706180765754333,11315.76806456811,0.016366168121460897
0.008732320151331782,0.007904359903098736,11061.978035662136,0.014728618158134392
0.008593275795316095,0.00794885850944901,10008.825900883177,0.019434030932735748
0.008639290352259408,0.007272466660288067,11637.169066564553,0.021187562895704705
0.008897879810713815,0.006651266073453456,13794.340335151415,0.015415896396430004
0.008147333986185912,0.0072240454319742195,3822.2156858398466,0.011207142392091115
0.008794846882985694,0.007478178887555492,9023.863413622761,0.01847972950398225
0.00833985421855733,0.008135702510251601,9898.573117334627,0.01877902732837144
0.008135917988153512,0.00774326362831437,11490.862858920356,0.019657361692240742
0.008113034444706672,0.007522662264600243,9214.582920864714,0.021412649962041164
0.008799956506461948,0.007534568172803954,10757.6145865779,0.01820224227414052
0.00932996953537095,0.007581573759196895,9112.939256116435,0.018240698934861594
0.008795225494045295,0.00756933608405443,8771.404784540882,0.01742353000606611
0.009268654207056946,0.00771732587358528,12557.067207325437,0.013986133611889346
0.009213265302835387,0.007303724925424112,12345.090232698809,0.020388920119414143
0.009263421954028883,0.007830942201725352,9048.85005104133,0.013839422199982833
0.008613988708174453,0.006900387984585156,10175.94313294683,0.01723619295436452
0.009147429220269275,0.007528904558944941,4137.8078934126825,0.023175859268049756
0.008080233724352239,0.007462688777778148,6826.878787430245,0.023260140791124137
0.009236772247076856,0.0073937738606426,12017.174346691738,0.015690347524347153
0.008295381803554686,0.007552689854091029,8218.477280858398,0.026420801714895553
0.008698639516041159,0.007183399601078103,8541.795451780592,0.01756457354525663
0.009259563908219515,0.00808389940451042,10782.655895178237,0.02170423526606052
0.00898897332768386,0.007265450436717488,7614.783192565906,0.023199083572269224
0.009382691362323182,0.00761150161618643,10445.391549145961,0.02019966110991562
0.008157919564445717,0.007529077304403079,9951.05444658692,0.0148235937319478
0.00935504670615268,0.007965083215610257,10833.105533270882,0.01645519416800412
0.009233348215348507,0.007452798544840197,10098.814201489238,0.022843337000942786
0.00940326440395563,0.007527185555464922,13093.345286700513,0.0234540756094318
0.009099531208937176,0.00785829714498714,10220.688710013117,0.022925421050489888
0.009312570637233768,0.00745068537018879,5102.719984486228,0.019972154432088506
0.008468139775574278,0.008909415995476566,8013.565505670665,0.02625605706180808
0.009365328694218128,0.007849351366897777,9661.827730297784,0.0216536711833906
0.008923870669132698,0.006848934676013229,10580.970030195684,0.014711215809756935
0.008477633904329767,0.0077079668580947195,6562.955646138599,0.016989596500690755
0.008741521911128083,0.007773806995133993,11034.026808757777,0.0186204942274674
0.009208821105718787,0.007948970993887416,9222.323604202878,0.01923893535104532
0.008956794829539837,0.007648428337329881,7635.412033030919,0.01832743902730853
0.009291920554395284,0.007048838341186154,9471.144708402153,0.021099698783690782
0.00837136927811527,0.008288337618193843,10284.915852380187,0.026850790311546417
0.008748875668541522,0.007332730998940949,7902.997609286582,0.028338681184975387
0.008220587223523227,0.006970632134721117,10062.163916391808,0.01886095227797664
0.008784336253044204,0.007678528667858554,7222.793160763333,0.024331661444722853
0.008973294682415527,0.00709908539402377,9400.712207006598,0.017936613078054955
0.00873462664673288,0.00795535682793419,10749.29274020042,0.0170484431119158
0.009342397214050856,0.007620165131903071,8581.819969451253,0.01615531858278045
0.009218898259444063,0.007880879530508323,10483.48806239269,0.013844384778772527
0.008025098968924765,0.007544255716691335,9250.658501451842,0.010710592867050636
0.008509542826618924,0.0075749591561651035,10451.091688668554,0.015458197653093093
0.009244782978414804,0.007968913142977757,10468.06766114585,0.027188995310273655
0.009255175679756221,0.007623515044761852,10142.495905907734,0.021113497930804026
0.009299793975795306,0.007700320509622662,11377.027037637825,0.01899233465592359
0.009249130884882132,0.007552127750083997,9387.212440205956,0.01684902114332923
0.008725440110565755,0.007262815313323512,8946.140531202527,0.017272273608335508
0.009426268963397825,0.007597486331768416,9919.97019440211,0.019787111767681203
0.008435510361276478,0.007841862244436093,10063.925336028142,0.020091522013167624
0.00870768731545016,0.008131866307946297,8321.797244745681,0.01654960741701876
0.008728912284749236,0.007146313211442965,12584.06233127301,0.017740415924550387
0.008825828523833672,0.007902774927012855,9950.390461666975,0.01882067108423347
0.009245150462752379,0.007451165871451525,11709.860290793877,0.020034323316704322
0.0091182605795549,0.007848066873234624,7131.645771379901,0.01925384681411371
0.008402139180866615,0.007646154756708205,7307.142879246654,0.012053046883657808
0.008410083987050026,0.007808541857510197,9888.745990874737,0.016792273876134932
0.008482209608586935,0.007356278440972532,10926.5430270474,0.018445619060787503
0.008921550589775428,0.006845606989736126,12341.655623041797,0.018305001087483726
0.008342125947072536,0.007510166933103692,6774.297421635514,0.022257068055298847
0.009241207494144086,0.00736648327030147,9811.528729297626,0.020874456357319864
0.009162342479654693,0.007401012227832641,8515.427039726696,0.021604889328397315
0.008329928784198422,0.00806019341724368,9402.696432567322,0.01804608985454197
0.009189099530784691,0.007307848936791648,6386.726473470495,0.019253775039729255
0.009012147982689503,0.008169556458623354,9484.626984872973,0.019620456742767047
0.00917373144906964,0.007309363773972483,10412.868682546881,0.018857458479958296
0.009408098221769315,0.007010195425750269,14362.582406741756,0.016005173682419195
0.009245586236837333,0.007671826595399688,10713.156511976453,0.01925372497353654
0.008788728777208746,0.007567764513968591,7655.529143823298,0.023632893688899956
0.00806966783959508,0.007569059276296576,9006.9613670065,0.02030567064989296
0.009371111298689198,0.007835563817886223,8018.351012001233,0.014042613793389816
0.00924737542518599,0.007927894462825063,11558.067210593297,0.017829177530333647
0.009003786224248064,0.007688861972460688,11641.933781794,0.020623935712842375
0.008659395772235347,0.006957263265049741,4621.53269146391,0.021843439536851403
0.008901704897436294,0.007613743778460472,9682.579412769284,0.019319201530182347
0.008043449014239404,0.008138894300830521,9759.818969696444,0.02187066730450306
0.009197729125686184,0.0071087473595506595,9213.839033766897,0.014447926805058908
0.00880888568474844,0.008243358413717698,10071.088308510876,0.012105906091071934
0.008414096731572817,0.007786327682698475,10572.089384816383,0.025309526525448756
0.009223117758665949,0.006934966724862148,7568.845799831162,0.010244252897981443
0.00823328243110693,0.007543434832391058,12201.817611000744,0.020123632421026737
0.008632015122033493,0.007134804011781778,10062.276638072597,0.017993828162730076
0.0089017630386241,0.00711631298267473,7063.785294700319,0.020662097458863157
0.008212359437757883,0.007763858785599195,10409.676145726151,0.017436695744051458
0.009287762453906324,0.007279808286753001,11721.687170755025,0.018919812410678503
0.008235231554263915,0.007605682075751626,10073.965868735117,0.02164295002764973
0.0087145149397426,0.007850419041019234,7748.764776279964,0.016758218449364762
0.008185744981115642,0.007202489876666394,8934.647147904363,0.021415078285044426
0.008355245601563248,0.007920255014100727,4224.127051790056,0.017479705374124792
0.008494608742832848,0.006800408253024509,8431.176310494098,0.020786460625441764
0.008979500831933069,0.007578569421900669,6990.676370741514,0.021366163134580205
0.008695401224492959,0.007511086291027843,10774.433018677497,0.015492360872690425
0.00846835755396303,0.007000484006026813,8974.838815759902,0.020301998864766385
0.008025536567611229,0.007890018606519793,9160.751717091596,0.024299205511083912
0.008067086915784755,0.006953081551563859,10070.227825002716,0.017235499448047895
0.008891840009715438,0.008060427751635298,12216.078082340453,0.018594203468970203
0.008805624240950445,0.0073046379701484105,8456.879121957929,0.018636712339768224
0.008543004163004825,0.007753338412382054,12112.570464470034,0.00782456555491699
0.009257749053119902,0.007830208958847654,8818.595835236565,0.020564027730909512
0.00816771752136763,0.007188793023779372,8362.703280042257,0.01882222287127748
0.008599424172351735,0.006997320542947969,7701.921738554531,0.019716481760524162
0.009024339524234905,0.007165562751502229,14955.214301728458,0.024243668287236612
0.008203805131837518,0.006856509350732371,11980.551281299566,0.014086856088237842
0.008401490988300224,0.007870182978244161,10214.379120209978,0.012681451524140134
0.00928995273940184,0.007770640960929364,11018.701757249406,0.020284137528435216
0.008037337367390991,0.00803151756535709,6390.812808993023,0.025216206379627626
0.008422365051953108,0.007491424417244999,10201.226013236781,0.021679164682963617
0.008754698190637133,0.007087197132888889,9712.273919229932,0.011250498966977733
0.009055837955846226,0.008132494335743094,6996.617780437069,0.013301779740422539
0.008248395330749355,0.00767762384423338,7216.5509604459385,0.010002740449845338
0.009040201233404136,0.007354991988321488,7381.090087655744,0.019812503382896716
0.008927488102810544,0.007659480265054056,8459.634759300987,0.018672494664733245
0.008920982194591741,0.006488300096026461,6097.729131702377,0.018444267803821607
0.00860627872316916,0.007980032033127393,5056.031735749062,0.022841511032654818
0.008558247209398193,0.007667126351534658,10514.262502225976,0.011034114645071482
0.00930084688247523,0.008129834578721682,11040.509420660139,0.021566237492481707
0.009174687813611401,0.007839500368215787,13617.1280575325,0.025545861180936578
0.008932343629691478,0.007121047924197872,9668.607413785188,0.022068898294821136
0.009157385752897065,0.008127517699786438,9382.338182852305,0.019003724623191096
0.008152834879454757,0.007645755627754466,12237.399490132037,0.020575617785613676
0.008080107484049573,0.007812606311280914,10957.559093264952,0.022508428273073
0.008374423175287209,0.007078518660663486,7481.743943375341,0.018834796943297916
0.008638213787180852,0.008019632165735563,10907.319462319923,0.02097306337240739
0.008987208398537828,0.007642038587146,12286.115940783227,0.014194174296277846
0.008604148550949337,0.007623897416871742,8741.269220542983,0.013664484273567978
0.008419418222248357,0.008303717284701952,10724.202278769679,0.020127154374312155
0.008891881323496978,0.008088541383921177,8798.731714993643,0.016032957956181138
0.008455477796898923,0.007356875624515871,8866.69315008998,0.019529898615805213
0.009401643614823256,0.007935804517232073,11097.898165567382,0.006682518020523451
0.008583770376046296,0.007709271693892338,11640.328200445962,0.018097391057854406
0.008700834493290965,0.00717265804438623,8423.230901077442,0.013545602114542813
0.008469308559500809,0.007696889749307911,8509.722734479781,0.013532523765798072
0.009393139806653619,0.007289979612643313,12570.35017695197,0.02712140469049873
0.00918382038774337,0.007390718032630882,12004.686245060422,0.01774242396042674
0.009219845139494759,0.007426100945123925,10975.581440035528,0.015438871463429546
0.009328733626333028,0.0078327838520223,8966.835866395108,0.020274798211460332
0.008560835016775152,0.007638572073483773,11839.18769198425,0.020797688333489134
0.008129645401357733,0.007142998958085936,11678.391174307368,0.019557682100617806
0.009418661106437454,0.007489977114388281,13670.878793226537,0.01777325348795609
0.00911450369475685,0.007177776293927002,10580.47753099026,0.013571412639271908
0.009378462263624585,0.008234534066661067,11940.047285170218,0.014753017010147581
0.008122414680715303,0.008249102824772326,11092.141770646664,0.025060355911494945
0.008211527231987937,0.007568431755658611,10034.319715469788,0.026254742501740494
0.008791380830956177,0.0069718574842621206,12668.02464148134,0.01872035578156582
0.00888136554139041,0.006738225243080975,8119.225818483959,0.014992129195490924
0.009222498956565827,0.00776615427233185,10253.961379868713,0.01988857866015707
0.009336108413728719,0.00749506255823302,9253.323280146216,0.01962670807397511
0.009191684337399588,0.007285654811845845,8557.679502804762,0.023099677485111457
0.00810870734675294,0.007825495878272836,10223.80217583763,0.022051113552762673
0.008888439426232035,0.0077404572967946115,7088.600483422952,0.014504717707971657
0.008211292947777815,0.00744084233973997,11951.293097275218,0.019828018872936785
0.00865738235521055,0.007851329411423994,11201.343047004064,0.019487497285791217
0.008716593949298707,0.008136477030852324,9604.241616510033,0.016636226011332723
0.008344056017285885,0.007689222211282098,9705.868333695846,0.014810729899604844
0.009107680325230459,0.007794068012312827,10091.860144912043,0.015825995080479924
0.008323194182549006,0.007629896647087005,11077.783021157855,0.02127849923491291
0.00832336014367285,0.008265080356983399,9580.569495089449,0.018110703483990322
0.008210604859890879,0.007737236466793131,12082.321432000885,0.011385481279453324
0.009338712651727057,0.007473528194238503,9406.41198313925,0.008968459336802362
0.008812257301600991,0.00767256436370229,11470.179409153192,0.022312201140078765
0.00809456133914019,0.00717148753394948,8246.425774956897,0.013204687455963447
0.00899004366204666,0.007850002428574393,6488.371633424069,0.014757264417670854
0.008305633654676809,0.008207443563062845,7156.909782162974,0.014297315064748257
0.008546896444382154,0.0065968547414199255,10774.882743847329,0.021873933322769087
0.009225157078772202,0.0074223924545875775,8723.43710065275,0.01779749468882178
0.009060328373243123,0.00729410389730243,11268.28091613507,0.01704910416263334
0.008284592892739256,0.007261081221606261,7820.652242328024,0.019230441948019577
0.008388130653192525,0.006869004581819108,9299.486434026461,0.014644314386981305
0.009300205810574266,0.007481565676472871,10823.757643687797,0.019862910365926884
0.008451129517057449,0.007400242979162009,8392.373308740749,0.02872665520161006
0.008625849452381096,0.008279494586351892,6675.383277596289,0.02224759343904141
0.009090485195987113,0.007622019918067682,11614.940857444231,0.019795164736898817
0.009199607622855592,0.007185801786255984,10025.974537145627,0.016183145319762803
0.009359023223310604,0.007044088988237125,8132.761240626472,0.017759837094651697
0.008754824398860285,0.00836396866842639,10740.26428511091,0.020154442019910776
0.008561339495057309,0.0071357058298044725,8130.660648279685,0.021900640748361712
0.008546335826487185,0.00807449590104248,9018.028194658553,0.017548922190806407
0.009406274562868133,0.007675073493631727,10935.901991484807,0.019665413311571255
0.008252235764130846,0.008217369627738913,11121.514136819591,0.022240234334517505
0.008744240619430983,0.007589324750724509,7334.821793352339,0.021725419643365954
0.008740207216010928,0.007767389657376132,7352.4549058613375,0.02015145145631913
0.008925323494374318,0.007106314411267301,12672.436342909736,0.022992441833374948
0.00895715299158261,0.007610298210344705,9687.317370749794,0.013738540185602548
0.008294585847816954,0.008156520837773303,9062.597889495915,0.018692910693993654
0.009194155867232138,0.007769913487117225,11466.148016199353,0.022585785322081796
0.009149884992043918,0.006998728931303149,9012.734813913972,0.01935767751832583
0.00937131619298745,0.007008262911226039,9109.017724204263,0.024362293009672274
0.009236143869802059,0.008359612895505648,7788.806765882993,0.021012110600244452
0.008700628324675722,0.007604274975161219,14744.922497374815,0.02014834331589512
0.009069546762269128,0.0077296297660667795,7263.236010176568,0.01825670415568878
0.008706652254692934,0.007211463620457906,12664.634315597588,0.012990059554540249
0.008930893085816674,0.007365316779988912,10541.520893316805,0.018344572899925513
0.008685514190021617,0.0077603656600183065,10527.979754611033,0.013677972793223109
0.00908534656709077,0.00788353143384597,9009.041778363744,0.02208738866085946
0.0083847207973336,0.006668580843955572,13118.81849702266,0.016956687836727477
0.00878447615005401,0.007580826988380791,10828.212895276449,0.023479850056497043
0.009375118198126062,0.007745221078989121,12316.22473196675,0.01793368279881016
0.008993096844741187,0.008031600459139096,10781.175370818524,0.006082272736140882
0.008536965315396468,0.007800614047234713,10811.516467244326,0.015884962203085298
0.008520219434320929,0.007602620997402702,10111.026203434825,0.017866014137230997
0.009154772209570878,0.007407282311051124,8352.95907372749,0.015632926066762934
0.00815088045467154,0.00725223281038498,13513.195140915896,0.016653995522540124
0.00830252666618467,0.0077953271364062165,7448.319343480919,0.015696711674789362
0.008093832405532322,0.007344502104459167,11386.81073244082,0.026571875098695227
0.00939271596806555,0.007248453184406023,12152.337033847642,0.016887598558987842
0.00909237265491633,0.007023567053251522,12174.54887238442,0.014835384543043381
0.008148868547781202,0.008107980931747718,7905.535098823568,0.019481388446876566
0.009095066842111497,0.007394959693078369,9960.837268662906,0.01839989845463638
0.009053464131007907,0.006946191501566478,8814.4930507513,0.02118331459026908
0.00939059644784216,0.007698911418025043,6323.956676669054,0.0218043161470424
0.00862059486382259,0.007767619717286802,7232.495997037877,0.020687747306135398
0.009049575844941224,0.007121724030889145,11207.740510220583,0.020383986606355344
0.008508002572296652,0.007950014472808352,12794.651844488373,0.024466567061436094
0.008794924710150894,0.007077917970929015,7568.94169971982,0.013658500155089995
0.009122847225626897,0.007082578873129265,10902.049550821477,0.019653827172003688
0.008022528176880445,0.007732027911063846,12454.601878098036,0.025204596816966837
0.008207480396249803,0.008018014088431764,11463.602958518728,0.013374864911710894
0.009326090965878919,0.008162149450824139,12807.717901873468,0.013750981628100506
0.008744418323443562,0.007811201895447226,14105.479198175522,0.022709559934629992
0.008317516656573319,0.008062492763282521,8682.238342633887,0.017748898037868954
0.009194114969488063,0.0076191389727343194,12829.06723097694,0.021804561650701628
0.008345741865877545,0.007282973615414799,11149.25349728613,0.023362962724126992
0.00924401306678115,0.007803007647759082,7442.148839867169,0.019022310884431425
0.009344836188963852,0.00699530159433133,8899.357765728562,0.02472537928236753
0.009188248437083829,0.007600129379366076,8321.111175381418,0.0179745500770807
0.00939447904425097,0.007651321475006525,12482.610194285851,0.015209876697624166
0.008513687972865768,0.0078014209540686035,10465.785277193361,0.017151929026558696
0.00931232596502744,0.0073231175280716486,9800.872067871767,0.01764491340023807
0.008508357326054792,0.007886150741430118,6345.684219143741,0.021824372128160338
0.009420026664035491,0.00789087355626616,9103.462846320741,0.02649408347899235
0.008549867172996266,0.007796124175289952,9384.026373204637,0.021408760713851276
0.008037717058614648,0.007215237144856862,7873.096203130175,0.01871454597353767
0.008346025936174025,0.00745642545811769,11396.22468536343,0.019533151828415824
0.008376023333555369,0.007724020740931805,11961.417173068834,0.022828201457400627
0.008758400614566312,0.007262279248203244,10148.002324428171,0.017780130694267912
0.008244498718411732,0.007362340199359401,8438.34468454025,0.0185823600165612
0.00827481646892186,0.007709164498050413,11401.501958957491,0.013907836634525234
0.008633117656235098,0.007346254327061122,12327.643146827973,0.015143963190034858
0.008786171570321166,0.007782561619647069,11631.909831037477,0.01943956730046978
0.00937219037125251,0.00716178375250442,7459.462933604925,0.025455371585815945
0.009348077028382216,0.007490098968743776,8910.080173690785,0.02245793857829493
0.00850553121663185,0.007408889506368163,10224.896094589005,0.019084670141852528
0.008660803201841198,0.007417271380582018,13248.660035803096,0.027235273611048372
0.008903349523735393,0.0077808452082534065,13742.71598134462,0.017934627924800137
0.008390602610226368,0.007265623233624885,9769.089030716592,0.0198405849216534
0.009020456299594637,0.007031170885368424,8040.101869230706,0.021948273801698705
0.00804236411516004,0.007191966744532283,8121.83652575035,0.022149399544030477
0.00811819790850898,0.007643749577395185,13180.717430510951,0.02999358469982992
0.008263232871048503,0.007690749021097814,9650.724439378626,0.01394027626842638
0.00845564213963461,0.00761452717579817,9566.829695522363,0.02050813513368833
0.008735747233498587,0.006881088695664644,9911.916454545948,0.020019233515184025
0.009302062632615805,0.007291144974622074,10240.314013751691,0.018632343639727898
0.008796758509334434,0.007658366806193404,10191.083801692619,0.018026688977365535
0.009300740253334844,0.00764092342049518,8487.494611883276,0.011444948491353748
0.008782774710868418,0.007711202973695075,8407.953472392464,0.017865843463491318
0.009125296793608583,0.008131392216145046,7801.100096553109,0.014066701671582114
0.008807308504193286,0.00700845272972956,12062.171139946502,0.022775043896122442
0.009259079283703255,0.007212709768259214,12115.561390196644,0.026429656679347435
0.008436971325116303,0.0073779726472566745,10225.215367731505,0.01769915052202494
0.009272179077337038,0.007791807450297131,11412.848801443844,0.019712417347300067
0.009103843079916801,0.007481802339408921,10734.635437791501,0.01760323681428517
0.008646647334204949,0.0067499922277574,8614.346884480876,0.025212225857028647
0.008939184110844468,0.007259587062601431,10626.897176301803,0.02458585908510857
0.008583320753696274,0.006992536679410679,11472.28316022265,0.01720781711716193
0.008578208193981918,0.00676819333862934,10660.387117427934,0.02194578887908558
0.008869613737102405,0.007671295931854719,8424.13784586263,0.020295968400631765
0.008437696515289115,0.007614671250179649,8450.465318676706,0.017911515137337818
0.008049966187238272,0.0071334244076151935,8804.087421852078,0.023534682753356614
0.008408477022496967,0.00712260984415486,9423.215367041987,0.016786589825285036
0.008794942015585587,0.007508198065046611,10683.880068212411,0.019233036099980148
0.008565083291765455,0.007967670737034749,7317.73778181243,0.02580012942126127
0.008536181235269549,0.007875187243192137,10800.49074134542,0.014410419169522407
0.008720262766245233,0.00728367482030079,10815.683986217253,0.014569299892456958
0.009178040230403682,0.007159539820933658,12037.963144000747,0.019478190985266538
0.008456294593603253,0.00734988319629738,9645.37146513186,0.02114543660393075
0.008400956749797803,0.007180890668022523,10510.987282807362,0.018059743168619607
0.009106365696550737,0.007843087701731194,7014.337249233073,0.02499523206496902
0.008250279205180726,0.00842643752203182,6927.827041246211,0.01782752286577614
0.009028861220752039,0.007685764046298531,11104.182037790277,0.023141011422300926
0.00895312252310542,0.007947384595145235,7665.1967812353105,0.018950465218452405
0.009243722494662399,0.007733227124533908,11172.214353532077,0.01953782410444679
0.00821590399988578,0.0077798961357329124,13160.72222749052,0.019163840447765108
0.008736369027155102,0.007596969130824308,12286.740547614267,0.018012933949217182
0.008207156430952833,0.007857726254113238,11970.568895590144,0.018448757143074035
0.008532981151043848,0.007938490515239361,10437.28693567717,0.024652993223630064
0.008024334003679861,0.007803778952292725,9837.093010259066,0.01587861854248368
0.008231761350494455,0.007322682560295881,8001.8572011744,0.024748406268742088
0.008755411148179742,0.007878116176171552,10356.497346900602,0.02282573427785726
0.009171025684819874,0.0076961477016450446,8304.667543751486,0.017239395615078906
0.00840650484079807,0.008334921492086004,8368.835174550612,0.015918125286117184
0.008268304801081053,0.007775164011523148,12186.358262859008,0.010463897158852275
0.009379306961005774,0.007212582193432697,12829.253083613217,0.01642728979516508
0.008595173962025929,0.007767035936384819,11772.22352231467,0.01643557512015563
0.008826111865564552,0.008266267025261148,8077.908112264467,0.02049157219009003
0.008902917565160984,0.00770691452385038,11889.776460423664,0.020706155649823338
0.008944682428601709,0.0071095021686420345,9998.749692056981,0.022170503924111667
0.0082421278112072,0.007662139301055721,10178.517018586126,0.025447038818584195
0.008209844874198688,0.007111692081228573,10751.304478869366,0.019201213110682125
0.009072206345711781,0.00880982863968466,9609.870936647681,0.012100736430247769
0.009237601619462302,0.007005715120462751,11960.28577761715,0.019000906641371714
0.008687623730450896,0.007074032804891843,9616.83408214068,0.02442134516399993
0.008359946698712376,0.007708045155348749,10517.25767589411,0.01859801951447888
0.008549027106520928,0.008090197637967094,9492.555198648148,0.018649353858519124
0.009132698686640607,0.00724148542309478,12061.09867325865,0.017516118333842843
0.008984356038868933,0.007198188602908633,8479.217842137818,0.015456807408424656
0.008761824455357458,0.007037357125118536,9543.0690821486,0.028288023069323015
0.008189069899373761,0.0073516373116229005,12318.02025439842,0.013848390620957406
0.009114536994661093,0.008034660890164809,7749.647680921407,0.018669534251926224
0.008082484030038474,0.007348743469021908,12342.237522259777,0.012915929000534083
0.008417630656707451,0.007775964935051653,10457.713874906935,0.01949289371058763
0.009303353524698754,0.0075586193204245635,8875.066720804378,0.017477256993970455
0.0081530425941543,0.007367745046957768,10768.95030065925,0.02253494027891203
0.008772225314754616,0.007249693383877896,11824.391613476833,0.021706596042101643
0.008624371744783133,0.007350267038571541,11281.458987426222,0.015583221027566341
0.00893768559401913,0.007147550788686033,6719.100730142458,0.02205038925551297
0.009291980783450485,0.007978894335992909,11453.18389627794,0.02776913036003639
0.008586048009359947,0.007328998565979644,9895.219158688396,0.018085904524118825
0.008180447997025107,0.0076957577400285125,9317.597332615216,0.022368855513278385
