fuel_dens,porosity,clad_thick,pellet_OD,pellet_h,gap_thick,inlet_T,enrich,rough_fuel,rough_clad,ax_pow,clad_T,pressure
10466,0.040527,0.0005711,0.0041043,0.013077,1.92E-05,292.36,0.044852,1.84E-06,3.89E-07,0.99967,602.72,15504000
10488,0.04178,0.00056984,0.004096,0.014227,1.90E-05,291.33,0.044942,1.90E-06,4.17E-07,0.98741,602.81,15591000
10434,0.058323,0.0005676,0.0040937,0.013923,1.91E-05,293.35,0.044889,1.54E-06,3.67E-07,0.99225,620.33,15510000
10449,0.038379,0.00057184,0.0040931,0.013976,1.91E-05,293.29,0.044937,1.82E-06,3.25E-07,1.0265,610.91,15382000
10429,0.038438,0.00056782,0.0040961,0.013787,1.90E-05,291.81,0.044849,1.67E-06,4.36E-07,0.99289,597.05,15583000
10496,0.039109,0.00057296,0.004096,0.013568,1.90E-05,291.05,0.044893,1.85E-06,3.90E-07,1.0214,606.45,15531000
10461,0.034449,0.00056752,0.0041016,0.014619,1.90E-05,292.02,0.044878,1.75E-06,3.91E-07,1.0185,608.54,15484000
10494,0.037124,0.00056786,0.0040998,0.01344,1.90E-05,292.4,0.044864,1.69E-06,4.04E-07,0.97455,608.87,15440000
10443,0.058057,0.0005732,0.0040977,0.012476,1.90E-05,290.53,0.044822,1.89E-06,3.54E-07,1.0032,598.65,15636000
10437,0.041227,0.0005712,0.0041009,0.013318,1.91E-05,292.81,0.044936,2.00E-06,4.64E-07,1.0155,591.78,15524000
10474,0.045874,0.0005757,0.0041025,0.01414,1.91E-05,292.12,0.044885,1.82E-06,3.71E-07,0.99017,606.79,15360000
10436,0.051471,0.00056965,0.0040907,0.013612,1.89E-05,291.05,0.044806,1.88E-06,3.68E-07,1.0559,613.27,15639000
10462,0.056797,0.00056806,0.0040968,0.013938,1.88E-05,293.58,0.044795,1.93E-06,3.99E-07,0.98799,613.48,15714000
10428,0.043921,0.00057351,0.0041,0.013432,1.91E-05,291.31,0.044877,1.66E-06,3.36E-07,0.97945,601.97,15725000
10449,0.053473,0.00057232,0.0040946,0.013623,1.90E-05,293.7,0.044814,1.88E-06,3.52E-07,1.0188,603.04,15625000
10442,0.044033,0.00056926,0.0040965,0.014314,1.91E-05,291.9,0.04482,1.67E-06,4.34E-07,1.035,604.5,15279000
10468,0.037211,0.00057159,0.0040924,0.014347,1.90E-05,293.59,0.044802,1.35E-06,4.13E-07,0.99744,608.96,15528000
10445,0.041613,0.0005654,0.004093,0.013647,1.92E-05,294.29,0.044817,1.86E-06,4.52E-07,1.0412,596.21,15706000
10466,0.051563,0.00057422,0.004098,0.012913,1.91E-05,292.21,0.0449,1.83E-06,3.68E-07,0.97969,608.01,15546000
10435,0.045046,0.00057039,0.0040869,0.013361,1.90E-05,289.86,0.044908,1.94E-06,4.45E-07,1.0034,604.17,15344000
10421,0.060087,0.00057222,0.0040909,0.013837,1.91E-05,293.37,0.044875,1.61E-06,4.39E-07,0.98642,605.05,15571000
10440,0.039644,0.00057013,0.0040976,0.013221,1.89E-05,294.27,0.044949,1.46E-06,3.47E-07,1.0051,604.27,15587000
10447,0.0444,0.00057455,0.0040949,0.013976,1.90E-05,291.8,0.044865,2.10E-06,3.81E-07,1.0307,589.4,15250000
10461,0.035539,0.00056677,0.0040914,0.013659,1.90E-05,292.02,0.044902,1.94E-06,4.03E-07,0.99503,614.62,15381000
10484,0.03708,0.00057554,0.0041018,0.014558,1.90E-05,294.61,0.044845,1.65E-06,4.00E-07,1.003,604.55,15114000
10445,0.039668,0.00057215,0.0041031,0.013786,1.90E-05,290.76,0.044785,1.97E-06,3.38E-07,0.99957,599.45,15682000
10515,0.048879,0.00056736,0.0040916,0.013084,1.91E-05,292.44,0.044909,1.63E-06,4.17E-07,1.0194,596.83,15576000
10455,0.036632,0.00056904,0.0040914,0.013977,1.89E-05,289.37,0.044831,1.91E-06,3.72E-07,1.0155,603.6,15406000
10446,0.05861,0.00057044,0.0040939,0.014343,1.90E-05,291.46,0.044822,1.77E-06,4.21E-07,0.98469,602.06,15796000
10458,0.039609,0.00056947,0.0040923,0.014167,1.91E-05,290.41,0.044933,1.91E-06,4.09E-07,1.0164,603.36,15595000
10447,0.042486,0.0005681,0.0041022,0.013995,1.90E-05,291.61,0.04486,1.70E-06,4.23E-07,0.96906,598.64,15421000
10475,0.047265,0.00057653,0.0040926,0.013907,1.90E-05,295.82,0.04483,1.47E-06,3.95E-07,1.0006,602.59,15527000
10440,0.045138,0.00057121,0.0040945,0.013302,1.91E-05,293.63,0.044905,2.31E-06,3.50E-07,0.99097,607.76,15604000
10445,0.051648,0.00056723,0.0040915,0.014319,1.89E-05,294.09,0.044963,1.85E-06,4.34E-07,1.0353,606.6,15455000
10461,0.043932,0.00056947,0.0040929,0.012633,1.89E-05,291.66,0.044842,1.76E-06,3.82E-07,1.036,601.39,15549000
10418,0.0654,0.0005695,0.004101,0.014113,1.91E-05,293.14,0.044844,1.88E-06,4.02E-07,1.0287,603.98,15434000
10443,0.044956,0.00056633,0.0040989,0.013819,1.91E-05,295.36,0.044829,1.61E-06,3.81E-07,0.99061,599.07,15646000
10445,0.057703,0.00057327,0.0040926,0.015229,1.89E-05,292.78,0.044803,1.79E-06,3.78E-07,1.0113,591.59,15684000
10457,0.047567,0.00057007,0.0041018,0.014561,1.89E-05,291.34,0.044857,1.66E-06,4.27E-07,0.9958,594.49,15622000
10448,0.047155,0.0005639,0.0040961,0.012656,1.90E-05,292.43,0.044808,1.91E-06,3.44E-07,0.99366,607.33,15337000
10444,0.050026,0.00057215,0.0040951,0.013471,1.90E-05,294.11,0.044859,1.94E-06,4.01E-07,1.0469,612.42,15772000
10422,0.041821,0.00056751,0.0040922,0.013794,1.91E-05,294.66,0.044931,1.84E-06,4.12E-07,0.96879,611.91,15547000
10441,0.052037,0.00057327,0.0040991,0.013972,1.90E-05,294.53,0.044792,1.74E-06,4.02E-07,0.98691,613.75,15528000
10426,0.047139,0.0005741,0.0040999,0.013985,1.89E-05,291.92,0.044797,2.04E-06,4.35E-07,1.0019,607.84,15461000
10450,0.041797,0.00057002,0.0040912,0.014838,1.89E-05,291.5,0.044948,1.56E-06,3.98E-07,1.0089,606.42,15612000
10484,0.047283,0.00057027,0.0040996,0.013113,1.89E-05,290.9,0.044912,1.84E-06,4.05E-07,0.98772,600.15,15567000
10490,0.04733,0.00056578,0.0040994,0.013868,1.90E-05,294.98,0.044956,1.93E-06,3.81E-07,1.0363,609.23,15631000
10459,0.044068,0.00057201,0.0040949,0.015226,1.89E-05,293.4,0.044912,1.78E-06,3.61E-07,0.95778,603.29,15397000
10479,0.038862,0.00056659,0.0040943,0.012858,1.91E-05,295.25,0.044913,1.63E-06,4.00E-07,1.0041,603.36,15476000
10477,0.047156,0.00056935,0.0041009,0.013701,1.91E-05,293.98,0.044845,1.79E-06,3.63E-07,1.0018,611.09,15700000
10489,0.04728,0.00056893,0.0040944,0.013774,1.92E-05,294.33,0.044892,1.65E-06,4.39E-07,0.97381,597.92,15322000
10434,0.049703,0.00056637,0.0040927,0.013781,1.91E-05,291.68,0.044902,1.98E-06,3.72E-07,0.99573,593.59,15828000
10470,0.045157,0.00056896,0.0040892,0.014096,1.90E-05,295.02,0.044886,1.74E-06,4.17E-07,0.99427,607.69,15444000
10439,0.049449,0.00056864,0.0040984,0.014709,1.90E-05,290.91,0.044891,1.48E-06,4.29E-07,0.99457,603.73,15517000
10463,0.041967,0.00057002,0.0040996,0.01364,1.88E-05,292.71,0.044937,1.86E-06,4.18E-07,1.0017,601.33,15501000
10456,0.05662,0.00056399,0.0040884,0.013377,1.89E-05,293.89,0.044987,2.02E-06,3.62E-07,0.97835,612.91,15559000
10439,0.047621,0.00056996,0.0040891,0.012978,1.90E-05,292.9,0.044749,1.41E-06,4.01E-07,1.0102,604.97,15333000
10435,0.060806,0.00057264,0.004093,0.013385,1.90E-05,292.16,0.044944,1.93E-06,3.43E-07,0.96004,611.86,15508000
10468,0.044694,0.00056645,0.0041008,0.01277,1.89E-05,292.63,0.044833,2.09E-06,4.38E-07,1.0474,602.72,15578000
10450,0.057079,0.00056666,0.0040971,0.015009,1.89E-05,292.85,0.044898,1.82E-06,3.89E-07,1.0005,599.95,15499000
10502,0.042847,0.00057361,0.0040973,0.012881,1.89E-05,291.92,0.044894,1.67E-06,4.05E-07,1.0225,600.95,15445000
10416,0.054174,0.00056752,0.0040988,0.013154,1.91E-05,290.57,0.044918,1.77E-06,3.36E-07,1.0064,599.39,15644000
10448,0.050932,0.00057024,0.0040963,0.012809,1.93E-05,292.2,0.044842,1.63E-06,3.87E-07,1.0158,596.29,15461000
10463,0.039992,0.0005708,0.0040973,0.014493,1.90E-05,291.91,0.044863,2.00E-06,4.90E-07,1.0136,596.95,15401000
10463,0.035099,0.00056704,0.0040935,0.013862,1.89E-05,291.08,0.044922,2.10E-06,3.92E-07,1.0041,600.67,15422000
10486,0.050055,0.00057269,0.0040963,0.013545,1.90E-05,292.94,0.044863,1.87E-06,3.62E-07,0.98451,591.91,15803000
10424,0.040053,0.00057133,0.0040929,0.014496,1.92E-05,290.73,0.044841,1.79E-06,3.22E-07,0.98954,603.6,15567000
10458,0.056263,0.0005731,0.0041001,0.01378,1.90E-05,291.19,0.044785,1.89E-06,4.06E-07,1.0288,605.06,15237000
10421,0.042795,0.00056797,0.0040949,0.012915,1.89E-05,290.75,0.044834,2.12E-06,3.55E-07,1.0381,604.59,15531000
10435,0.057469,0.00057162,0.0040993,0.013364,1.91E-05,293.97,0.044929,1.85E-06,3.42E-07,0.99055,609.91,15313000
10423,0.053846,0.00057196,0.0040893,0.014724,1.91E-05,293.96,0.044932,1.95E-06,4.20E-07,0.99456,593.68,15367000
10430,0.04659,0.00056644,0.0041026,0.013524,1.89E-05,293.05,0.044877,1.86E-06,3.83E-07,1.02,601.55,15434000
10460,0.0449,0.00057001,0.0040922,0.014558,1.92E-05,292.86,0.044845,1.51E-06,4.77E-07,0.99822,597.36,15626000
10466,0.059777,0.00056831,0.0040915,0.013013,1.90E-05,289.98,0.044911,2.07E-06,3.81E-07,1.0099,604.47,15547000
10486,0.029895,0.0005687,0.0041024,0.01438,1.89E-05,295.17,0.044927,1.86E-06,3.52E-07,0.99405,602.94,15574000
10451,0.044627,0.00056875,0.004098,0.014347,1.89E-05,291.41,0.044902,1.73E-06,4.05E-07,1.0376,611.87,15594000
10464,0.049349,0.00056601,0.0040971,0.013585,1.90E-05,289.88,0.044836,1.95E-06,3.74E-07,0.99454,604.06,15792000
10454,0.042408,0.00056719,0.0041016,0.013427,1.89E-05,294.1,0.044868,1.55E-06,4.41E-07,0.99514,606.39,15512000
10401,0.046859,0.00056852,0.0040918,0.014589,1.91E-05,292.01,0.044889,1.71E-06,4.25E-07,1.0204,597.06,15196000
10434,0.047278,0.00057293,0.004097,0.01315,1.89E-05,294.69,0.044926,1.84E-06,4.30E-07,0.96882,590.24,15577000
10483,0.048861,0.00057502,0.0040897,0.013875,1.92E-05,294.79,0.044856,1.75E-06,4.75E-07,0.96425,602.14,15477000
10465,0.046907,0.0005701,0.0041043,0.013881,1.90E-05,292.61,0.044936,1.78E-06,4.46E-07,0.98242,594.99,15413000
10477,0.035163,0.00057372,0.0040919,0.01331,1.90E-05,291.49,0.044892,1.96E-06,4.23E-07,1.0432,615.92,15482000
10396,0.056749,0.00057139,0.0040935,0.013574,1.90E-05,291.52,0.044801,1.95E-06,3.71E-07,0.97698,590.89,15389000
10475,0.047421,0.00056632,0.0040921,0.013495,1.92E-05,290.27,0.044901,1.98E-06,3.28E-07,0.98986,600.31,15475000
10443,0.048184,0.00057112,0.004092,0.013579,1.90E-05,293.11,0.04482,1.82E-06,4.23E-07,0.99315,602.59,15588000
10451,0.044884,0.00056604,0.0041005,0.013093,1.90E-05,293.55,0.044831,1.70E-06,4.10E-07,1.005,593.9,15366000
10500,0.036742,0.00057646,0.0040942,0.013836,1.91E-05,291.62,0.044919,1.87E-06,4.00E-07,0.97788,595.1,15399000
10444,0.049471,0.00056398,0.0040978,0.013644,1.91E-05,291.13,0.04494,1.63E-06,3.65E-07,0.9622,596.43,15599000
10443,0.048656,0.00056681,0.0040924,0.012414,1.90E-05,292.78,0.044936,1.69E-06,3.93E-07,1.0563,602.31,15485000
10462,0.051463,0.00057224,0.0040929,0.01437,1.90E-05,289.67,0.044829,1.26E-06,4.20E-07,0.98716,595.51,15352000
10485,0.039834,0.00057231,0.0041036,0.012877,1.90E-05,292.11,0.04488,1.77E-06,3.59E-07,1.0185,611.81,15551000
10446,0.047531,0.00056329,0.0040893,0.012921,1.90E-05,293.69,0.044884,1.65E-06,4.46E-07,0.98795,611,15663000
10435,0.040674,0.00056872,0.0040963,0.014045,1.90E-05,290.34,0.044861,1.76E-06,4.59E-07,1.0249,607.92,15445000
10421,0.041135,0.00056901,0.0040934,0.014115,1.90E-05,293.56,0.04488,1.79E-06,4.28E-07,0.99844,614.89,15505000
10444,0.037645,0.00057213,0.0040986,0.013169,1.89E-05,292.59,0.044856,1.73E-06,3.49E-07,1.0253,600.72,15435000
10427,0.050425,0.00057159,0.0040994,0.013305,1.91E-05,292.31,0.044969,1.39E-06,4.03E-07,0.98983,600.06,15371000
10455,0.045406,0.0005672,0.0040881,0.013411,1.90E-05,292.42,0.044939,1.56E-06,4.45E-07,1.0026,596.02,15589000
10458,0.043039,0.00057074,0.004094,0.013721,1.90E-05,290.99,0.044792,1.97E-06,4.09E-07,0.99015,600.03,15375000
10442,0.047268,0.00056811,0.0040931,0.013993,1.91E-05,292.96,0.044895,1.98E-06,3.68E-07,1.0332,598.53,15417000
10471,0.049916,0.00056419,0.0041038,0.013961,1.90E-05,291.24,0.044807,1.56E-06,4.42E-07,0.98623,603.41,15398000
10444,0.061927,0.00057135,0.0040967,0.013269,1.90E-05,293.81,0.044857,1.68E-06,3.25E-07,1.0019,610.29,15979000
10460,0.044491,0.00057438,0.0040897,0.014551,1.91E-05,293,0.044846,1.76E-06,3.74E-07,0.99402,602.79,15263000
10467,0.049188,0.0005688,0.0040939,0.013598,1.90E-05,294.25,0.044855,1.69E-06,4.19E-07,1.0119,606.74,15883000
10443,0.061995,0.00057303,0.004093,0.013272,1.89E-05,293.71,0.044909,1.56E-06,4.37E-07,0.96163,596.48,15569000
10477,0.046911,0.00057146,0.0040966,0.013607,1.91E-05,293.99,0.04486,1.83E-06,3.48E-07,0.9745,613.2,15324000
10419,0.050747,0.00057107,0.0041023,0.014123,1.90E-05,290.58,0.044808,2.00E-06,4.70E-07,0.97177,599.11,15656000
10505,0.034995,0.00056713,0.0040993,0.015309,1.90E-05,291.95,0.044821,1.48E-06,3.81E-07,0.99744,607.74,15497000
10462,0.033881,0.00057021,0.0040917,0.013464,1.90E-05,292.62,0.044827,2.18E-06,4.03E-07,0.97993,608.52,15672000
10457,0.039066,0.00057111,0.0040947,0.014191,1.89E-05,290.5,0.04487,1.69E-06,3.75E-07,0.9944,607.35,15468000
10463,0.05,0.00056432,0.0040963,0.013964,1.91E-05,293.97,0.044865,2.01E-06,4.22E-07,1.0357,601.77,15403000
10443,0.050422,0.00057104,0.004097,0.013902,1.90E-05,292.19,0.044773,1.66E-06,3.61E-07,1.0136,608.53,15525000
10477,0.043672,0.00056846,0.0040953,0.013034,1.91E-05,291.61,0.04481,1.97E-06,4.26E-07,0.99454,607.68,15745000
10460,0.036116,0.00057012,0.004094,0.013513,1.90E-05,292.5,0.044937,1.83E-06,3.77E-07,1.0017,605.04,15401000
10444,0.055332,0.00057092,0.0040944,0.012514,1.90E-05,294.52,0.044854,1.96E-06,4.14E-07,0.98822,606.44,15344000
10436,0.055212,0.00057041,0.0040961,0.014176,1.90E-05,290.13,0.04482,1.76E-06,3.48E-07,0.99778,604.56,15461000
10465,0.042512,0.00057269,0.0040972,0.014444,1.90E-05,292.31,0.044802,1.60E-06,4.53E-07,1.0479,598.47,15659000
10444,0.033591,0.00056881,0.0040936,0.013656,1.92E-05,292.04,0.04484,1.79E-06,4.16E-07,1.0124,601.46,15477000
10454,0.0503,0.00056925,0.0041015,0.012429,1.90E-05,292.48,0.04487,1.68E-06,3.33E-07,1.01,606.73,15401000
10465,0.045903,0.00057157,0.0041032,0.013147,1.89E-05,295.34,0.044792,1.62E-06,4.43E-07,0.97437,613.95,15621000
10453,0.056874,0.00056693,0.0040986,0.013675,1.90E-05,291.96,0.044847,1.98E-06,4.20E-07,0.97962,611.01,15854000
10464,0.044317,0.00057576,0.0040961,0.014313,1.89E-05,291.46,0.044831,1.70E-06,3.91E-07,0.98317,595.12,15476000
10454,0.044427,0.00057106,0.0040977,0.013819,1.91E-05,292.02,0.044873,1.81E-06,3.93E-07,0.95355,604.65,15370000
10438,0.037951,0.00056845,0.0040953,0.013795,1.90E-05,291.21,0.044829,1.97E-06,4.10E-07,1.0038,597.16,15480000
10435,0.049965,0.00056779,0.0040957,0.013743,1.90E-05,291.5,0.044905,1.76E-06,4.00E-07,1.008,609.82,15314000
10483,0.044344,0.00057173,0.0040957,0.013405,1.91E-05,293.92,0.044839,1.82E-06,4.17E-07,1.0105,607.87,15281000
10442,0.04548,0.00057138,0.0040955,0.013417,1.90E-05,291.36,0.044937,1.47E-06,4.23E-07,0.9643,602.4,15968000
10455,0.053915,0.00056861,0.0041081,0.014034,1.89E-05,291.32,0.044798,2.13E-06,4.06E-07,1.0065,610.28,15490000
10454,0.037124,0.00057366,0.0040934,0.014338,1.89E-05,292.6,0.044854,1.97E-06,4.01E-07,1.0085,603.1,15523000
10473,0.045202,0.00056877,0.0040986,0.014349,1.89E-05,294.39,0.044875,1.65E-06,4.10E-07,1.005,608.52,15472000
10472,0.049645,0.00056786,0.0040947,0.014016,1.89E-05,291.42,0.044867,1.61E-06,3.71E-07,1.0238,613.96,15424000
10436,0.048489,0.00056321,0.0040929,0.014351,1.91E-05,292.53,0.04492,1.69E-06,4.27E-07,0.99953,606.5,15817000
10448,0.034308,0.00057259,0.0041028,0.01399,1.90E-05,291.99,0.044878,1.85E-06,4.22E-07,0.98022,607.78,15877000
10470,0.043269,0.0005669,0.0040978,0.014454,1.89E-05,292.64,0.044871,1.84E-06,3.96E-07,0.97437,605.81,15570000
10431,0.048208,0.00057007,0.0040988,0.013929,1.90E-05,290.92,0.044854,1.79E-06,4.66E-07,1.0003,601.84,15417000
10473,0.045712,0.00057326,0.0041057,0.014834,1.89E-05,293.3,0.044997,2.22E-06,3.36E-07,1.0521,594.75,15323000
10438,0.036711,0.00057433,0.0040943,0.014352,1.90E-05,293.64,0.044808,1.71E-06,4.32E-07,1.0037,600.11,15510000
10448,0.02877,0.00057244,0.0040965,0.012948,1.91E-05,291.92,0.04494,1.65E-06,3.53E-07,1.0101,613.49,15389000
10459,0.047166,0.00056862,0.0040925,0.013422,1.90E-05,292.98,0.044895,1.53E-06,4.10E-07,1.002,597.71,15623000
10493,0.050981,0.00056581,0.0040934,0.014057,1.89E-05,293.63,0.044879,1.55E-06,4.36E-07,0.99444,604.97,15504000
10477,0.050763,0.00056853,0.004102,0.01337,1.88E-05,291.98,0.0449,1.62E-06,4.35E-07,1.0029,604.95,15550000
10430,0.045314,0.00057134,0.0040945,0.012858,1.90E-05,292.9,0.044833,1.77E-06,4.18E-07,0.99486,598.14,15261000
10468,0.044996,0.00056571,0.0040939,0.013357,1.91E-05,293.59,0.044899,1.37E-06,4.58E-07,0.99208,600.57,15542000
10419,0.050111,0.00057326,0.0040909,0.013715,1.91E-05,292.76,0.044871,2.07E-06,3.78E-07,0.99929,597.47,15241000
10439,0.048121,0.00057426,0.0040964,0.013209,1.91E-05,294.46,0.044908,1.28E-06,3.94E-07,1.0026,607.76,15629000
10466,0.041547,0.00056698,0.0040926,0.013821,1.91E-05,292.65,0.044884,1.67E-06,3.94E-07,1.0245,606.46,15423000
10464,0.057577,0.00056778,0.0041016,0.013628,1.89E-05,293.61,0.044853,1.83E-06,3.89E-07,0.97773,601.94,15607000
10443,0.050696,0.0005693,0.0040952,0.014869,1.90E-05,296.2,0.044872,1.92E-06,3.06E-07,0.99794,606.92,15568000
10467,0.03822,0.00056556,0.0040873,0.013551,1.90E-05,290.83,0.044808,1.69E-06,4.24E-07,0.99203,594.8,15411000
10456,0.054196,0.00056748,0.0040959,0.013871,1.91E-05,291.01,0.044883,2.00E-06,4.27E-07,1.0268,591.79,15748000
10442,0.036909,0.00056947,0.0040951,0.014832,1.91E-05,292.31,0.044928,1.53E-06,3.98E-07,1.0471,610.02,15300000
10459,0.046831,0.00056819,0.0040979,0.013003,1.91E-05,293.06,0.044891,1.69E-06,3.75E-07,1.0258,613.59,15690000
10443,0.056623,0.00056543,0.0041009,0.014307,1.91E-05,288.94,0.044893,1.58E-06,3.48E-07,0.9915,606.27,15351000
10465,0.053482,0.00057062,0.004096,0.012329,1.91E-05,294.15,0.044849,2.25E-06,4.04E-07,0.98122,608.72,15430000
10471,0.043294,0.00056928,0.0041002,0.014179,1.89E-05,292.8,0.044907,1.77E-06,3.99E-07,1.0059,606.14,15376000
10468,0.051152,0.00056674,0.0040982,0.014275,1.90E-05,290.53,0.044879,1.81E-06,3.09E-07,0.97018,589.52,15469000
10485,0.033882,0.00056673,0.0041011,0.013326,1.90E-05,291.25,0.044891,1.61E-06,4.29E-07,1.0076,613,15360000
10456,0.037753,0.00057312,0.0040871,0.013687,1.90E-05,290.62,0.044882,1.80E-06,4.12E-07,1.0234,602.26,15693000
10463,0.050146,0.00057083,0.0040937,0.014037,1.90E-05,292.49,0.044852,1.61E-06,3.41E-07,0.99601,612.57,15508000
10475,0.041388,0.0005652,0.0040954,0.014231,1.88E-05,290.83,0.044841,1.54E-06,3.70E-07,0.97979,594.14,15338000
10440,0.053804,0.00057125,0.004093,0.013525,1.90E-05,292.97,0.044793,1.78E-06,4.40E-07,1.018,608.05,15704000
10462,0.068638,0.00056836,0.0040989,0.013282,1.89E-05,292.55,0.044906,1.87E-06,4.12E-07,1.0327,599.75,15379000
10426,0.039824,0.00056569,0.0040863,0.01422,1.89E-05,289.95,0.04488,1.60E-06,3.88E-07,1.0359,590.54,15423000
10461,0.039949,0.00056579,0.0041035,0.013694,1.91E-05,294.49,0.044917,2.15E-06,3.95E-07,0.99337,594.2,15370000
10477,0.039002,0.00056867,0.0040953,0.012691,1.92E-05,292.36,0.044872,2.00E-06,3.79E-07,0.98153,602.34,15289000
10460,0.049794,0.00056532,0.0040978,0.013144,1.89E-05,293.04,0.04493,1.40E-06,3.41E-07,1.003,589.19,15584000
10478,0.0393,0.00056215,0.0040977,0.013079,1.90E-05,292,0.044873,1.76E-06,3.71E-07,1.0009,602.59,15570000
10461,0.041864,0.00057006,0.0040957,0.015709,1.89E-05,292.43,0.044892,1.70E-06,3.85E-07,0.98614,604.51,15410000
10449,0.047928,0.00056486,0.0040994,0.01347,1.90E-05,293.18,0.044902,1.92E-06,3.74E-07,1.0289,613.47,15593000
10462,0.06036,0.00057495,0.0040973,0.013134,1.90E-05,294.59,0.044851,1.87E-06,4.25E-07,0.98136,599.44,15588000
10447,0.050207,0.00056789,0.0040996,0.014161,1.89E-05,294.23,0.044889,1.52E-06,4.39E-07,0.98363,601.25,15382000
10448,0.055648,0.00056929,0.0040978,0.013719,1.90E-05,291.82,0.044876,1.93E-06,4.30E-07,1.0073,603.06,15150000
10436,0.044347,0.00056624,0.0040974,0.013777,1.91E-05,294.15,0.044867,2.02E-06,4.08E-07,0.9824,611.82,15518000
10467,0.046949,0.00057123,0.0040949,0.014467,1.91E-05,289.92,0.044855,1.90E-06,3.77E-07,0.98763,594,15238000
10477,0.045028,0.0005686,0.0040957,0.013184,1.90E-05,293.31,0.044857,1.70E-06,4.08E-07,1.0221,603.32,15497000
10425,0.051273,0.00057651,0.0040946,0.01343,1.88E-05,293.55,0.044906,2.07E-06,3.60E-07,1.0145,604.51,15500000
10459,0.053977,0.00057424,0.0040924,0.014605,1.90E-05,291.1,0.044905,1.81E-06,4.06E-07,0.97148,594.65,15336000
10435,0.041584,0.00056599,0.0040939,0.014318,1.90E-05,290.94,0.044846,1.47E-06,3.77E-07,1.0167,608.16,15716000
10487,0.067591,0.00057122,0.0040993,0.0141,1.89E-05,292.23,0.044878,1.81E-06,3.62E-07,1.0495,608.63,15188000
10472,0.049137,0.00057509,0.0040989,0.014143,1.89E-05,294.3,0.044832,1.59E-06,4.47E-07,1.0151,585.43,15591000
10431,0.049318,0.00056891,0.0041008,0.013822,1.89E-05,294.54,0.044899,1.63E-06,3.60E-07,1.0049,605.77,15455000
10450,0.060219,0.00056669,0.0040966,0.013437,1.91E-05,292.97,0.04496,1.97E-06,3.88E-07,0.98755,600.66,15287000
10430,0.044891,0.00056718,0.0040987,0.013293,1.89E-05,290.93,0.044915,1.86E-06,4.32E-07,0.97173,607.23,15391000
10457,0.045285,0.00057025,0.0040971,0.014179,1.90E-05,289.46,0.044765,1.69E-06,3.85E-07,0.97851,603.6,15292000
10497,0.045786,0.00057436,0.0040895,0.013402,1.90E-05,290.26,0.044862,1.61E-06,3.91E-07,0.99467,596.83,15675000
10432,0.055509,0.00056258,0.004095,0.013969,1.89E-05,292.24,0.044883,1.80E-06,3.70E-07,0.9864,591.99,15739000
10473,0.039805,0.00056832,0.0040933,0.014095,1.88E-05,291.08,0.044852,1.95E-06,4.10E-07,0.95074,606.75,15442000
10455,0.042253,0.00056723,0.0041019,0.013983,1.90E-05,293.21,0.044876,2.14E-06,3.79E-07,1.0468,607.69,15509000
10466,0.045327,0.00057022,0.0040937,0.014061,1.90E-05,290.3,0.044833,2.04E-06,4.19E-07,1.0143,595.36,15329000
10431,0.044984,0.00056825,0.0040934,0.012877,1.90E-05,289.8,0.044799,1.71E-06,4.28E-07,1.0192,601.85,15420000
10430,0.055502,0.00057292,0.0040989,0.014333,1.89E-05,292.32,0.044878,1.88E-06,4.87E-07,0.994,605.82,15685000
10484,0.055198,0.00057502,0.0040982,0.012577,1.89E-05,295.27,0.044902,1.79E-06,4.33E-07,1.0037,612.41,15706000
10455,0.041694,0.00056784,0.0040929,0.012677,1.90E-05,293.63,0.044868,1.92E-06,3.90E-07,1.01,603.14,15435000
10466,0.052245,0.00056903,0.0040946,0.0144,1.90E-05,292.42,0.04491,1.69E-06,3.62E-07,1.0064,605.48,15372000
10462,0.052797,0.00056917,0.0040911,0.013296,1.90E-05,292.19,0.044859,1.67E-06,3.75E-07,1.005,611.89,15701000
10464,0.051979,0.00056545,0.004099,0.013417,1.90E-05,294.59,0.044903,1.74E-06,4.65E-07,1.0015,590.08,15428000
10450,0.047432,0.00056718,0.0040961,0.013341,1.89E-05,294.05,0.044805,1.83E-06,4.73E-07,0.97895,604.19,15660000
10432,0.057028,0.00056747,0.0040885,0.013302,1.88E-05,292.31,0.044853,1.79E-06,4.20E-07,0.99751,608.55,15433000
10445,0.055099,0.00057052,0.0040985,0.0134,1.90E-05,292.22,0.044837,1.63E-06,4.19E-07,0.9801,593.24,15579000
10457,0.041669,0.00056742,0.0040897,0.012851,1.90E-05,291.54,0.044878,1.94E-06,3.63E-07,0.98766,600.77,15803000
10458,0.044923,0.00057221,0.0040942,0.013604,1.90E-05,290.86,0.044934,1.79E-06,3.96E-07,0.98038,599.53,15672000
10474,0.041127,0.00056561,0.0040938,0.013503,1.91E-05,290.79,0.044899,1.79E-06,4.47E-07,0.96475,603.77,15537000
10434,0.039368,0.00056767,0.0040957,0.013715,1.90E-05,295.18,0.044863,2.09E-06,4.09E-07,0.98598,610.14,15521000
10489,0.039251,0.00056591,0.0040992,0.014261,1.90E-05,293.16,0.044846,1.62E-06,3.78E-07,1.0091,601.79,15353000
10459,0.046221,0.00056616,0.0041003,0.014102,1.92E-05,290.83,0.044871,2.06E-06,4.25E-07,0.96458,604.24,15807000
10467,0.049336,0.00057472,0.0041001,0.013833,1.90E-05,292.45,0.044796,1.83E-06,4.37E-07,0.98296,592.26,15449000
10444,0.051992,0.00057191,0.0041001,0.013565,1.89E-05,291.97,0.044787,1.57E-06,3.98E-07,1.0114,597.33,15481000
10449,0.040476,0.00057042,0.0040997,0.014538,1.89E-05,291.97,0.044908,1.74E-06,4.42E-07,1.0447,611.51,15871000
10445,0.048383,0.0005705,0.0041003,0.01465,1.90E-05,294.98,0.044778,1.86E-06,4.08E-07,1.0019,610.71,15347000
10450,0.053138,0.00056742,0.0040851,0.01425,1.91E-05,292.02,0.04491,1.82E-06,3.71E-07,0.92857,603.13,15542000
10469,0.054633,0.00057253,0.0040909,0.01358,1.89E-05,291.63,0.04492,1.94E-06,4.15E-07,0.9844,617.2,15607000
10471,0.047979,0.00056901,0.0040957,0.01434,1.91E-05,291.39,0.044813,1.90E-06,3.55E-07,0.97733,596.41,15464000
10436,0.050909,0.00056701,0.0040916,0.014612,1.90E-05,292.31,0.044898,2.13E-06,4.48E-07,1.0001,611.26,15546000
10464,0.054201,0.00056396,0.0040969,0.013702,1.90E-05,291.89,0.04492,1.98E-06,4.13E-07,1.0355,598.28,15455000
10425,0.033741,0.00056949,0.004096,0.013505,1.90E-05,294.23,0.04487,1.76E-06,4.34E-07,0.98783,604.64,15407000
10470,0.050991,0.00057185,0.0041014,0.013391,1.90E-05,292.02,0.044833,2.01E-06,4.21E-07,0.98995,602.85,15413000
10460,0.051291,0.00057171,0.0040978,0.01324,1.91E-05,293.24,0.044836,1.74E-06,4.49E-07,1.0091,604.04,15826000
10470,0.047188,0.0005692,0.0040982,0.013787,1.91E-05,291.77,0.044921,1.55E-06,3.33E-07,0.98206,607.34,15547000
10443,0.047853,0.00057084,0.0040997,0.014491,1.90E-05,292.24,0.044827,1.94E-06,4.37E-07,1.0121,607.94,15660000
10459,0.059979,0.00056798,0.0041022,0.013606,1.88E-05,291.89,0.044885,1.97E-06,4.61E-07,1.0344,597.42,15340000
10473,0.052921,0.0005733,0.0040977,0.014978,1.92E-05,290.72,0.044867,1.92E-06,3.97E-07,0.99751,597.89,15476000
10455,0.042564,0.00057058,0.0040957,0.013448,1.91E-05,292.85,0.044768,1.51E-06,3.86E-07,1.0169,612.84,15526000
10430,0.03681,0.00057002,0.0040896,0.01296,1.90E-05,293.78,0.044929,1.97E-06,4.94E-07,1.0043,608.3,15392000
10465,0.044491,0.00057385,0.0040955,0.013768,1.89E-05,290.87,0.044893,1.64E-06,4.02E-07,1.0029,609.56,15473000
10446,0.038079,0.00056832,0.0041,0.014825,1.90E-05,291.89,0.044915,1.85E-06,4.02E-07,1.0282,600.51,15457000
10492,0.051736,0.00056871,0.0040978,0.013313,1.91E-05,290.2,0.044848,1.74E-06,4.19E-07,1.0058,605.44,15514000
10481,0.030092,0.00057307,0.0040971,0.013225,1.92E-05,292.47,0.04485,1.88E-06,4.27E-07,1.0164,601.29,15690000
10467,0.041351,0.00057293,0.0041078,0.013256,1.89E-05,290.61,0.044907,1.82E-06,4.05E-07,0.99673,601.47,15396000
10468,0.0527,0.00056566,0.0041015,0.013644,1.90E-05,289.25,0.044925,1.66E-06,3.83E-07,1.0225,604.15,15367000
10463,0.049599,0.00056554,0.0041016,0.013518,1.89E-05,291.14,0.04487,1.82E-06,4.00E-07,0.97552,602.28,15558000
10502,0.056687,0.00057021,0.0040993,0.013882,1.89E-05,293.05,0.04491,1.65E-06,4.16E-07,0.99742,598.15,15281000
10459,0.043883,0.00057297,0.0040942,0.013013,1.91E-05,291.09,0.044874,1.79E-06,3.77E-07,0.97495,615.02,15554000
10472,0.043223,0.00057281,0.004095,0.013813,1.91E-05,292.29,0.044801,1.90E-06,4.01E-07,1.0123,610.69,15550000
10506,0.04575,0.00056756,0.0041052,0.013443,1.90E-05,291.39,0.044933,1.59E-06,4.11E-07,1.0256,604.99,15261000
10491,0.03623,0.00057328,0.0041032,0.014772,1.92E-05,293.11,0.044882,1.51E-06,4.01E-07,1.0034,606.43,15360000
10440,0.051282,0.00056946,0.0041005,0.014067,1.90E-05,293.4,0.04492,1.52E-06,4.66E-07,1.0028,601.65,15335000
10473,0.041574,0.00057207,0.0041018,0.014454,1.91E-05,290.74,0.044869,1.90E-06,3.90E-07,1.0043,605.64,15374000
10457,0.048752,0.00057185,0.0040988,0.01395,1.91E-05,294.95,0.044871,1.94E-06,4.23E-07,1.0258,604.08,15523000
10439,0.056149,0.00056766,0.0041053,0.01456,1.88E-05,293.08,0.044882,1.71E-06,4.26E-07,0.98965,604.52,15331000
10417,0.05324,0.0005697,0.0040954,0.012827,1.89E-05,293.4,0.044852,2.00E-06,3.75E-07,0.9894,608.94,15433000
10492,0.049804,0.00056945,0.0040972,0.013992,1.91E-05,290.19,0.044874,1.80E-06,3.39E-07,1.0117,596.2,15594000
10487,0.064751,0.00056833,0.0040995,0.014831,1.91E-05,292.57,0.04482,1.89E-06,3.91E-07,1.0095,609.22,15680000
10462,0.048393,0.00057447,0.0040976,0.013998,1.89E-05,292.19,0.044837,1.88E-06,3.62E-07,0.99767,604.57,15545000
10444,0.04187,0.00056776,0.0040943,0.013621,1.90E-05,294.08,0.044921,1.70E-06,3.54E-07,1.0498,600.96,15604000
10450,0.045521,0.00056802,0.0040953,0.014667,1.91E-05,291.86,0.044846,1.29E-06,3.89E-07,0.98098,594.25,15609000
10431,0.042948,0.00056918,0.0040971,0.013131,1.90E-05,290.91,0.044823,1.74E-06,3.89E-07,0.96941,609.07,15380000
10462,0.048941,0.00056727,0.004094,0.014095,1.90E-05,292.88,0.044831,1.67E-06,3.24E-07,0.99079,608.44,15517000
10464,0.044725,0.00057433,0.0040918,0.013282,1.90E-05,293.61,0.044889,1.80E-06,3.77E-07,0.98333,606.16,15599000
10478,0.038844,0.00057144,0.004091,0.013008,1.89E-05,294.11,0.04491,1.61E-06,4.47E-07,1.0142,607.04,15602000
10460,0.059288,0.00057063,0.0040925,0.014629,1.89E-05,291.64,0.044877,1.81E-06,4.30E-07,1.0109,603.74,15343000
10467,0.051312,0.00057026,0.0040924,0.01264,1.92E-05,294.71,0.044835,2.11E-06,3.92E-07,1.02,611.64,15617000
10456,0.055781,0.00057104,0.0040919,0.013272,1.91E-05,291.93,0.044901,1.57E-06,4.22E-07,1.0218,606.26,15484000
10437,0.046543,0.00056719,0.0040914,0.015,1.91E-05,292.43,0.044878,1.57E-06,4.16E-07,1.0116,607.93,15673000
10445,0.044432,0.00056698,0.0040998,0.014506,1.91E-05,292.64,0.044896,2.13E-06,4.21E-07,0.99754,595.32,15517000
10439,0.043705,0.00056922,0.0040895,0.013324,1.90E-05,292.76,0.044944,2.09E-06,3.72E-07,1.0018,603.64,15481000
10419,0.036392,0.00056757,0.0040953,0.012129,1.89E-05,292.31,0.044874,1.86E-06,3.45E-07,1.006,602.72,15458000
10458,0.049341,0.0005713,0.0040968,0.01358,1.91E-05,294.26,0.044871,1.84E-06,3.78E-07,0.99523,596.48,15561000
10412,0.052586,0.0005659,0.0041019,0.014251,1.91E-05,291.49,0.044884,1.94E-06,4.08E-07,1.0163,601.68,15522000
10459,0.039892,0.00056341,0.0041001,0.013305,1.91E-05,291.83,0.044988,1.67E-06,3.88E-07,1.0217,610.07,15447000
10477,0.042861,0.00056931,0.0040933,0.012862,1.90E-05,293.64,0.044933,1.93E-06,3.72E-07,0.98633,605.08,15468000
10458,0.051439,0.00056713,0.004093,0.013243,1.90E-05,291.12,0.044958,1.47E-06,3.23E-07,1.0156,608.89,15386000
10511,0.052797,0.0005707,0.0040886,0.013432,1.90E-05,289.42,0.044833,1.92E-06,4.29E-07,1.0239,613.51,15418000
10491,0.053011,0.00057325,0.0040945,0.013761,1.90E-05,293.71,0.044786,1.67E-06,3.59E-07,0.99627,609.36,15761000
10430,0.057779,0.00057028,0.0040888,0.014233,1.88E-05,292.68,0.044823,1.88E-06,3.49E-07,0.96987,609.51,15391000
10461,0.060103,0.00057359,0.0040969,0.014493,1.90E-05,290.55,0.04495,1.73E-06,4.15E-07,0.95505,594.53,15249000
10454,0.050667,0.00057106,0.0040972,0.012232,1.91E-05,292.73,0.044823,1.69E-06,3.19E-07,0.99604,612.88,15363000
10476,0.053497,0.00056729,0.0040928,0.014052,1.91E-05,293.03,0.044866,1.63E-06,4.09E-07,0.9778,600.25,15553000
10449,0.038769,0.00057011,0.0040989,0.013773,1.90E-05,294.73,0.044817,2.00E-06,3.98E-07,0.97214,596.9,15627000
10464,0.04542,0.00056656,0.0040965,0.01438,1.91E-05,290.27,0.044798,1.94E-06,3.85E-07,0.94568,601.08,15593000
10462,0.062619,0.0005727,0.0040986,0.01385,1.90E-05,291.31,0.044864,1.56E-06,4.14E-07,0.98177,600.36,15479000
10457,0.047849,0.00056911,0.0040929,0.012398,1.90E-05,288.21,0.044868,1.81E-06,4.34E-07,0.96723,603.94,15641000
10487,0.050567,0.00057248,0.0040882,0.013564,1.90E-05,291.9,0.044897,1.70E-06,3.75E-07,1.0559,610.61,15126000
10484,0.044333,0.00057073,0.0040922,0.014339,1.90E-05,290.72,0.044885,1.43E-06,3.94E-07,0.98778,596.68,15582000
10477,0.053634,0.00057273,0.0041007,0.013353,1.90E-05,291.28,0.044937,1.83E-06,4.06E-07,1.0052,606.52,15340000
10448,0.043506,0.00057432,0.0040981,0.013645,1.90E-05,293.94,0.044878,1.74E-06,3.86E-07,1.009,617.45,15517000
10440,0.044845,0.00056467,0.0040944,0.014737,1.91E-05,291.94,0.04495,1.99E-06,3.83E-07,1.0203,601.09,15642000
10460,0.044919,0.00056891,0.0041016,0.013368,1.90E-05,291.81,0.044904,1.66E-06,3.90E-07,1.0073,598.51,15633000
10455,0.047274,0.00057424,0.004093,0.014373,1.91E-05,291.74,0.044944,1.89E-06,3.66E-07,0.97405,595.93,15460000
10465,0.039474,0.00056641,0.0041004,0.014062,1.89E-05,293.02,0.044895,2.10E-06,3.46E-07,1.003,608.04,15670000
10457,0.054655,0.00057319,0.0040895,0.013509,1.91E-05,291.71,0.044806,2.03E-06,4.17E-07,1.0019,611.65,15501000
10444,0.044421,0.00056999,0.0041078,0.013981,1.88E-05,292.12,0.044871,1.76E-06,4.61E-07,1.006,601.43,15226000
10448,0.046106,0.00057141,0.0041017,0.01384,1.91E-05,291.77,0.044849,1.76E-06,4.01E-07,1.0183,611.83,15373000
10458,0.051171,0.00056481,0.0040916,0.013058,1.90E-05,291.92,0.04485,1.69E-06,4.23E-07,1.0174,596.55,15668000
10443,0.021141,0.00057016,0.0040986,0.013909,1.90E-05,292.62,0.044887,1.72E-06,3.85E-07,0.98749,601.93,15503000
10460,0.046913,0.00056916,0.0040926,0.013697,1.89E-05,291.74,0.044846,1.81E-06,3.77E-07,1.0249,601.23,15640000
10458,0.0489,0.00057506,0.0040988,0.014691,1.89E-05,293.9,0.044871,1.81E-06,3.90E-07,1.0358,605.79,15540000
10485,0.029944,0.00057343,0.0040938,0.014029,1.91E-05,291,0.044811,1.90E-06,4.28E-07,1.0022,603.5,15394000
10475,0.035865,0.00057005,0.0040978,0.013582,1.92E-05,294.13,0.044858,1.58E-06,3.86E-07,0.97459,608.9,15353000
10479,0.061965,0.00056936,0.0040936,0.013305,1.90E-05,288.17,0.044835,1.85E-06,4.39E-07,1.0102,595.74,15582000
10463,0.047512,0.00056705,0.0041,0.014187,1.89E-05,292.55,0.044877,1.88E-06,3.77E-07,1.0264,612.88,15426000
10439,0.043205,0.00057054,0.004087,0.014042,1.90E-05,292.46,0.044847,1.92E-06,4.19E-07,1.0078,606.09,15668000
10477,0.042377,0.00056792,0.0040885,0.014604,1.90E-05,292.26,0.044908,1.74E-06,3.81E-07,0.98793,608.78,15411000
10471,0.044808,0.00056849,0.0040947,0.013495,1.90E-05,292.7,0.044882,1.82E-06,3.49E-07,0.98986,600.9,15613000
10450,0.03556,0.00056707,0.0040934,0.013666,1.91E-05,292.78,0.044864,1.83E-06,3.41E-07,0.9843,606.12,15424000
10458,0.056186,0.0005735,0.0040948,0.013826,1.91E-05,292.5,0.044919,1.78E-06,4.11E-07,0.98927,602.54,15559000
10488,0.039722,0.00057359,0.0040998,0.01355,1.90E-05,291.69,0.044845,1.75E-06,3.59E-07,0.99046,617.9,15482000
10448,0.051062,0.00056631,0.0040902,0.013368,1.91E-05,294.64,0.044947,1.63E-06,3.77E-07,1.0144,608.56,15405000
10458,0.051947,0.00056541,0.0040853,0.012853,1.91E-05,290.31,0.044928,1.58E-06,3.69E-07,1.0008,608.75,15571000
10451,0.043511,0.00057374,0.0040954,0.014269,1.91E-05,293.13,0.044805,1.80E-06,3.21E-07,1.0093,608.91,15622000
10433,0.045495,0.00056947,0.0041005,0.014533,1.91E-05,292.1,0.044833,2.00E-06,4.62E-07,0.96778,605.5,15745000
10480,0.051411,0.00057094,0.0040955,0.013986,1.91E-05,291.28,0.04487,2.01E-06,3.94E-07,1.0014,614.69,15332000
10487,0.037803,0.00057099,0.0040992,0.013613,1.89E-05,290.38,0.044949,2.06E-06,3.92E-07,1.0079,604.89,15517000
10449,0.055733,0.00056875,0.0041045,0.014177,1.89E-05,292.76,0.044813,1.75E-06,3.96E-07,1.0033,603.77,15550000
10433,0.054338,0.00056716,0.0040971,0.012901,1.91E-05,292.42,0.044895,1.62E-06,4.72E-07,1.0059,596.83,15314000
10426,0.056217,0.00056219,0.0040959,0.014186,1.91E-05,291.9,0.044802,1.28E-06,4.38E-07,1.0015,602.29,15231000
10476,0.043459,0.0005705,0.0040935,0.014028,1.91E-05,292.46,0.044908,1.60E-06,3.78E-07,0.98285,591.72,15335000
10447,0.042044,0.00056922,0.004096,0.013617,1.91E-05,292.28,0.044838,1.74E-06,3.59E-07,1.0275,599.76,15574000
10522,0.052973,0.00057251,0.004102,0.01386,1.89E-05,291.38,0.044879,1.98E-06,4.22E-07,0.97965,606.42,15674000
10429,0.056711,0.00057085,0.0040951,0.013832,1.89E-05,293.75,0.044889,1.88E-06,3.98E-07,1.0046,603.86,15454000
10508,0.047575,0.00056552,0.0040964,0.012996,1.91E-05,292.01,0.044897,2.07E-06,4.21E-07,1.0113,603.46,15694000
10432,0.060241,0.00056709,0.0040969,0.013718,1.91E-05,291.97,0.044904,1.84E-06,4.15E-07,0.99617,602.13,15401000
10447,0.044908,0.00057301,0.0040953,0.014332,1.89E-05,292.06,0.044866,1.98E-06,4.09E-07,1.0289,604.97,15471000
10428,0.039291,0.00056995,0.0041058,0.014238,1.89E-05,290.39,0.044859,2.06E-06,5.19E-07,1.0303,592.98,15468000
10466,0.045399,0.00057055,0.0040952,0.01371,1.91E-05,292.09,0.044853,1.71E-06,3.77E-07,1.013,607.94,15557000
10452,0.047065,0.00056906,0.0041014,0.01442,1.90E-05,290.85,0.044825,1.71E-06,4.06E-07,1.0012,604.29,15665000
10447,0.045968,0.00056974,0.0040947,0.014483,1.90E-05,293.25,0.04489,1.62E-06,3.41E-07,1.0357,604.13,15407000
10449,0.052079,0.00056752,0.00409,0.014696,1.90E-05,291.89,0.04493,1.57E-06,3.34E-07,0.98708,602.88,15531000
10422,0.038711,0.00056466,0.0040954,0.01382,1.92E-05,291.08,0.044847,1.77E-06,4.15E-07,0.97505,607.67,15230000
10447,0.043833,0.0005749,0.0040955,0.01388,1.89E-05,290.76,0.044862,1.75E-06,4.10E-07,1.0122,604.89,15461000
10494,0.046826,0.00056749,0.0041058,0.013146,1.89E-05,291.72,0.044843,1.87E-06,4.38E-07,0.97446,600.62,15585000
10471,0.049588,0.00057106,0.0040923,0.013306,1.91E-05,290.41,0.044872,1.87E-06,3.94E-07,1.0448,606.24,15476000
10466,0.03669,0.00056768,0.0040983,0.0129,1.90E-05,293.58,0.044856,1.92E-06,4.91E-07,1.0187,597.8,15607000
10448,0.042106,0.00056962,0.0040941,0.013143,1.90E-05,292.64,0.044879,1.57E-06,4.12E-07,0.97404,601.27,15497000
10466,0.036777,0.00056946,0.0040947,0.013564,1.90E-05,291.96,0.044925,2.09E-06,4.04E-07,1.0191,596.06,15699000
10447,0.047519,0.00056969,0.0040903,0.013252,1.90E-05,292.41,0.044829,1.55E-06,4.45E-07,1.0111,600.58,15564000
10475,0.048304,0.00057634,0.0040908,0.014021,1.91E-05,293.41,0.04501,1.79E-06,4.61E-07,0.98147,597.52,15435000
10485,0.047751,0.00056638,0.0040898,0.014118,1.90E-05,290.29,0.0449,1.71E-06,4.44E-07,1.0137,599.55,15586000
10463,0.04467,0.00056997,0.0041059,0.013527,1.90E-05,292.05,0.044919,1.79E-06,4.31E-07,0.96003,595.43,15579000
10444,0.036624,0.00056752,0.0040972,0.013655,1.89E-05,291.65,0.044872,1.83E-06,3.72E-07,1.0182,600.51,15507000
10444,0.044533,0.00057188,0.0040963,0.01465,1.92E-05,292,0.044806,1.72E-06,3.61E-07,1.0009,598.62,15339000
10470,0.039939,0.00057319,0.0040926,0.013728,1.90E-05,293.4,0.044828,1.53E-06,4.41E-07,1.0292,606.63,15064000
10446,0.045319,0.00057319,0.0040997,0.013841,1.90E-05,292.19,0.044844,2.10E-06,4.49E-07,0.97828,599.33,15528000
10481,0.056436,0.0005752,0.0040981,0.014554,1.91E-05,289.42,0.044871,1.69E-06,3.52E-07,0.99516,613.12,15648000
10450,0.036034,0.0005732,0.0040995,0.014802,1.90E-05,294.98,0.044796,2.14E-06,3.86E-07,0.97428,602.88,15507000
10477,0.042538,0.00057286,0.0040959,0.01292,1.90E-05,293.45,0.044861,1.73E-06,4.15E-07,1.0194,603.42,15313000
10431,0.046173,0.00056875,0.0040881,0.013191,1.90E-05,293.29,0.044948,1.96E-06,3.52E-07,0.99212,602.12,15278000
10475,0.047706,0.00056657,0.0040959,0.013121,1.90E-05,291.4,0.044845,1.49E-06,3.81E-07,1.021,596.76,15401000
10473,0.049469,0.00057247,0.0040909,0.014144,1.90E-05,292.88,0.044865,1.72E-06,3.79E-07,0.99232,610.67,15102000
10478,0.053135,0.00056779,0.0040999,0.013328,1.92E-05,291.88,0.044884,1.41E-06,3.71E-07,1.0084,596.83,15551000
10482,0.049601,0.00057398,0.0040963,0.013389,1.90E-05,292.67,0.044864,1.58E-06,3.91E-07,0.99575,606.79,15514000
10457,0.042066,0.0005737,0.0040916,0.014433,1.90E-05,293.15,0.044946,1.85E-06,3.26E-07,1.0401,611.1,15808000
10442,0.041266,0.00056525,0.0040976,0.013406,1.91E-05,292.32,0.044859,1.90E-06,4.75E-07,0.97946,596.65,15409000
10422,0.060343,0.00057479,0.0040919,0.014153,1.91E-05,289.46,0.044926,1.82E-06,4.07E-07,0.98339,604.08,15400000
10480,0.041467,0.00056473,0.0040965,0.013602,1.92E-05,293.05,0.044861,1.70E-06,4.86E-07,0.9914,589.24,15455000
10434,0.046039,0.00057468,0.0040964,0.013613,1.91E-05,289.26,0.044879,1.74E-06,4.11E-07,1.0045,607.65,15314000
10441,0.052665,0.00057093,0.0040972,0.014536,1.91E-05,289.87,0.044892,1.82E-06,4.99E-07,1.0225,605.38,15416000
10416,0.049815,0.00056785,0.0041044,0.013423,1.88E-05,293.39,0.044808,2.06E-06,3.85E-07,1.0248,606.22,15602000
10476,0.057818,0.00056167,0.0040953,0.01279,1.89E-05,291.78,0.044774,2.16E-06,3.76E-07,1.0034,594.31,15635000
10475,0.061363,0.00056839,0.0040978,0.013789,1.91E-05,289.27,0.044909,1.65E-06,3.69E-07,0.99818,610.13,15716000
10461,0.060953,0.0005711,0.0041007,0.012675,1.89E-05,293.39,0.044802,1.74E-06,4.09E-07,0.98931,616.09,15350000
10460,0.030398,0.00056632,0.0041,0.013195,1.89E-05,294,0.044801,1.56E-06,4.21E-07,1.0111,589.23,15381000
10432,0.040248,0.00057422,0.0040969,0.012056,1.90E-05,295.43,0.044856,1.77E-06,3.96E-07,1.0234,600.02,15344000
10451,0.05468,0.00057196,0.0040991,0.014333,1.89E-05,292.83,0.044867,1.41E-06,3.88E-07,1.0045,613.73,15488000
10471,0.052408,0.00057001,0.0040949,0.014442,1.89E-05,293.87,0.044882,1.79E-06,4.68E-07,0.97442,605.4,15550000
10457,0.05946,0.00056884,0.0040905,0.014197,1.91E-05,292.15,0.044809,1.95E-06,3.72E-07,0.97035,596.97,15471000
10442,0.045022,0.00057052,0.0040959,0.014154,1.88E-05,291.93,0.044826,1.87E-06,4.17E-07,1.0005,597.77,15527000
10457,0.050187,0.00057108,0.0040972,0.013655,1.90E-05,292.23,0.044905,1.61E-06,3.76E-07,0.95816,614.67,15326000
10464,0.043449,0.00057335,0.0040824,0.013949,1.90E-05,292.92,0.044885,1.98E-06,3.93E-07,0.97969,610.6,15660000
10464,0.032136,0.00056698,0.0040959,0.014991,1.91E-05,290.51,0.044871,1.77E-06,4.52E-07,1.0164,602.3,15320000
10463,0.053896,0.00057384,0.0040969,0.01417,1.89E-05,293.69,0.044943,1.96E-06,4.69E-07,1.033,604.74,15623000
10435,0.046478,0.00057113,0.004093,0.013665,1.90E-05,292.51,0.044862,1.90E-06,3.94E-07,1.0248,592.36,15475000
10446,0.053343,0.00056931,0.0040906,0.013941,1.88E-05,287.52,0.044877,1.58E-06,3.74E-07,0.99081,601.17,15311000
10452,0.050119,0.00056861,0.0040949,0.014633,1.90E-05,290.16,0.044889,1.90E-06,4.36E-07,0.98755,616.31,15541000
10422,0.040149,0.00057067,0.0040958,0.014408,1.88E-05,290.73,0.044798,1.79E-06,3.55E-07,1.0182,605.38,15190000
10419,0.035818,0.00057214,0.0040994,0.014248,1.92E-05,290.44,0.044818,2.08E-06,4.14E-07,1.0032,605.3,15515000
10468,0.047517,0.00056625,0.0041001,0.014629,1.93E-05,292.8,0.044872,1.72E-06,4.14E-07,1.0268,593.15,15476000
10433,0.047985,0.00057011,0.0040942,0.013192,1.89E-05,293.74,0.044874,1.95E-06,3.59E-07,0.99095,601.13,15680000
10436,0.057059,0.0005665,0.0040923,0.014222,1.92E-05,290.06,0.044907,1.89E-06,4.50E-07,0.97498,609.15,15354000
10471,0.049108,0.00057102,0.0040911,0.013506,1.90E-05,292.05,0.0449,2.01E-06,3.87E-07,1.0008,605.97,15558000
10450,0.032704,0.00057212,0.0040994,0.013282,1.88E-05,293.33,0.044832,1.83E-06,4.22E-07,0.99422,609.62,15671000
10461,0.054992,0.00057265,0.0041029,0.012299,1.90E-05,291.16,0.044815,1.91E-06,3.96E-07,1.039,610.9,15628000
10456,0.059252,0.00057041,0.0040974,0.013606,1.89E-05,294.34,0.044856,1.75E-06,3.44E-07,0.99323,609.8,15613000
10441,0.045894,0.00056629,0.0040896,0.014188,1.90E-05,293.46,0.044902,1.83E-06,3.84E-07,1.0078,610.6,15022000
10463,0.04074,0.00057044,0.0040968,0.013917,1.89E-05,287.85,0.044922,1.75E-06,3.42E-07,1.0064,598.34,15480000
10466,0.034904,0.00057201,0.0040913,0.013176,1.89E-05,291.47,0.044921,2.08E-06,3.96E-07,1.0279,600.22,15443000
10458,0.045113,0.0005672,0.0040855,0.013327,1.89E-05,294.12,0.044846,2.04E-06,3.18E-07,1.0067,603.35,15520000
10428,0.04439,0.00056651,0.0040931,0.01395,1.89E-05,292.55,0.044899,2.16E-06,3.66E-07,0.98769,601.61,15469000
10449,0.043512,0.0005698,0.0040981,0.013859,1.90E-05,292,0.044922,1.95E-06,3.39E-07,1.0072,603.1,15458000
10471,0.056699,0.000573,0.0040943,0.013994,1.90E-05,294.02,0.044868,1.51E-06,4.21E-07,1.0164,609.25,15497000
10482,0.053916,0.00057387,0.0040997,0.014062,1.90E-05,292.08,0.044853,2.00E-06,3.43E-07,1.0404,604.17,15308000
10468,0.043326,0.00056541,0.0040948,0.014226,1.88E-05,292.06,0.044869,1.71E-06,4.03E-07,0.99203,595.76,15322000
10439,0.042341,0.00056939,0.0040987,0.0142,1.90E-05,291.87,0.044814,1.62E-06,3.98E-07,0.99412,606.47,15439000
10452,0.051373,0.00057218,0.0041031,0.014211,1.90E-05,291.22,0.044838,1.53E-06,3.24E-07,0.99455,603.31,15376000
10463,0.043352,0.00057484,0.0040968,0.014038,1.91E-05,291.87,0.044945,1.79E-06,3.55E-07,1.0206,599.3,15371000
10473,0.036698,0.0005651,0.0040964,0.01353,1.91E-05,292.51,0.044849,1.56E-06,3.66E-07,0.95486,619.94,15384000
10451,0.042568,0.00056175,0.0040967,0.01405,1.88E-05,292.22,0.044868,2.01E-06,4.49E-07,0.97345,613.88,15644000
10481,0.051851,0.00057134,0.0040942,0.013125,1.91E-05,292.57,0.044899,1.56E-06,4.36E-07,1.0248,602.53,15507000
10432,0.058698,0.0005677,0.0040985,0.013819,1.90E-05,294.53,0.044812,1.66E-06,3.81E-07,0.99725,601.67,15403000
10451,0.035494,0.000572,0.0040926,0.013503,1.91E-05,290.73,0.044893,1.59E-06,4.35E-07,1.0405,597.48,15516000
10462,0.043973,0.00057179,0.0040944,0.013048,1.90E-05,294.28,0.044838,1.46E-06,3.72E-07,1.002,606.85,15373000
10412,0.04505,0.00056811,0.0040963,0.012973,1.91E-05,290.34,0.04491,1.57E-06,3.77E-07,0.99243,603.97,15580000
10478,0.049594,0.00056985,0.0041005,0.013134,1.91E-05,290.62,0.044909,1.79E-06,4.57E-07,0.97202,603.88,15398000
10453,0.041094,0.00057128,0.0040939,0.01331,1.91E-05,293.23,0.044962,1.98E-06,4.20E-07,1.0234,597.51,15424000
10437,0.047019,0.00056788,0.0040978,0.013751,1.90E-05,292.1,0.044784,1.76E-06,4.17E-07,1.002,596.93,15425000
10484,0.050558,0.00057392,0.004094,0.013219,1.92E-05,292.87,0.04489,1.86E-06,4.65E-07,0.98302,604.48,15779000
10429,0.0441,0.00056973,0.0040897,0.014672,1.89E-05,294.39,0.044829,1.67E-06,4.37E-07,1.0414,604.88,15526000
10473,0.03425,0.00056737,0.0040951,0.015185,1.89E-05,291.99,0.044914,1.69E-06,2.89E-07,1.0332,599.79,15676000
10474,0.049933,0.00056787,0.0040904,0.013799,1.91E-05,292.12,0.04486,1.71E-06,3.50E-07,0.97834,596.43,15645000
10456,0.044766,0.00057574,0.0040997,0.01427,1.91E-05,291.36,0.044862,1.74E-06,3.68E-07,0.95912,591.59,15441000
10438,0.055806,0.00057198,0.0040954,0.014091,1.90E-05,293.03,0.044962,1.81E-06,3.78E-07,0.99917,607.63,15379000
