max_power,burst_width,max_Tf,avg_Tcool
181.21,0.315,918.3,561.1190812720848
474.59,0.25,965.2,562.030035335689
44.083,0.42499999999999993,875.7,560.194699646643
270.5,0.29000000000000004,938.2,561.2416961130741
195.56,0.315,924.8,561.1067137809187
124.4,0.355,913.1,560.7611307420494
220.95,0.29500000000000004,930.9,561.2399293286219
312.36,0.27,946.1,561.5416961130742
327.29,0.275,944.3,561.66925795053
106.75,0.37,911.0,560.5583038869258
34.15,0.39,869.7,560.1650176678445
229.12,0.30000000000000004,938.5,561.1826855123676
76.907,0.39499999999999996,889.9,560.4713780918728
647.91,0.225,971.9,562.6007067137809
24.714,0.52,872.0,559.9593639575971
164.71,0.325,915.7,560.8855123674911
318.17,0.27,940.3,561.6696113074205
65.12,0.395,899.5,560.3795053003532
10.545,1.6,789.8,559.6028268551236
391.52,0.25999999999999995,962.4,561.5611307420495
358.52,0.265,951.8,561.4558303886926
29.427,0.42000000000000004,865.0,560.0681978798586
253.98,0.28500000000000003,944.8,561.270671378092
41.755,0.40499999999999997,885.6,560.1583038869258
325.12,0.27,948.6,561.4717314487633
53.431,0.41000000000000003,882.8,560.2925795053003
718.9,0.225,982.5,562.5424028268551
461.94,0.24500000000000002,966.6,561.9342756183744
126.07,0.35000000000000003,914.8,560.7296819787986
148.23,0.33,917.8,560.6759717314487
360.33,0.265,949.1,561.7975265017668
332.79,0.27,957.3,561.4275618374559
416.4,0.25999999999999995,957.1,561.837809187279
300.26,0.275,947.2,561.3204946996466
250.85,0.29000000000000004,945.7,561.1176678445229
147.34,0.33,925.1,560.8763250883392
421.43,0.25999999999999995,955.2,561.7777385159011
115.83,0.35000000000000003,901.9,560.656890459364
15.134,0.9199999999999999,835.0,559.7540636042402
168.92,0.315,921.8,560.9565371024736
222.4,0.29000000000000004,932.8,561.3014134275618
348.09,0.26999999999999996,952.8,561.5554770318021
51.185,0.41500000000000004,884.3,560.3151943462897
254.94,0.29500000000000004,934.9,561.3699646643109
671.26,0.22,980.0,562.5611307420494
256.06,0.29000000000000004,932.1,561.3537102473498
54.722,0.41500000000000004,882.1,560.2763250883393
733.66,0.22,987.4,562.4773851590106
312.18,0.27,947.2,561.6328621908126
82.409,0.38,899.6,560.5226148409894
186.19,0.31,921.2,561.0809187279152
433.85,0.255,950.6,561.7932862190813
92.742,0.38,899.0,560.521554770318
454.59,0.24000000000000002,958.3,562.1734982332155
84.364,0.375,903.7,560.6229681978798
110.89,0.36,909.4,560.6356890459364
63.669,0.405,894.0,560.3646643109539
14.7,1.02,828.5,559.7851590106005
292.59,0.275,948.4,561.4632508833921
390.33,0.255,948.3,561.9494699646642
447.25,0.25,958.5,561.9572438162544
131.46,0.34500000000000003,907.8,560.6929328621908
130.73,0.34500000000000003,912.8,560.7731448763251
177.64,0.32,924.5,560.9533568904594
437.25,0.25,960.7,561.8098939929329
169.23,0.32,928.3,560.8689045936396
152.22,0.33,925.1,560.8077738515901
90.351,0.375,898.6,560.573851590106
227.88,0.30000000000000004,931.6,561.3134275618374
249.04,0.28500000000000003,939.0,561.334628975265
126.42,0.34500000000000003,912.8,560.6374558303886
215.39,0.29500000000000004,937.2,561.1893992932862
538.13,0.23500000000000001,967.8,562.2932862190813
161.45,0.32,929.0,560.8279151943462
768.8,0.215,991.0,562.5310954063604
436.1,0.25,960.9,561.9932862190811
271.27,0.29000000000000004,941.6,561.3614840989399
1094.2,0.20500000000000002,1018.9,563.3424028268552
112.87,0.355,907.6,560.7445229681979
375.67,0.25999999999999995,954.2,561.9031802120141
484.97,0.25,989.1,561.5113074204947
55.048,0.41500000000000004,887.5,560.290106007067
16.636,0.8650000000000001,834.8,559.842402826855
532.18,0.25,969.1,562.1558303886926
11.91,1.305,807.7,559.6844522968197
386.29,0.25999999999999995,959.4,561.7215547703181
171.02,0.325,916.1,560.9992932862191
117.78,0.35000000000000003,909.3,560.6049469964664
175.17,0.31,930.9,561.0109540636041
100.03,0.365,905.6,560.6212014134276
114.09,0.355,909.8,560.7180212014134
322.46,0.27,947.8,561.5321554770318
312.48,0.275,946.9,561.3957597173145
180.75,0.315,918.9,560.9159010600707
188.91,0.315,930.1,560.9929328621909
192.31,0.31,924.8,561.2314487632509
319.15,0.275,935.5,561.5367491166078
256.53,0.29000000000000004,933.7,561.3378091872792
114.74,0.36,905.9,560.6346289752651
288.35,0.275,946.4,561.3095406360425
374.57,0.26,958.3,561.696113074205
281.59,0.28500000000000003,940.2,561.4074204946996
78.127,0.385,897.3,560.5360424028269
126.14,0.34,914.6,560.791519434629
175.13,0.32,930.5,560.9844522968197
62.336,0.395,898.6,560.2975265017668
287.03,0.28,945.1,561.3710247349824
165.03,0.32,915.6,560.9978798586573
473.98,0.255,958.2,561.7922261484099
145.52,0.33,908.3,560.7961130742049
1047.0,0.21000000000000002,1018.8,563.3583038869258
24.497,0.51,861.5,560.0190812720847
259.76,0.28,946.3,561.1720848056538
514.62,0.24500000000000002,963.3,562.1487632508835
135.49,0.34500000000000003,911.2,560.6851590106008
339.95,0.265,946.6,561.6872791519435
125.74,0.34500000000000003,914.6,560.7371024734981
23.569,0.52,856.1,560.0583038869257
265.2,0.28500000000000003,948.0,561.3466431095408
76.202,0.39499999999999996,889.9,560.4183745583039
305.33,0.275,942.3,561.5473498233215
281.3,0.28,942.0,561.6088339222614
315.51,0.27,942.4,561.4978798586573
733.87,0.22,983.8,562.5696113074206
270.69,0.28,942.4,561.3296819787987
139.52,0.335,921.6,560.8438162544169
377.1,0.25999999999999995,953.1,561.786219081272
140.56,0.34,913.8,560.713074204947
642.47,0.23,978.0,562.4402826855123
66.761,0.4,887.3,560.3985865724381
22.406,0.55,869.0,559.9194346289752
599.02,0.23,971.8,562.4787985865725
226.83,0.30000000000000004,943.6,560.9031802120141
127.28,0.35000000000000003,910.6,560.7879858657244
26.021,0.505,863.4,560.0346289752649
508.33,0.24000000000000002,960.1,562.1381625441695
284.14,0.28500000000000003,942.2,561.2851590106008
35.989,0.39,873.5,560.1374558303887
853.62,0.215,994.4,563.0462897526502
91.602,0.375,902.9,560.4971731448762
523.61,0.24000000000000002,965.8,562.2388692579506
189.7,0.31,923.7,561.0448763250884
104.47,0.365,903.5,560.5703180212015
53.801,0.41000000000000003,891.6,560.2328621908127
371.13,0.255,953.7,561.6703180212013
143.43,0.335,917.7,560.8427561837456
685.43,0.22,992.7,562.2487632508835
555.71,0.24000000000000002,978.3,562.0127208480565
498.01,0.24500000000000002,957.4,562.1519434628975
211.83,0.30500000000000005,953.5,560.7469964664311
549.38,0.24000000000000002,962.1,562.3639575971731
258.19,0.28500000000000003,942.1,561.356183745583
147.14,0.33,913.4,560.8494699646643
589.95,0.23500000000000001,971.3,562.3452296819788
445.7,0.25,958.8,562.0664310954063
107.5,0.365,901.2,560.6113074204947
480.17,0.24500000000000002,976.5,561.7734982332154
152.38,0.33,915.1,560.7448763250883
135.62,0.335,917.7,560.7462897526502
80.491,0.38,901.0,560.4664310954063
461.65,0.25,962.4,562.0098939929328
168.8,0.325,912.5,560.9197879858657
593.53,0.23500000000000001,987.5,561.9897526501766
420.68,0.25,962.5,561.9219081272086
98.867,0.365,898.2,560.5448763250882
476.22,0.24500000000000002,956.8,562.1547703180213
384.7,0.25999999999999995,965.0,561.5971731448764
529.45,0.23500000000000001,972.9,562.1007067137809
501.68,0.24500000000000002,960.9,562.2671378091873
96.117,0.375,904.5,560.512367491166
267.71,0.28500000000000003,939.5,561.3335689045937
370.29,0.26499999999999996,953.8,561.7416961130742
151.48,0.33,923.4,560.7837455830388
419.56,0.25,961.8,561.8544169611307
103.96,0.365,894.7,560.6455830388693
67.053,0.4,894.3,560.3759717314487
512.85,0.25,963.1,562.0826855123676
277.97,0.28500000000000003,939.1,561.4441696113074
178.83,0.315,933.2,560.9540636042403
48.08,0.41500000000000004,882.8,560.1936395759717
350.17,0.26,949.6,561.8028268551237
350.32,0.26,955.3,561.583038869258
68.068,0.4,888.7,560.355477031802
114.47,0.355,902.7,560.6141342756183
79.505,0.38,913.9,560.360070671378
490.85,0.24500000000000002,965.8,562.1116607773852
333.89,0.27,946.3,561.5802120141343
351.74,0.265,951.7,561.7197879858657
312.03,0.275,947.3,561.4540636042403
534.34,0.24000000000000002,967.0,562.2042402826854
136.35,0.34500000000000003,913.1,560.7791519434629
13.307,1.07,820.2,559.7445229681978
244.95,0.29500000000000004,927.7,561.2667844522969
621.51,0.23,973.3,562.3402826855123
701.23,0.225,982.6,562.4791519434629
79.083,0.385,888.0,560.5155477031803
577.24,0.23500000000000001,966.2,562.3537102473498
79.994,0.39,893.6,560.4954063604241
86.896,0.375,902.0,560.5678445229682
697.9,0.225,979.1,562.5833922261484
706.84,0.22,982.3,562.5491166077738
39.167,0.40499999999999997,876.3,560.1233215547703
522.86,0.24000000000000002,964.2,562.2766784452297
322.8,0.27,949.0,561.6717314487632
148.76,0.335,916.8,560.8445229681979
281.45,0.28500000000000003,934.0,561.4791519434629
162.67,0.325,923.8,560.9279151943462
352.18,0.265,954.2,561.5742049469965
32.688,0.375,874.2,560.1056537102473
167.21,0.32,924.9,560.8989399293285
196.09,0.31,926.1,560.9978798586573
112.9,0.365,906.1,560.6
362.49,0.26,956.9,561.5689045936396
617.62,0.23500000000000001,967.9,562.2618374558305
191.29,0.32,918.5,561.0257950530035
123.7,0.35000000000000003,908.9,560.7607773851589
580.82,0.23,973.2,562.3618374558304
954.87,0.21000000000000002,1011.0,562.9381625441696
274.78,0.28,947.8,561.4240282685512
45.36,0.4099999999999999,889.4,560.151590106007
181.37,0.31,924.6,561.1932862190813
195.51,0.31,928.4,561.1229681978798
153.77,0.325,915.8,560.8703180212013
706.76,0.225,979.1,562.629328621908
19.134,0.845,837.0,559.899293286219
40.92,0.41,876.9,560.2045936395758
46.882,0.41000000000000003,889.7,560.1583038869258
48.832,0.41500000000000004,884.5,560.2494699646642
23.701,0.51,855.9,560.0378091872791
35.816,0.385,875.0,560.1303886925795
392.91,0.25999999999999995,962.1,561.726148409894
223.3,0.29000000000000004,939.6,561.195406360424
217.42,0.30500000000000005,937.4,560.982332155477
201.5,0.31,922.3,561.0805653710247
129.19,0.35000000000000003,913.1,560.7328621908127
68.017,0.39999999999999997,890.7,560.3466431095405
713.78,0.225,979.6,562.400706713781
238.71,0.29500000000000004,930.2,561.1402826855124
333.14,0.27499999999999997,938.4,561.5752650176678
294.41,0.28,930.6,561.4173144876324
70.254,0.39999999999999997,888.1,560.4070671378091
762.19,0.215,993.4,562.5363957597173
294.78,0.28,936.5,561.3636042402827
897.47,0.21500000000000002,997.4,563.0632508833924
137.43,0.335,919.1,560.6568904593639
118.85,0.335,940.9,560.6409893992934
494.97,0.24000000000000002,966.8,562.0098939929328
285.86,0.275,944.3,561.5766784452297
146.5,0.33,925.9,560.7848056537102
72.471,0.38999999999999996,897.6,560.4583038869258
68.72,0.39999999999999997,895.2,560.3862190812721
28.679,0.44000000000000006,867.0,560.0551236749116
629.82,0.23,970.8,562.4650176678446
202.09,0.30500000000000005,928.9,561.1074204946996
14.33,1.02,826.7,559.7830388692579
451.08,0.25,962.9,561.9441696113073
20.526,0.755,844.8,559.9098939929328
299.93,0.275,945.8,561.4229681978799
204.38,0.31,929.6,561.0554770318021
50.06,0.41500000000000004,886.9,560.2162544169611
304.22,0.28500000000000003,940.0,561.299293286219
217.63,0.30500000000000005,931.0,561.2247349823322
128.62,0.34500000000000003,913.4,560.7586572438163
421.36,0.25,957.4,561.8296819787986
80.962,0.39,892.4,560.4964664310954
38.603,0.41,874.1,560.2014134275618
642.49,0.23,974.2,562.3936395759716
148.31,0.33,922.1,560.8706713780919
212.19,0.30000000000000004,927.2,561.2508833922261
211.9,0.31,933.0,561.1342756183745
565.93,0.23500000000000001,968.8,562.3021201413428
399.07,0.25999999999999995,954.6,561.6939929328623
140.06,0.33,932.6,560.7247349823322
48.261,0.42000000000000004,883.9,560.2872791519434
194.93,0.315,934.6,560.8353356890459
201.21,0.305,923.9,561.1858657243816
180.56,0.31,930.6,560.9734982332155
426.76,0.255,952.4,561.6802120141343
74.099,0.39499999999999996,895.9,560.3452296819787
174.19,0.315,928.4,560.9155477031801
511.49,0.24000000000000002,963.5,561.9173144876324
466.04,0.24500000000000002,970.7,561.8689045936395
100.46,0.365,903.5,560.5473498233215
177.92,0.315,926.2,561.0349823321554
387.08,0.25999999999999995,957.3,561.7879858657244
285.6,0.28,943.5,561.5144876325088
10.248,2.07,766.0,559.5250883392225
77.456,0.38,899.4,560.4445229681978
386.05,0.26499999999999996,953.4,561.7618374558303
38.608,0.415,871.8,560.1572438162544
41.857,0.415,880.7,560.2155477031802
316.52,0.275,945.4,561.621554770318
32.301,0.4,876.9,560.0795053003534
85.046,0.385,891.3,560.5137809187279
132.27,0.34,907.0,560.8480565371025
133.93,0.335,921.0,560.7236749116607
86.983,0.375,896.7,560.4805653710247
768.11,0.225,979.5,562.7643109540636
625.51,0.23500000000000001,971.2,562.5508833922262
102.62,0.36,907.0,560.5459363957597
65.562,0.40499999999999997,893.9,560.3455830388692
15.038,0.9849999999999999,827.4,559.8201413427561
497.08,0.24500000000000002,964.7,561.9703180212014
295.31,0.28,943.0,561.5466431095407
308.11,0.28,943.6,561.5515901060071
168.18,0.32,923.4,560.8819787985865
32.19,0.385,869.4,560.086219081272
223.24,0.29500000000000004,932.2,561.1706713780918
20.708,0.6799999999999999,846.5,559.9625441696112
74.734,0.39999999999999997,889.4,560.4480565371025
238.58,0.29000000000000004,934.4,561.0452296819788
1070.7,0.2,1022.8,563.5067137809187
173.25,0.32,930.1,560.90777385159
681.65,0.22,981.9,562.5901060070671
117.04,0.355,902.8,560.7035335689046
123.59,0.35000000000000003,911.1,560.7378091872791
806.9,0.215,1005.2,562.3360424028268
420.21,0.255,957.2,561.8915194346289
35.873,0.395,873.0,560.1674911660776
345.72,0.265,948.8,561.4911660777385
273.87,0.29000000000000004,937.7,561.356890459364
488.54,0.24000000000000002,966.2,561.8402826855123
247.58,0.29000000000000004,946.7,561.1858657243815
236.61,0.29500000000000004,931.8,561.2579505300354
78.976,0.385,898.0,560.5190812720848
333.17,0.27499999999999997,955.8,561.4551236749116
194.24,0.315,913.4,561.0851590106006
395.56,0.255,951.6,561.9512367491166
92.023,0.38,905.5,560.4618374558303
89.222,0.385,896.9,560.4954063604241
137.76,0.335,917.0,560.7992932862192
565.19,0.24000000000000002,966.5,562.2805653710247
144.96,0.335,908.2,560.8049469964664
412.75,0.25999999999999995,970.1,561.4982332155477
12.118,1.2100000000000002,809.5,559.7183745583038
368.28,0.26499999999999996,956.4,561.6007067137809
176.85,0.315,925.9,561.1335689045936
164.82,0.32,918.3,560.9120141342755
138.91,0.335,911.5,560.9007067137809
351.63,0.265,944.2,561.5537102473497
53.793,0.405,892.2,560.3452296819788
203.43,0.31,928.9,561.0664310954063
377.44,0.26,954.0,561.7250883392227
702.04,0.225,975.0,562.8360424028268
393.27,0.25999999999999995,947.9,561.866077738516
336.44,0.27999999999999997,940.9,561.5388692579505
227.25,0.29000000000000004,948.8,561.0498233215548
59.108,0.405,890.8,560.2547703180212
213.58,0.29500000000000004,936.4,561.2720848056537
111.21,0.355,899.4,560.6763250883394
339.55,0.27,947.6,561.6420494699647
58.725,0.405,887.6,560.3204946996466
106.43,0.36,911.5,560.6455830388692
108.23,0.36,899.0,560.6197879858659
38.756,0.415,873.0,560.1798586572437
436.51,0.255,960.1,562.0042402826856
680.76,0.23,975.6,562.5289752650176
555.48,0.24000000000000002,963.8,562.4272084805654
264.57,0.29000000000000004,937.8,561.3247349823322
143.78,0.34,914.9,560.8823321554771
183.7,0.31,938.9,560.9791519434629
642.68,0.23,978.6,562.4420494699647
601.73,0.225,977.7,562.2159010600707
301.61,0.28,949.6,561.4639575971731
333.39,0.26999999999999996,950.8,561.5402826855124
129.08,0.35000000000000003,905.1,560.7342756183746
216.44,0.30000000000000004,927.9,561.2498233215548
367.68,0.26999999999999996,943.7,561.5996466431096
373.96,0.255,964.4,561.6204946996465
157.33,0.33,921.0,560.9752650176679
635.61,0.225,976.2,562.4427561837456
337.24,0.26999999999999996,950.8,561.5727915194345
157.42,0.325,925.0,560.9141342756184
87.015,0.385,891.5,560.5021201413426
268.83,0.275,943.7,561.4134275618375
199.84,0.305,932.0,561.2024734982332
27.294,0.485,865.0,560.0614840989399
159.66,0.325,924.8,561.0010600706713
259.96,0.28500000000000003,935.8,561.2742049469965
49.569,0.42000000000000004,877.5,560.2565371024734
265.52,0.28500000000000003,934.6,561.4996466431095
710.82,0.225,984.4,562.6226148409894
461.96,0.24000000000000002,959.4,562.1349823321556
165.16,0.32,928.5,560.913074204947
287.13,0.28500000000000003,931.4,561.3650176678444
405.53,0.25,961.5,561.7763250883391
467.62,0.24500000000000002,968.2,561.8893992932861
232.11,0.29500000000000004,931.5,561.3409893992933
20.391,0.75,846.9,559.9240282685512
47.669,0.42500000000000004,877.2,560.2349823321555
110.87,0.34500000000000003,911.6,560.7628975265019
83.71,0.38,894.8,560.5067137809186
318.78,0.275,945.3,561.4459363957598
78.486,0.38,900.8,560.508480565371
28.178,0.45999999999999996,863.6,560.0593639575972
58.278,0.405,888.1,560.291519434629
139.27,0.34,907.7,560.8212014134275
431.27,0.24500000000000002,955.9,562.0886925795053
840.72,0.21000000000000002,993.8,562.9678445229683
237.74,0.29500000000000004,935.8,561.1526501766784
145.31,0.335,911.1,560.8250883392226
406.42,0.25999999999999995,952.9,561.8664310954064
849.55,0.21000000000000002,1001.9,562.7141342756184
220.63,0.29500000000000004,941.9,561.043816254417
130.3,0.34500000000000003,914.1,560.6696113074205
47.4,0.4099999999999999,886.9,560.2579505300353
137.62,0.335,911.7,560.8480565371025
344.38,0.26999999999999996,953.4,561.6982332155476
519.9,0.24500000000000002,964.4,562.2498233215547
148.25,0.33,922.2,560.7689045936396
268.7,0.28,946.9,561.4286219081272
110.89,0.36,901.9,560.6650176678446
175.15,0.32,913.4,560.93851590106
478.15,0.255,960.1,561.6469964664311
96.262,0.365,904.9,560.5876325088338
122.37,0.35000000000000003,906.3,560.7420494699646
868.07,0.21500000000000002,999.7,562.7855123674912
459.3,0.25,949.6,561.8257950530036
323.38,0.27,943.2,561.4901060070672
58.046,0.42000000000000004,882.5,560.30777385159
137.68,0.335,917.6,560.8166077738516
413.08,0.25999999999999995,959.9,561.8406360424028
146.13,0.34,915.2,560.7314487632509
89.051,0.375,893.7,560.5611307420494
92.729,0.375,898.5,560.5212014134275
409.85,0.25,964.2,561.7922261484099
127.6,0.35000000000000003,914.3,560.7699646643108
56.559,0.41500000000000004,881.4,560.2932862190813
216.55,0.30500000000000005,934.6,561.0356890459364
169.61,0.325,919.1,560.9204946996466
282.03,0.28500000000000003,942.5,561.3621908127209
88.81,0.375,905.6,560.5272084805654
415.07,0.255,957.3,561.9763250883392
89.448,0.375,901.4,560.5275618374558
17.981,0.7750000000000001,850.4,559.7791519434628
375.5,0.25999999999999995,954.6,561.8554770318021
345.34,0.27,940.5,561.643109540636
147.62,0.33,937.7,560.7014134275619
527.62,0.24000000000000002,974.4,562.09222614841
438.95,0.25,961.5,561.9720848056537
21.082,0.56,865.5,559.8904593639576
36.415,0.395,875.8,560.1759717314487
34.26,0.375,874.5,560.146996466431
138.44,0.335,913.4,560.8120141342757
400.91,0.25999999999999995,953.1,561.9173144876324
66.073,0.395,897.9,560.2756183745583
176.88,0.315,921.0,561.0219081272086
359.75,0.26,959.3,561.6791519434628
196.57,0.31,923.1,560.9766784452297
121.31,0.35000000000000003,915.2,560.7469964664311
458.21,0.25,953.2,562.0127208480565
47.245,0.42499999999999993,881.3,560.1999999999999
79.171,0.385,898.1,560.4424028268551
60.37,0.41000000000000003,887.7,560.3583038869258
236.8,0.30000000000000004,928.9,561.3296819787986
109.68,0.355,905.4,560.7805653710247
304.9,0.275,939.4,561.4922261484098
127.63,0.34500000000000003,915.4,560.7498233215548
21.075,0.635,854.6,559.9706713780917
578.22,0.23500000000000001,971.0,562.3243816254417
230.03,0.29500000000000004,939.6,561.2363957597173
461.6,0.24000000000000002,962.5,561.9766784452297
134.68,0.34500000000000003,907.4,560.8240282685512
294.59,0.28,949.1,561.3268551236749
234.63,0.29500000000000004,935.8,561.2685512367491
20.893,0.73,845.2,559.9600706713779
60.672,0.4,898.8,560.2943462897526
94.339,0.37,902.7,560.6190812720848
312.46,0.275,941.7,561.7565371024734
583.42,0.23500000000000001,970.2,562.4063604240283
62.319,0.395,902.8,560.3070671378092
417.17,0.26499999999999996,963.0,561.5671378091873
128.06,0.34500000000000003,912.9,560.7879858657244
78.898,0.39499999999999996,891.5,560.4720848056536
34.819,0.37,877.8,560.0879858657242
456.66,0.25,956.3,561.9699646643109
188.51,0.315,938.1,560.9579505300353
88.747,0.37,904.2,560.6063604240281
348.34,0.265,945.6,561.705300353357
23.178,0.51,860.1,560.0187279151943
81.479,0.385,898.3,560.5413427561838
195.05,0.30999999999999994,933.6,560.9826855123674
171.36,0.315,927.2,561.0858657243816
514.03,0.24500000000000002,966.5,562.020848056537
81.51,0.39,900.9,560.3759717314488
222.98,0.30000000000000004,935.5,561.1855123674911
237.11,0.29500000000000004,928.9,561.1766784452296
38.655,0.41,873.8,560.2346289752649
299.8,0.28,942.8,561.2685512367491
68.153,0.39999999999999997,892.3,560.3296819787986
564.71,0.23500000000000001,966.5,562.3
443.2,0.25,962.0,561.9826855123675
77.729,0.385,899.0,560.4010600706714
83.632,0.39,896.9,560.5183745583039
51.806,0.41000000000000003,894.1,560.2441696113074
327.8,0.26999999999999996,946.0,561.6925795053004
456.97,0.24500000000000002,965.8,561.9477031802121
331.77,0.27,936.0,561.6084805653711
223.47,0.28500000000000003,935.9,561.3717314487633
565.28,0.24000000000000002,966.8,562.2780918727915
313.29,0.275,946.0,561.5494699646644
507.53,0.24500000000000002,964.5,562.0505300353357
109.26,0.36,908.9,560.8155477031802
813.84,0.21999999999999997,989.6,562.9416961130742
63.782,0.41000000000000003,886.9,560.3653710247348
672.96,0.225,984.9,562.2710247349823
303.26,0.275,950.3,561.5699646643109
53.953,0.41500000000000004,880.7,560.3540636042403
145.22,0.33,910.9,560.8342756183745
109.9,0.36,903.3,560.5872791519434
269.05,0.29000000000000004,939.4,561.4826855123674
212.5,0.30000000000000004,934.3,561.2151943462898
81.854,0.39,897.5,560.4784452296819
130.76,0.34500000000000003,912.4,560.743816254417
225.65,0.30000000000000004,933.1,561.082332155477
435.86,0.25,975.2,561.6946996466431
630.94,0.23500000000000001,974.9,562.5219081272086
154.36,0.33,920.3,560.9858657243816
232.48,0.30500000000000005,931.9,561.1406360424028
185.08,0.315,916.1,560.9643109540635
360.58,0.26,956.2,561.4583038869258
103.01,0.365,904.3,560.5113074204946
34.458,0.36,881.2,560.116961130742
677.18,0.23,979.2,562.2434628975265
34.614,0.38,875.8,560.0646643109541
297.35,0.28500000000000003,938.4,561.4833922261483
549.66,0.23500000000000001,972.1,562.2038869257951
70.146,0.39499999999999996,904.2,560.3593639575971
795.47,0.215,993.7,562.4286219081273
232.32,0.30500000000000005,931.1,561.1462897526502
17.457,0.8550000000000001,836.0,559.8508833922261
865.32,0.21000000000000002,996.0,563.0519434628976
384.59,0.26499999999999996,952.8,561.6780918727915
159.01,0.33,924.8,560.934628975265
375.8,0.26499999999999996,951.0,561.7544169611307
77.881,0.38999999999999996,902.4,560.4307420494699
531.27,0.24000000000000002,968.3,562.1745583038869
80.346,0.385,895.1,560.4674911660777
134.7,0.34,909.5,560.7579505300354
787.75,0.21999999999999997,989.6,562.726148409894
48.563,0.41000000000000003,886.7,560.2918727915194
69.832,0.40499999999999997,889.3,560.3886925795053
71.206,0.39499999999999996,900.0,560.4257950530035
222.27,0.29500000000000004,927.9,561.0643109540637
224.12,0.29500000000000004,927.1,561.3109540636042
295.28,0.28,938.4,561.517667844523
262.71,0.28,947.7,561.2766784452297
76.955,0.38499999999999995,906.9,560.5703180212013
700.63,0.22,1002.3,562.1056537102473
381.43,0.265,947.6,561.6335689045936
98.133,0.36,905.7,560.622261484099
670.78,0.23,976.9,562.5120141342755
333.26,0.27,945.1,561.4918727915194
675.63,0.225,977.4,562.5420494699647
117.63,0.355,909.9,560.694699646643
265.06,0.29000000000000004,937.0,561.2985865724381
201.85,0.30999999999999994,921.7,561.1558303886926
42.608,0.42999999999999994,872.7,560.2328621908126
447.2,0.24500000000000002,970.2,561.8360424028268
346.91,0.26,954.1,561.6459363957597
21.813,0.71,852.5,559.9957597173144
215.96,0.29500000000000004,947.3,560.9583038869257
300.7,0.275,951.0,561.4558303886926
177.67,0.325,916.2,561.0049469964664
497.87,0.24500000000000002,961.4,562.2462897526502
269.86,0.28,944.0,561.2840989399293
214.47,0.305,924.6,561.1558303886926
802.57,0.215,986.0,562.934628975265
514.01,0.24000000000000002,965.3,562.2310954063604
127.55,0.34500000000000003,915.8,560.8441696113074
334.87,0.265,949.3,561.7183745583038
645.65,0.23,976.0,562.2257950530036
27.165,0.475,865.2,560.0346289752649
348.53,0.26999999999999996,946.2,561.4816254416961
191.12,0.31,920.4,560.9763250883392
360.85,0.26999999999999996,944.8,561.8272084805654
357.68,0.26499999999999996,957.6,561.5837455830388
285.06,0.28500000000000003,937.3,561.5084805653709
358.07,0.26,948.6,561.8614840989399
346.11,0.26999999999999996,958.9,561.4427561837456
1286.6,0.2,1052.4,563.6798586572438
298.22,0.275,940.0,561.4095406360425
10.28,1.8399999999999999,782.4,559.5173144876325
153.22,0.33,919.6,560.952296819788
55.781,0.405,896.3,560.2289752650178
443.98,0.25,959.6,561.8844522968197
344.96,0.26,958.4,561.4763250883393
41.028,0.415,875.9,560.1667844522967
171.35,0.315,926.2,561.0710247349823
429.6,0.25,965.2,561.7014134275619
469.51,0.25,960.5,562.1586572438162
207.28,0.31,924.0,561.0950530035335
31.242,0.42000000000000004,871.8,560.0632508833921
101.1,0.365,913.2,560.4643109540635
576.92,0.23500000000000001,965.1,562.4915194346289
90.764,0.385,892.7,560.5240282685513
279.08,0.28500000000000003,942.5,561.4526501766784
259.45,0.28500000000000003,938.7,561.2593639575972
267.03,0.28500000000000003,942.6,561.4445229681978
204.58,0.30500000000000005,950.9,560.856890459364
179.13,0.32,922.8,560.9162544169611
328.34,0.27,949.8,561.534628975265
253.2,0.29500000000000004,925.1,561.3424028268552
51.593,0.41500000000000004,889.3,560.2473498233215
190.7,0.31499999999999995,928.5,560.9530035335689
996.61,0.21000000000000002,1013.5,563.3042402826856
298.53,0.275,938.8,561.4240282685512
522.3,0.24000000000000002,965.2,562.1045936395759
127.29,0.34500000000000003,912.9,560.8381625441696
102.41,0.365,900.1,560.6328621908127
85.401,0.38,904.2,560.5593639575972
667.49,0.22,976.3,562.5639575971732
507.92,0.24000000000000002,979.9,561.8222614840989
89.679,0.38,895.6,560.4971731448762
134.03,0.34500000000000003,909.5,560.8166077738516
136.94,0.34,915.0,560.8166077738516
125.34,0.35000000000000003,916.4,560.7201413427562
31.505,0.38,871.4,560.111660777385
232.77,0.29500000000000004,935.6,561.120141342756
130.32,0.34500000000000003,920.8,560.7745583038869
304.37,0.275,950.6,561.5180212014134
353.34,0.26999999999999996,944.8,561.8300353356891
256.02,0.29500000000000004,931.5,561.3194346289753
565.84,0.24000000000000002,971.7,562.1282685512367
68.793,0.39999999999999997,887.0,560.4
144.87,0.335,912.9,560.7494699646644
375.63,0.25999999999999995,957.2,561.7275618374558
197.04,0.30999999999999994,938.0,560.809187279152
83.578,0.39,893.0,560.4611307420495
52.743,0.42000000000000004,886.3,560.2628975265017
224.95,0.29500000000000004,934.9,561.0275618374559
358.43,0.26499999999999996,949.6,561.7116607773852
269.01,0.28500000000000003,943.9,561.3636042402827
134.55,0.335,915.1,560.8289752650176
875.44,0.21000000000000002,995.2,563.0480565371026
158.44,0.32,922.8,561.0424028268551
267.11,0.28500000000000003,937.0,561.5406360424029
18.021,0.8400000000000001,842.6,559.8413427561836
139.32,0.34,917.3,560.7515901060071
115.3,0.355,914.5,560.7109540636043
682.31,0.225,982.3,562.379151943463
309.72,0.275,946.1,561.4547703180212
425.55,0.255,956.6,561.8692579505299
58.86,0.4,891.0,560.3109540636042
169.28,0.315,925.1,560.8978798586571
462.96,0.24500000000000002,963.8,561.9816254416961
252.79,0.29000000000000004,930.9,561.2349823321555
147.52,0.325,918.0,560.7886925795053
148.73,0.325,926.7,560.7455830388693
100.09,0.37,914.8,560.5586572438162
72.695,0.39499999999999996,902.1,560.4151943462898
317.8,0.27,950.0,561.6031802120142
199.35,0.30999999999999994,933.1,560.9664310954064
36.442,0.42000000000000004,869.7,560.1544169611307
184.74,0.31,926.2,561.0720848056536
504.99,0.24500000000000002,962.4,562.126855123675
352.91,0.265,952.1,561.4791519434629
250.68,0.29000000000000004,937.2,561.2968197879859
182.37,0.31,928.6,561.0833922261485
24.448,0.51,856.9,560.0399293286218
46.155,0.41500000000000004,883.2,560.1636042402827
366.65,0.26499999999999996,943.8,561.674558303887
494.68,0.24000000000000002,972.0,561.9378091872792
77.735,0.38999999999999996,892.5,560.4770318021201
208.6,0.30500000000000005,933.4,561.0929328621908
50.46,0.42500000000000004,881.0,560.2604240282685
411.72,0.255,956.6,561.9876325088339
245.58,0.29000000000000004,936.8,561.3134275618374
222.51,0.30500000000000005,937.5,561.2007067137808
31.446,0.39,878.2,560.0819787985865
195.37,0.31,931.1,560.9000000000001
575.71,0.23500000000000001,969.2,562.3491166077738
170.2,0.32,925.7,560.9438162544169
309.96,0.275,943.4,561.5989399293286
1305.7,0.195,1048.3,563.7332155477031
356.59,0.26999999999999996,951.6,561.6554770318021
324.4,0.265,953.6,561.5961130742049
96.381,0.365,911.0,560.6349823321556
172.04,0.315,928.1,561.0575971731449
377.15,0.265,945.0,561.6176678445229
174.96,0.31,931.7,561.0003533568904
246.3,0.29000000000000004,932.5,561.2950530035337
112.98,0.355,902.2,560.6869257950531
58.789,0.41000000000000003,894.7,560.3522968197881
168.77,0.325,922.0,560.9816254416961
41.689,0.415,880.0,560.185512367491
303.56,0.275,953.0,561.4240282685512
745.76,0.22,983.7,562.7957597173145
50.621,0.41500000000000004,890.5,560.2381625441695
244.65,0.30000000000000004,928.3,561.2872791519434
434.74,0.255,955.4,561.913074204947
163.63,0.325,932.4,560.7014134275619
56.308,0.42000000000000004,885.3,560.2657243816254
405.69,0.255,952.4,561.952296819788
261.39,0.28,943.5,561.4067137809187
94.837,0.365,905.5,560.6318021201413
190.15,0.315,927.3,560.93074204947
342.72,0.265,959.5,561.2901060070672
390.78,0.25,970.7,561.533922261484
103.7,0.365,901.6,560.591519434629
36.362,0.395,874.8,560.1473498233215
25.777,0.475,860.2,560.0356890459364
164.49,0.325,916.9,560.9420494699647
180.02,0.315,921.3,561.0876325088338
76.331,0.39999999999999997,888.7,560.4780918727915
21.198,0.6900000000000001,848.7,559.9427561837455
50.668,0.42000000000000004,881.4,560.2756183745582
248.95,0.29000000000000004,940.9,561.2342756183746
542.62,0.24000000000000002,974.6,561.9650176678444
174.15,0.315,923.0,561.1554770318021
86.746,0.38,901.4,560.5289752650176
263.78,0.28500000000000003,942.1,561.3717314487633
50.128,0.41500000000000004,887.3,560.1699646643109
328.36,0.27,946.8,561.6173144876326
454.06,0.24500000000000002,961.2,562.0392226148409
84.001,0.38,897.6,560.5063604240282
107.23,0.365,909.2,560.5780918727916
160.03,0.33,918.7,561.0441696113074
73.287,0.39499999999999996,894.9,560.4851590106007
135.91,0.34,904.1,560.7650176678446
124.25,0.34500000000000003,912.1,560.7893992932862
82.774,0.385,903.3,560.4332155477032
116.85,0.355,905.8,560.6964664310955
257.12,0.29000000000000004,936.7,561.2194346289751
115.34,0.34500000000000003,909.7,560.6088339222614
231.16,0.30000000000000004,932.8,561.1766784452296
158.25,0.33,914.8,560.9162544169611
46.383,0.405,883.2,560.2699646643108
126.46,0.34,929.5,560.7042402826854
1009.3,0.2,1013.2,563.1392226148411
558.86,0.23500000000000001,971.9,562.2459363957597
47.99,0.42500000000000004,879.6,560.230035335689
465.36,0.25,962.4,562.0593639575972
121.44,0.34500000000000003,913.7,560.7745583038869
390.31,0.255,962.4,561.5572438162543
234.28,0.29500000000000004,932.9,561.4116607773851
405.45,0.255,960.5,561.8636042402827
214.46,0.30500000000000005,929.3,561.26148409894
334.37,0.27,941.2,561.6455830388693
175.7,0.325,919.9,561.0526501766784
343.04,0.27,939.8,561.6247349823321
573.2,0.23500000000000001,977.5,562.1802120141343
281.19,0.28500000000000003,932.6,561.422261484099
544.4,0.24000000000000002,970.0,562.2462897526502
53.691,0.4,899.7,560.2098939929328
102.89,0.365,898.4,560.6480565371024
317.69,0.275,945.1,561.4957597173144
483.59,0.24500000000000002,963.4,562.0607773851591
167.13,0.315,926.5,561.1134275618375
296.18,0.275,939.5,561.3713780918728
371.21,0.265,953.5,561.7201413427562
635.91,0.23,987.1,562.0363957597173
90.113,0.38,903.8,560.5844522968199
320.05,0.27,950.3,561.5950530035335
613.41,0.23,976.1,562.3996466431095
30.463,0.41000000000000003,873.1,560.068551236749
130.46,0.34,923.7,560.7731448763251
374.97,0.26499999999999996,951.4,561.7035335689045
252.92,0.29000000000000004,946.5,561.2127208480566
54.467,0.42000000000000004,879.0,560.3466431095407
756.54,0.22,992.6,562.5367491166079
167.43,0.32,927.9,561.1003533568904
611.01,0.23,987.6,562.0561837455829
368.29,0.26499999999999996,948.6,561.9038869257951
525.44,0.24500000000000002,963.4,562.3667844522968
119.31,0.36,907.0,560.6957597173146
142.7,0.33,926.3,560.7749116607773
181.61,0.32,921.1,561.0893992932862
108.44,0.365,904.1,560.7176678445229
193.62,0.315,922.9,560.9763250883393
126.04,0.335,934.3,560.6448763250884
458.98,0.25,956.7,562.0028268551237
90.598,0.375,897.2,560.5296819787985
421.09,0.255,957.7,561.8109540636042
20.895,0.5050000000000001,858.0,559.9855123674911
257.39,0.28500000000000003,937.3,561.5257950530035
27.703,0.43500000000000005,869.0,560.0053003533568
133.77,0.34500000000000003,907.9,560.7197879858658
548.72,0.24500000000000002,968.4,562.1056537102473
293.09,0.28500000000000003,940.4,561.5335689045936
184.21,0.31,925.0,561.0487632508833
131.46,0.35000000000000003,906.5,560.7537102473498
580.28,0.24000000000000002,969.4,562.2197879858657
145.24,0.34,917.7,560.7862190812721
20.067,0.605,852.2,559.9466431095406
126.4,0.35000000000000003,907.2,560.8289752650177
240.74,0.29000000000000004,934.8,561.3109540636042
122.33,0.34500000000000003,918.5,560.7204946996467
19.724,0.795,842.8,559.8851590106007
54.433,0.41000000000000003,889.4,560.3537102473498
405.28,0.25999999999999995,950.3,561.9455830388691
557.93,0.24000000000000002,967.9,562.1194346289752
196.31,0.30999999999999994,931.7,561.1236749116608
314.75,0.27,962.9,561.3109540636042
1005.0,0.20500000000000002,1017.6,562.8957597173145
107.71,0.35000000000000003,923.5,560.4837455830389
533.18,0.24000000000000002,965.9,562.3226148409893
127.45,0.355,906.3,560.7233215547703
18.352,0.8400000000000001,848.0,559.8706713780917
785.06,0.215,985.0,562.8526501766784
639.26,0.23,970.4,562.5568904593639
94.408,0.37,903.4,560.6042402826855
203.02,0.30999999999999994,925.6,561.2321554770318
78.985,0.385,901.0,560.5487632508833
212.38,0.30500000000000005,939.2,560.8459363957597
321.94,0.275,946.8,561.7286219081273
181.79,0.315,923.8,561.1204946996467
20.273,0.74,850.3,559.882332155477
243.37,0.29000000000000004,942.0,561.356890459364
187.61,0.31,914.6,561.0756183745583
127.17,0.34500000000000003,908.9,560.7590106007067
408.51,0.255,966.3,561.7777385159011
289.31,0.275,941.4,561.4342756183745
178.56,0.32,921.1,560.9600706713782
163.46,0.315,918.8,560.8607773851589
124.54,0.35500000000000004,910.3,560.7077738515901
111.9,0.355,908.1,560.7035335689046
79.484,0.39,899.9,560.4954063604241
114.25,0.35000000000000003,908.3,560.6441696113073
297.54,0.28500000000000003,934.7,561.4088339222616
155.35,0.325,919.1,560.8848056537101
375.1,0.255,952.1,561.9091872791519
915.36,0.21500000000000002,1001.7,563.1042402826855
1338.4,0.19,1046.9,563.4858657243816
150.65,0.325,921.0,561.0282685512367
664.43,0.22,980.9,562.4982332155477
183.33,0.315,923.7,561.0671378091873
239.43,0.29500000000000004,931.7,561.3844522968197
264.91,0.29000000000000004,931.8,561.296113074205
122.6,0.34500000000000003,913.8,560.5795053003534
530.37,0.24500000000000002,968.9,562.016254416961
324.05,0.275,943.4,561.3512367491165
217.06,0.305,931.9,561.0480565371025
168.97,0.315,927.1,560.9713780918728
140.34,0.335,912.1,560.7636042402827
241.07,0.29000000000000004,928.1,561.1809187279152
137.07,0.335,923.8,560.7893992932864
178.37,0.32,919.1,561.0388692579505
49.938,0.41500000000000004,885.7,560.2784452296819
282.02,0.28500000000000003,947.2,561.3681978798587
132.14,0.34500000000000003,916.0,560.7745583038869
376.12,0.26999999999999996,948.6,561.6957597173143
234.96,0.29500000000000004,936.8,561.3593639575971
567.09,0.24000000000000002,972.2,562.1310954063605
354.69,0.25999999999999995,956.5,561.686925795053
265.82,0.29000000000000004,933.9,561.382332155477
73.672,0.38999999999999996,901.1,560.3452296819788
205.37,0.305,928.0,561.1325088339223
352.38,0.26,950.9,561.7950530035336
283.8,0.28500000000000003,939.2,561.4840989399294
228.84,0.30000000000000004,935.3,561.1742049469964
207.32,0.29500000000000004,935.5,561.0710247349823
341.6,0.265,955.8,561.5971731448764
477.3,0.24500000000000002,959.4,562.2540636042404
103.51,0.365,907.6,560.7409893992932
87.457,0.385,890.8,560.5371024734982
303.99,0.275,946.2,561.4565371024736
198.82,0.31,923.9,561.1855123674911
153.89,0.33,919.2,560.9593639575971
518.99,0.24500000000000002,959.5,562.26148409894
191.54,0.315,929.2,561.0978798586573
332.75,0.275,943.8,561.724734982332
625.85,0.23,972.1,562.5646643109541
254.79,0.29000000000000004,938.6,561.3204946996467
157.44,0.325,919.4,560.9512367491167
71.09,0.38999999999999996,889.4,560.3734982332156
175.25,0.315,923.8,560.9636042402827
207.63,0.30500000000000005,928.8,561.1540636042403
91.538,0.375,900.4,560.5558303886927
163.81,0.325,926.4,560.9367491166076
290.02,0.28,945.2,561.5081272084806
217.73,0.29500000000000004,930.1,561.1844522968198
124.92,0.35000000000000003,907.2,560.7240282685514
389.16,0.25999999999999995,954.7,561.8512367491165
376.66,0.26499999999999996,949.3,561.8247349823322
719.08,0.225,984.1,562.5692579505301
90.269,0.375,907.6,560.563957597173
163.39,0.32,929.4,560.825441696113
158.25,0.33,920.8,560.8886925795053
583.9,0.23500000000000001,978.4,562.1805653710247
564.47,0.23500000000000001,964.9,562.2303886925796
70.412,0.39999999999999997,890.0,560.3773851590106
95.152,0.375,899.5,560.529328621908
143.07,0.34,912.0,560.8003533568905
247.64,0.28500000000000003,938.3,561.4946996466431
68.976,0.40499999999999997,888.5,560.3745583038869
250.55,0.28500000000000003,938.4,561.420848056537
537.7,0.24000000000000002,968.8,562.1530035335688
534.19,0.24000000000000002,968.6,562.148409893993
286.3,0.275,939.0,561.4067137809188
145.17,0.33,925.7,560.916961130742
251.31,0.29000000000000004,953.4,560.8459363957598
79.812,0.385,895.4,560.5219081272085
92.384,0.38,897.5,560.5554770318022
94.148,0.375,894.0,560.5498233215548
20.539,0.69,860.6,559.843109540636
626.56,0.23,973.8,562.4469964664311
258.29,0.28500000000000003,935.9,561.3844522968197
400.24,0.255,952.1,561.9494699646643
33.109,0.375,868.8,560.1077738515901
210.82,0.30000000000000004,932.9,561.3367491166077
175.06,0.31,935.7,561.0113074204946
40.164,0.39499999999999996,884.4,560.1674911660778
114.58,0.355,903.8,560.6978798586572
230.86,0.29500000000000004,942.6,561.169964664311
121.94,0.35000000000000003,909.3,560.812367491166
61.962,0.405,890.5,560.3406360424027
99.717,0.365,907.3,560.6427561837455
327.22,0.265,949.8,561.6402826855124
76.55,0.39499999999999996,895.9,560.4031802120141
444.66,0.25,956.3,562.1462897526502
523.41,0.24000000000000002,967.6,562.1459363957597
156.02,0.325,921.8,560.9886925795053
29.414,0.46499999999999997,864.1,560.0660777385158
280.79,0.28500000000000003,942.2,561.4190812720847
91.472,0.385,896.1,560.5890459363958
417.87,0.255,960.2,561.8332155477032
90.936,0.38,900.6,560.6144876325088
70.335,0.39499999999999996,896.1,560.4795053003533
498.25,0.24000000000000002,971.3,561.9250883392226
44.904,0.4099999999999999,882.2,560.2053003533568
99.8,0.37,908.2,560.5028268551237
52.156,0.41000000000000003,885.0,560.2388692579506
873.73,0.21500000000000002,995.8,563.1162544169612
28.777,0.44500000000000006,862.7,560.0975265017667
92.946,0.375,897.7,560.6007067137809
62.924,0.405,889.6,560.3318021201412
350.53,0.265,955.7,561.4816254416962
48.618,0.42000000000000004,878.6,560.2279151943462
196.22,0.31,933.3,560.9989399293287
78.352,0.385,901.0,560.3982332155476
307.8,0.275,940.8,561.5134275618374
211.04,0.30500000000000005,920.5,561.0925795053004
305.87,0.27,948.6,561.5982332155477
21.627,0.67,855.7,559.9530035335688
176.44,0.32,930.4,560.8427561837456
1164.7,0.2,1033.7,563.2932862190813
166.45,0.33,914.1,560.8671378091873
66.867,0.4,893.9,560.3597173144876
109.03,0.36,897.7,560.6416961130741
361.78,0.26499999999999996,947.4,561.7544169611307
19.374,0.79,841.7,559.882332155477
129.78,0.34,928.5,560.8148409893992
516.33,0.24500000000000002,965.2,562.0473498233216
393.79,0.25,955.6,561.8734982332155
300.2,0.28500000000000003,942.2,561.4883392226149
533.65,0.24000000000000002,979.8,561.7770318021202
171.22,0.315,918.2,560.9773851590106
183.62,0.315,930.6,561.0056537102473
178.2,0.315,924.7,561.1123674911661
101.75,0.365,910.1,560.6932862190813
387.77,0.25999999999999995,954.8,561.757597173145
890.87,0.21000000000000002,1001.4,563.0067137809189
180.51,0.315,929.6,560.9501766784451
472.4,0.24500000000000002,961.4,562.1522968197879
259.89,0.28500000000000003,935.8,561.5007067137809
196.07,0.315,924.5,561.0321554770317
55.327,0.41000000000000003,891.7,560.3159010600707
174.12,0.31,927.3,561.0689045936396
250.07,0.29500000000000004,937.5,561.109187279152
394.07,0.255,954.0,561.9321554770318
79.105,0.39,897.7,560.4229681978798
940.79,0.21000000000000002,1000.4,562.8848056537104
29.905,0.45000000000000007,867.4,560.0579505300353
309.35,0.28,944.4,561.4791519434629
403.53,0.255,966.4,561.4886925795053
51.106,0.41500000000000004,883.0,560.243109540636
484.82,0.24000000000000002,963.2,562.1219081272085
291.96,0.28,938.3,561.4053003533569
229.11,0.29000000000000004,946.3,561.1077738515901
611.77,0.225,974.5,562.3989399293285
513.77,0.24000000000000002,967.2,562.1272084805654
41.238,0.4099999999999999,877.8,560.1498233215548
202.58,0.305,933.1,561.082332155477
88.855,0.38,909.2,560.4858657243815
173.87,0.32,923.6,560.9890459363957
293.54,0.28,941.1,561.464664310954
80.354,0.39,895.7,560.3932862190812
803.62,0.22,991.9,562.8420494699646
187.01,0.315,921.7,561.1636042402828
179.69,0.31,929.3,560.9982332155477
156.07,0.325,927.5,560.8459363957597
52.856,0.41500000000000004,890.9,560.1989399293286
454.4,0.25,966.6,561.943109540636
466.59,0.255,957.8,561.866077738516
212.53,0.30000000000000004,934.9,561.1646643109541
119.97,0.35000000000000003,918.3,560.5826855123676
462.34,0.25,959.0,562.1222614840989
305.23,0.275,945.1,561.4819787985865
37.5,0.405,873.6,560.1257950530035
163.75,0.32,919.7,560.9310954063604
30.554,0.385,877.8,560.0872791519434
74.747,0.38999999999999996,893.3,560.4
547.25,0.24000000000000002,970.3,562.0318021201414
720.24,0.225,975.4,562.7886925795052
55.808,0.42000000000000004,882.5,560.312367491166
366.62,0.25999999999999995,955.4,561.6964664310954
136.68,0.34,909.6,560.7692579505301
20.495,0.74,846.0,559.9003533568904
50.97,0.41000000000000003,885.6,560.2876325088339
233.85,0.28500000000000003,935.9,561.3664310954063
71.295,0.39499999999999996,894.6,560.4081272084806
88.883,0.385,893.7,560.5332155477032
96.592,0.365,908.9,560.530035335689
86.658,0.385,903.8,560.4713780918727
573.43,0.23,970.0,562.3342756183745
192.29,0.31,926.4,561.1434628975264
440.79,0.25,966.8,561.7127208480566
287.66,0.275,949.5,561.4462897526502
86.248,0.385,894.6,560.5455830388693
61.549,0.4,903.6,560.2388692579505
105.44,0.365,903.5,560.5897526501767
260.87,0.28500000000000003,936.2,561.4869257950529
491.06,0.25,958.1,562.1992932862189
458.99,0.25,962.3,561.9985865724381
55.959,0.41500000000000004,884.4,560.2667844522969
59.786,0.41000000000000003,892.8,560.325441696113
97.132,0.37,904.5,560.5155477031802
501.17,0.24000000000000002,970.8,562.0908127208481
199.91,0.30500000000000005,927.8,561.1501766784452
87.935,0.375,910.7,560.3950530035336
146.47,0.335,913.2,560.843109540636
125.42,0.34500000000000003,912.1,560.7858657243817
261.31,0.28500000000000003,946.2,561.373144876325
449.96,0.25,958.8,561.8961130742049
46.0,0.41000000000000003,888.9,560.1904593639575
649.21,0.23,972.6,562.5060070671378
207.6,0.30000000000000004,937.9,561.0985865724381
376.66,0.255,946.6,561.7109540636043
165.67,0.325,937.6,560.8201413427562
441.53,0.25,962.0,561.8533568904594
136.63,0.34,913.7,560.8106007067138
64.939,0.405,890.6,560.3738515901059
106.54,0.36,908.9,560.6102473498233
491.64,0.24500000000000002,965.5,562.0893992932862
344.67,0.265,955.4,561.3957597173145
236.31,0.29000000000000004,940.4,561.2671378091873
316.38,0.275,949.3,561.4038869257951
194.18,0.305,937.1,561.1491166077739
307.6,0.275,943.3,561.4925795053003
294.4,0.275,948.9,561.5413427561837
189.8,0.315,921.1,560.9653710247351
55.538,0.41000000000000003,891.3,560.3279151943462
124.64,0.35000000000000003,916.6,560.7353356890459
21.344,0.66,863.2,559.8480565371024
324.31,0.27,946.8,561.4296819787986
130.57,0.34,912.4,560.7257950530036
288.92,0.28500000000000003,940.0,561.3558303886927
77.129,0.39,890.4,560.450883392226
39.054,0.415,871.7,560.160777385159
116.12,0.355,902.6,560.6537102473499
397.2,0.25999999999999995,959.8,561.753003533569
60.421,0.41500000000000004,886.6,560.2883392226148
51.555,0.41500000000000004,887.2,560.2791519434629
17.069,0.8700000000000001,836.5,559.8600706713779
133.34,0.34500000000000003,907.1,560.7925795053003
43.266,0.4049999999999999,880.9,560.2650176678444
24.652,0.5,860.4,560.0282685512367
570.83,0.23,972.2,562.2257950530035
169.72,0.32,918.7,560.982332155477
449.59,0.255,961.7,561.9780918727914
60.641,0.405,893.2,560.4155477031802
27.872,0.46499999999999997,862.5,560.0929328621908
291.38,0.275,948.9,561.3681978798586
439.89,0.25,971.6,561.6540636042402
36.303,0.375,878.3,560.2091872791519
20.399,0.605,859.1,559.9802120141342
338.82,0.27,942.3,561.7265017667844
552.67,0.24000000000000002,969.6,562.1413427561837
110.39,0.355,907.4,560.660777385159
113.99,0.355,907.1,560.7159010600706
205.55,0.30999999999999994,931.4,560.9915194346289
119.63,0.34500000000000003,923.1,560.6053003533568
179.77,0.31,923.6,561.0215547703181
68.17,0.395,896.1,560.3579505300353
223.39,0.29500000000000004,936.1,561.2307420494699
289.14,0.28500000000000003,942.6,561.4876325088339
69.653,0.40499999999999997,887.1,560.4597173144876
294.62,0.28500000000000003,939.8,561.5717314487633
21.806,0.605,863.5,559.9332155477031
463.81,0.25,976.7,561.6455830388693
149.26,0.325,925.3,560.9660777385159
552.34,0.24000000000000002,968.8,562.3310954063604
341.34,0.26499999999999996,956.0,561.6328621908126
75.236,0.38999999999999996,899.6,560.3798586572439
59.399,0.405,886.4,560.2876325088338
232.37,0.29000000000000004,938.8,561.3455830388692
146.54,0.335,916.4,560.9706713780919
640.77,0.225,980.8,562.3897526501767
298.45,0.28,943.4,561.5049469964665
654.0,0.225,973.8,562.5501766784453
11.91,1.265,806.8,559.7144876325087
222.7,0.30500000000000005,930.8,561.1098939929329
73.397,0.38999999999999996,895.3,560.4310954063604
246.51,0.29500000000000004,928.8,561.260070671378
236.22,0.29500000000000004,940.1,561.2095406360424
335.12,0.275,947.1,561.3890459363956
214.78,0.30500000000000005,940.5,561.1035335689046
410.73,0.25,958.2,561.8653710247348
19.467,0.825,839.2,559.9130742049468
314.56,0.275,943.3,561.5187279151943
165.77,0.315,922.8,560.9540636042403
632.37,0.23500000000000001,971.2,562.4102473498233
153.93,0.335,917.1,560.853003533569
258.43,0.29000000000000004,937.5,561.3544169611307
30.454,0.41500000000000004,869.3,560.0561837455829
829.17,0.215,994.5,562.7879858657244
81.735,0.385,898.4,560.4876325088339
107.06,0.36,910.3,560.5604240282685
35.604,0.395,874.1,560.1371024734982
17.115,0.8700000000000001,834.1,559.8498233215547
284.61,0.275,950.6,561.4819787985865
227.88,0.29500000000000004,934.4,561.1795053003533
32.962,0.375,870.3,560.1487632508833
157.63,0.33,923.0,560.9607773851588
157.75,0.325,930.4,560.9024734982332
575.77,0.24000000000000002,974.8,562.1897526501767
120.61,0.35000000000000003,915.2,560.7798586572438
34.308,0.395,868.0,560.1183745583039
359.74,0.26499999999999996,950.8,561.7756183745583
316.22,0.27,952.8,561.3770318021202
259.99,0.28500000000000003,940.0,561.4455830388692
65.015,0.405,885.2,560.3537102473498
182.04,0.31,925.9,561.0975265017668
196.75,0.31,926.2,560.960070671378
97.984,0.37,908.0,560.652296819788
81.443,0.39,894.9,560.468551236749
310.13,0.275,935.4,561.4671378091873
374.15,0.26,953.5,561.7109540636043
359.89,0.265,947.5,561.7696113074204
216.66,0.29500000000000004,923.9,561.2922261484099
98.617,0.365,905.2,560.6116607773852
153.34,0.335,917.5,560.851590106007
55.786,0.405,892.2,560.3038869257949
39.468,0.415,874.9,560.1459363957597
445.42,0.25,959.7,561.8950530035336
402.84,0.25,953.2,561.8180212014134
321.0,0.27,947.5,561.6487632508833
45.269,0.41500000000000004,878.9,560.2007067137808
128.56,0.34,915.5,560.6173144876326
338.69,0.265,948.6,561.7773851590106
14.41,1.06,822.3,559.8194346289752
647.24,0.23,974.5,562.4621908127209
291.26,0.28,949.7,561.3339222614841
716.13,0.22,992.4,562.2420494699646
170.14,0.325,916.9,560.8621908127209
54.882,0.405,895.4,560.2657243816254
376.87,0.26499999999999996,947.4,561.9194346289753
635.42,0.23,975.4,562.4374558303887
17.594,0.8650000000000001,836.1,559.8590106007066
281.31,0.28,939.7,561.2318021201413
469.84,0.24500000000000002,968.9,562.0074204946997
99.834,0.36,913.2,560.5279151943463
364.09,0.26499999999999996,964.2,561.4487632508834
253.63,0.29500000000000004,928.6,561.220848056537
100.02,0.365,900.4,560.5607773851591
53.03,0.42000000000000004,886.1,560.2844522968197
478.28,0.25,959.4,562.103886925795
122.09,0.35000000000000003,907.6,560.7349823321555
103.48,0.36,904.7,560.6756183745582
166.38,0.32,914.7,560.8883392226148
243.32,0.29000000000000004,935.3,561.2742049469964
139.99,0.335,912.2,560.7512367491165
78.906,0.39499999999999996,896.5,560.4187279151944
448.88,0.25,958.7,561.9272084805654
62.994,0.4,894.5,560.3395759717315
380.77,0.255,960.0,561.6590106007067
90.504,0.37,903.8,560.5957597173144
327.57,0.265,964.7,561.3996466431095
122.55,0.34500000000000003,914.9,560.7166077738516
902.98,0.21000000000000002,997.7,563.0869257950532
63.339,0.405,887.7,560.3713780918727
773.59,0.22,981.7,562.5600706713781
147.48,0.335,916.5,560.9515901060071
424.47,0.25,964.4,561.8303886925795
125.65,0.34,919.3,560.7448763250884
21.469,0.49500000000000005,854.5,560.0035335689045
168.28,0.33,923.3,560.9134275618375
48.081,0.42000000000000004,884.4,560.2583038869257
461.65,0.24500000000000002,960.7,562.0325088339223
87.135,0.37,899.6,560.6194346289752
210.84,0.30999999999999994,928.5,561.1922261484099
185.59,0.31,924.7,561.068551236749
289.69,0.28,944.5,561.4756183745583
257.68,0.29500000000000004,934.8,561.2805653710249
111.48,0.36,912.1,560.6660777385159
223.08,0.30000000000000004,927.7,561.2173144876325
83.429,0.39,897.2,560.5116607773851
52.426,0.42000000000000004,882.9,560.3010600706713
11.455,1.415,803.9,559.6480565371023
126.9,0.34500000000000003,904.1,560.7363957597174
187.15,0.305,927.5,561.2088339222615
370.9,0.26,952.8,561.8173144876324
92.216,0.375,893.5,560.5904593639576
106.2,0.355,918.2,560.6169611307421
134.26,0.34,925.2,560.657597173145
87.149,0.375,913.3,560.4869257950529
129.03,0.34,929.3,560.6321554770318
218.09,0.30500000000000005,924.8,561.0908127208481
871.04,0.21500000000000002,993.8,563.0667844522969
508.48,0.24000000000000002,962.3,562.1674911660778
65.407,0.405,889.4,560.3579505300353
264.29,0.29000000000000004,943.7,561.3374558303888
178.41,0.32,923.2,560.9265017667844
49.88,0.41000000000000003,885.5,560.2540636042402
410.35,0.25999999999999995,951.7,561.7109540636042
36.695,0.38,878.8,560.1773851590106
75.156,0.38999999999999996,890.0,560.454770318021
213.9,0.30500000000000005,924.3,561.0869257950529
56.873,0.41500000000000004,882.8,560.3519434628975
74.92,0.39499999999999996,899.5,560.360070671378
696.53,0.215,980.2,562.6204946996467
320.39,0.275,946.2,561.3127208480565
599.69,0.23500000000000001,974.1,562.269964664311
280.07,0.28,942.1,561.2964664310954
69.584,0.395,893.3,560.4466431095407
76.473,0.39499999999999996,890.5,560.4950530035335
125.03,0.34500000000000003,920.6,560.6904593639576
508.99,0.24000000000000002,959.7,562.1466431095406
150.02,0.33,921.1,560.9678445229682
33.862,0.37,875.0,560.068551236749
382.29,0.26,954.7,561.6342756183745
56.575,0.41500000000000004,888.4,560.3731448763251
119.29,0.35,912.5,560.8378091872792
113.29,0.365,909.6,560.7130742049469
198.56,0.305,931.9,561.2187279151944
23.791,0.535,862.7,560.0091872791519
41.106,0.39999999999999997,883.1,560.2063604240282
51.287,0.42000000000000004,875.0,560.2968197879859
51.522,0.41500000000000004,884.0,560.2713780918727
126.98,0.35000000000000003,917.0,560.7180212014134
747.15,0.22,977.0,562.8734982332156
143.02,0.34,910.7,560.8197879858657
137.98,0.335,932.7,560.5360424028269
211.0,0.30999999999999994,929.0,561.160777385159
106.42,0.36,905.2,560.7014134275619
47.864,0.41500000000000004,878.6,560.2187279151943
173.7,0.315,924.5,560.8964664310954
107.81,0.36,917.1,560.6869257950531
318.89,0.275,939.2,561.6890459363958
152.93,0.33,914.5,560.8773851590106
172.31,0.32,925.0,560.9268551236748
14.45,0.99,829.5,559.7625441696111
177.0,0.325,920.2,560.943816254417
716.94,0.225,985.8,562.4275618374559
33.075,0.365,873.3,560.0756183745582
75.913,0.38999999999999996,891.9,560.4462897526502
404.75,0.255,962.4,561.8434628975266
357.46,0.26,951.1,561.7713780918727
63.252,0.41000000000000003,889.1,560.3077738515901
186.51,0.315,920.7,561.0872791519434
295.09,0.28,938.8,561.3943462897527
199.62,0.31,926.7,560.9424028268552
40.01,0.41999999999999993,871.1,560.2053003533568
412.73,0.25,961.2,561.7936395759716
90.321,0.365,907.9,560.6448763250884
67.493,0.405,891.3,560.3756183745583
137.44,0.34500000000000003,911.5,560.7508833922261
243.05,0.29500000000000004,941.6,561.173851590106
355.03,0.265,946.8,561.7106007067136
184.17,0.32,914.2,561.0784452296821
147.19,0.33,924.2,560.851590106007
258.17,0.28500000000000003,946.2,561.356183745583
311.29,0.275,944.1,561.563957597173
135.55,0.34,929.9,560.5371024734982
168.47,0.325,914.3,560.8494699646643
136.04,0.335,914.4,560.847703180212
249.36,0.29000000000000004,937.3,561.2932862190813
410.61,0.255,963.6,561.5597173144877
448.89,0.25,957.7,562.0519434628976
317.3,0.27,962.1,561.46925795053
215.5,0.30500000000000005,928.2,561.2911660777385
70.028,0.385,912.4,560.3003533568905
28.479,0.47,864.1,560.0879858657244
26.829,0.505,863.3,560.0526501766784
699.8,0.23,976.2,562.5773851590105
758.0,0.215,990.3,562.530035335689
341.86,0.27,947.7,561.6646643109541
217.25,0.30000000000000004,943.1,561.1674911660779
109.97,0.355,913.1,560.6204946996467
203.77,0.30000000000000004,933.0,561.157597173145
44.392,0.4149999999999999,886.5,560.1353356890459
244.28,0.29500000000000004,932.2,561.3848056537101
121.45,0.34500000000000003,916.3,560.8155477031802
325.29,0.28,937.7,561.583038869258
372.17,0.26,954.0,561.5681978798586
124.28,0.34500000000000003,917.4,560.7911660777385
440.09,0.25,953.4,562.0812720848056
463.61,0.25,961.7,561.9494699646641
19.514,0.8200000000000001,844.4,559.8901060070671
575.31,0.23500000000000001,970.4,562.3713780918728
245.16,0.29500000000000004,932.1,561.1643109540636
129.33,0.34,930.6,560.734628975265
83.198,0.385,892.6,560.4650176678444
54.708,0.42000000000000004,882.1,560.30777385159
103.49,0.365,908.3,560.6240282685512
482.76,0.24500000000000002,962.1,561.5908127208481
151.38,0.335,910.7,560.9088339222616
97.82,0.37,906.4,560.552296819788
313.67,0.275,946.7,561.3332155477032
538.72,0.23,983.5,561.9795053003534
173.55,0.32,920.0,560.9696113074206
424.56,0.25,958.3,561.950883392226
51.716,0.42000000000000004,882.3,560.2840989399293
440.41,0.255,956.0,561.8883392226148
313.2,0.275,942.6,561.5402826855125
730.31,0.22,981.5,562.7282685512366
148.51,0.34,912.3,560.8469964664312
492.02,0.255,953.3,562.0328621908127
391.33,0.26,953.8,561.7911660777384
147.34,0.335,923.6,560.604593639576
188.32,0.315,932.4,561.0469964664311
150.77,0.325,913.2,560.8275618374558
85.785,0.385,895.0,560.4491166077738
168.15,0.315,928.7,560.96925795053
109.01,0.36,910.8,560.6250883392225
88.359,0.38,898.5,560.6060070671377
168.34,0.315,922.8,560.9346289752649
126.37,0.34,914.7,560.8367491166077
131.72,0.34500000000000003,905.1,560.8413427561837
624.35,0.23500000000000001,974.2,562.4356890459363
62.799,0.405,890.9,560.4116607773851
544.56,0.24000000000000002,967.9,562.0674911660776
195.53,0.305,939.4,561.083038869258
356.4,0.26499999999999996,953.1,561.6109540636044
144.64,0.33,923.5,560.8915194346289
370.25,0.265,949.2,561.9215547703179
137.71,0.335,923.1,560.8240282685513
290.86,0.27,941.3,561.6063604240281
343.11,0.265,955.8,561.6363957597173
166.62,0.325,917.8,560.9310954063604
46.858,0.41500000000000004,885.2,560.268551236749
42.796,0.42499999999999993,874.4,560.185512367491
229.48,0.29000000000000004,930.6,561.239929328622
68.258,0.39999999999999997,893.4,560.3911660777385
86.661,0.385,893.6,560.5045936395759
76.069,0.38499999999999995,905.0,560.4819787985865
76.463,0.39499999999999996,891.6,560.4494699646641
742.01,0.22,978.0,562.7593639575971
195.37,0.31,926.0,561.0572438162543
21.834,0.465,854.8,560.0226148409894
694.92,0.225,980.3,562.5809187279153
211.37,0.30500000000000005,928.4,561.129328621908
507.42,0.25,965.2,561.9424028268552
117.03,0.355,900.3,560.660777385159
702.03,0.225,984.0,562.36148409894
114.01,0.35000000000000003,905.6,560.6727915194347
144.36,0.34500000000000003,911.8,560.8371024734984
483.16,0.24500000000000002,969.6,562.0445229681978
325.97,0.27,942.1,561.4113074204948
206.54,0.30999999999999994,930.5,561.0869257950529
705.04,0.225,974.6,562.7848056537101
453.84,0.25,960.8,561.8763250883392
21.876,0.53,859.4,560.0120141342755
585.23,0.23500000000000001,973.6,562.3409893992933
52.94,0.4,904.2,560.1636042402826
116.31,0.35,913.1,560.6989399293287
163.21,0.325,922.4,560.9505300353356
42.183,0.41999999999999993,872.5,560.1918727915194
37.946,0.4,878.7,560.1247349823321
57.856,0.41000000000000003,893.2,560.2335689045937
503.33,0.24500000000000002,964.7,562.1367491166078
88.376,0.37,902.5,560.6007067137809
66.676,0.41000000000000003,892.1,560.3911660777385
318.24,0.27,945.4,561.6134275618374
56.547,0.41500000000000004,883.8,560.3293286219082
284.88,0.28500000000000003,938.8,561.468551236749
220.62,0.29500000000000004,932.6,561.2325088339222
67.9,0.395,896.4,560.4632508833922
585.93,0.23500000000000001,981.9,562.1144876325089
602.66,0.23,982.7,562.1964664310955
230.95,0.30000000000000004,923.6,561.226148409894
44.343,0.3949999999999999,897.7,560.1070671378092
83.521,0.385,913.2,560.4017667844522
140.93,0.335,917.6,560.8219081272085
92.901,0.365,912.3,560.5314487632509
29.823,0.44000000000000006,868.2,560.0890459363958
830.03,0.22499999999999998,995.3,562.7893992932861
462.3,0.25,949.6,561.8862190812721
206.12,0.30000000000000004,930.6,561.1017667844523
427.36,0.255,959.3,561.9342756183746
51.397,0.42000000000000004,884.4,560.2964664310953
183.03,0.31,921.6,561.1530035335688
125.44,0.34500000000000003,912.4,560.7802120141342
87.312,0.38,895.0,560.5063604240282
454.95,0.25,960.5,561.8685512367491
109.31,0.36,903.5,560.7003533568904
435.19,0.25,955.8,561.865371024735
582.22,0.23500000000000001,972.8,562.2335689045937
344.4,0.26999999999999996,973.7,561.3893992932863
549.22,0.23500000000000001,967.6,562.3222614840989
620.74,0.225,972.3,562.53851590106
46.104,0.42999999999999994,880.9,560.1982332155476
95.231,0.375,902.4,560.4636042402826
198.72,0.305,930.4,560.9261484098939
60.219,0.405,889.8,560.3727915194346
551.24,0.23500000000000001,973.9,562.1113074204947
582.23,0.23500000000000001,970.7,562.339222614841
81.099,0.385,903.1,560.5833922261485
444.29,0.24500000000000002,976.7,561.7448763250883
417.47,0.25999999999999995,952.1,561.8395759717315
262.14,0.29000000000000004,930.7,561.3985865724381
219.6,0.30000000000000004,935.0,561.0491166077738
555.33,0.24000000000000002,965.3,562.2703180212014
58.14,0.41000000000000003,889.5,560.2416961130742
111.61,0.355,911.0,560.690812720848
30.628,0.405,872.6,560.0328621908127
121.69,0.355,907.5,560.7540636042403
67.679,0.4,888.4,560.3869257950529
160.4,0.325,920.9,560.8416961130741
236.82,0.29000000000000004,936.1,561.4413427561838
32.908,0.38,869.0,560.0897526501767
153.92,0.33,919.8,560.7696113074205
653.73,0.23500000000000001,971.1,562.413074204947
26.166,0.515,863.1,560.0416961130742
126.01,0.35000000000000003,913.7,560.756183745583
481.56,0.25,959.2,561.8759717314488
609.75,0.23,975.2,562.2035335689046
137.49,0.335,931.6,560.6339222614841
28.319,0.475,865.4,560.0586572438161
128.77,0.34500000000000003,918.3,560.5826855123674
704.95,0.225,971.2,562.6978798586572
238.36,0.29000000000000004,940.7,561.2583038869258
86.105,0.385,902.2,560.4480565371024
168.37,0.32,920.7,561.0381625441697
389.04,0.25999999999999995,958.6,561.7243816254417
19.297,0.815,837.0,559.9091872791519
137.07,0.34,921.2,560.8148409893992
48.353,0.43000000000000005,877.1,560.260070671378
286.18,0.28,943.2,561.5388692579505
501.28,0.24000000000000002,976.7,561.8406360424027
49.898,0.42500000000000004,879.7,560.2395759717314
183.5,0.315,930.1,561.0395759717314
290.56,0.28500000000000003,935.1,561.5883392226149
155.73,0.325,914.5,560.856183745583
287.84,0.28,951.7,561.1604240282685
94.835,0.37,905.1,560.5233215547703
136.81,0.34,904.8,560.7971731448763
27.934,0.46499999999999997,864.0,560.0416961130742
32.695,0.39,867.0,560.1106007067137
20.915,0.65,852.1,559.9367491166076
172.92,0.325,926.7,560.9102473498233
248.13,0.29000000000000004,940.0,561.2335689045937
676.1,0.225,979.8,562.5579505300353
102.87,0.355,904.3,560.7180212014134
303.28,0.275,949.4,561.3946996466432
250.95,0.29000000000000004,933.0,561.1286219081272
190.51,0.305,934.2,561.157597173145
478.78,0.24500000000000002,962.3,561.9978798586573
48.438,0.41500000000000004,881.4,560.3247349823322
83.901,0.375,914.4,560.412367491166
17.515,0.8400000000000001,839.2,559.833922261484
248.44,0.28500000000000003,945.5,561.2424028268551
219.85,0.30500000000000005,929.6,561.2703180212014
449.34,0.25,971.6,561.6985865724382
147.56,0.33,924.0,560.9826855123675
421.6,0.255,967.4,561.7837455830388
132.05,0.34,915.1,560.803886925795
405.91,0.25,961.7,561.8035335689045
484.66,0.24500000000000002,970.4,561.950883392226
96.359,0.365,909.3,560.6554770318021
139.03,0.34,907.7,560.8102473498234
223.98,0.29000000000000004,949.5,561.1639575971732
836.41,0.21000000000000002,988.9,562.843109540636
161.77,0.325,915.6,560.8628975265018
542.05,0.24000000000000002,967.9,562.2593639575971
470.74,0.24000000000000002,972.5,561.8946996466432
855.22,0.21500000000000002,984.5,563.234628975265
60.368,0.41000000000000003,889.2,560.2978798586572
569.21,0.23,968.0,562.1636042402827
206.15,0.305,934.3,561.1282685512367
419.8,0.255,957.3,561.9547703180212
91.125,0.375,900.4,560.4392226148409
361.71,0.26,952.9,561.582332155477
35.197,0.39,872.1,560.1363957597173
321.04,0.275,948.8,561.5363957597173
98.636,0.37,895.6,560.5618374558304
343.7,0.265,954.2,561.5660777385158
121.23,0.34500000000000003,915.1,560.7081272084805
433.91,0.25,964.8,561.8208480565371
144.26,0.33,916.6,560.8664310954063
181.31,0.315,922.7,561.1681978798586
566.74,0.23500000000000001,971.0,562.2583038869257
276.94,0.28,948.8,561.2745583038869
587.98,0.23,966.8,562.3978798586572
643.65,0.23,992.4,562.060070671378
879.22,0.21000000000000002,1004.3,562.7067137809187
448.49,0.24500000000000002,960.1,561.9826855123675
252.1,0.29500000000000004,931.1,561.2840989399293
348.61,0.265,946.6,561.8180212014134
273.32,0.28,947.5,561.3886925795053
481.53,0.24500000000000002,959.6,561.9777385159011
63.611,0.41000000000000003,883.9,560.4024734982332
353.12,0.265,950.2,561.7780918727916
150.02,0.33,926.0,560.7780918727916
158.57,0.33,918.2,560.8681978798587
100.58,0.37,900.6,560.5911660777384
149.01,0.335,911.4,560.7939929328622
238.41,0.30000000000000004,939.8,561.1325088339223
392.78,0.25999999999999995,957.0,561.6604240282686
93.399,0.375,898.9,560.6272084805654
589.21,0.24000000000000002,970.6,562.2628975265018
480.39,0.24500000000000002,971.7,561.9681978798585
222.99,0.30000000000000004,927.2,561.181625441696
159.06,0.33,920.9,560.7989399293286
154.27,0.32,921.3,560.9932862190811
12.38,1.2100000000000002,811.4,559.7339222614839
89.05,0.375,902.3,560.5349823321556
226.22,0.29000000000000004,932.8,561.2494699646643
260.06,0.28500000000000003,952.5,561.2823321554771
43.824,0.4099999999999999,883.1,560.2077738515901
549.22,0.24500000000000002,965.6,562.2575971731449
89.495,0.38,900.1,560.5293286219082
612.1,0.225,969.2,562.5349823321554
474.65,0.24500000000000002,970.6,561.8522968197881
217.5,0.30000000000000004,936.1,561.2197879858658
348.25,0.265,945.0,561.5734982332156
607.05,0.23500000000000001,981.1,562.0402826855124
173.47,0.31,932.2,560.9363957597174
276.18,0.28,928.1,561.3593639575972
150.41,0.33,912.9,560.7805653710249
21.72,0.6799999999999999,851.2,559.9674911660776
231.92,0.29500000000000004,921.7,561.2572438162543
176.68,0.32,920.1,561.1356890459365
181.3,0.315,922.6,560.9123674911662
117.94,0.35000000000000003,924.9,560.6367491166078
173.76,0.31,926.6,560.9989399293286
524.47,0.24000000000000002,960.0,562.1434628975265
217.23,0.30500000000000005,923.8,561.2137809187279
34.459,0.375,877.8,560.0886925795052
558.38,0.24500000000000002,964.6,562.2639575971732
77.722,0.38999999999999996,901.1,560.4102473498233
469.89,0.25,962.6,561.9318021201412
55.248,0.41500000000000004,883.7,560.3014134275618
492.84,0.25,967.5,561.9869257950529
268.13,0.28,932.4,561.4159010600707
310.23,0.28,940.1,561.556183745583
433.22,0.24500000000000002,973.5,561.7441696113075
1388.8,0.19,1069.6,564.0597173144876
162.98,0.33,918.9,560.9010600706714
186.38,0.31,922.3,561.0413427561837
53.382,0.42000000000000004,888.0,560.2848056537101
173.36,0.32,930.9,560.9918727915194
136.72,0.34,907.5,560.8109540636042
134.27,0.335,910.2,560.8466431095407
657.51,0.225,977.3,562.5042402826856
644.18,0.225,988.0,562.1279151943462
666.13,0.22,971.4,562.6897526501765
30.5,0.4,872.4,560.0848056537102
264.82,0.29000000000000004,945.3,561.3155477031802
173.15,0.32,913.5,560.9660777385158
87.297,0.38,907.0,560.5710247349823
720.76,0.22,975.0,562.896113074205
330.03,0.27999999999999997,956.4,561.3187279151942
295.93,0.275,952.2,561.3766784452297
51.392,0.42000000000000004,880.9,560.2575971731447
266.08,0.28500000000000003,945.4,561.2678445229682
219.58,0.30000000000000004,942.9,561.0752650176678
183.9,0.315,923.7,561.0681978798586
283.15,0.275,945.0,561.229328621908
25.979,0.525,861.5,560.0498233215546
198.0,0.31,929.1,560.9572438162544
254.09,0.29000000000000004,934.7,561.3070671378092
251.09,0.29000000000000004,931.9,561.4187279151944
198.24,0.31,936.8,561.0183745583039
312.1,0.28,939.3,561.6247349823321
146.57,0.33,926.0,560.9060070671378
384.1,0.26,965.3,561.4427561837456
105.27,0.365,909.3,560.7371024734981
803.47,0.215,991.4,562.7265017667844
238.22,0.29500000000000004,935.1,561.1699646643109
605.67,0.23,981.5,562.194699646643
395.91,0.25999999999999995,947.4,561.843109540636
441.36,0.25,952.6,562.0318021201414
258.43,0.28,949.2,561.3491166077739
486.09,0.24500000000000002,962.0,562.2477031802119
452.6,0.255,965.2,561.8371024734982
148.28,0.325,915.3,560.9734982332155
240.41,0.28500000000000003,939.0,561.3236749116606
174.82,0.32,925.8,560.9053003533568
715.0,0.225,979.2,562.5978798586572
87.625,0.39,896.7,560.5024734982333
266.56,0.28500000000000003,944.4,561.2996466431096
144.86,0.33,922.6,560.8632508833922
353.55,0.265,947.3,561.3992932862191
128.85,0.35000000000000003,910.7,560.7519434628975
274.93,0.275,945.1,561.3512367491167
31.545,0.385,871.9,560.0452296819788
179.45,0.32,922.4,561.09222614841
569.39,0.23,967.7,562.4053003533569
340.52,0.265,968.5,561.3858657243817
567.68,0.23500000000000001,966.9,562.4982332155477
432.99,0.25,959.3,561.8487632508834
81.206,0.375,910.4,560.4837455830389
682.93,0.23,973.8,562.4862190812721
115.84,0.355,907.1,560.7300353356891
383.56,0.26,954.4,561.5621908127208
59.442,0.41500000000000004,887.0,560.3441696113073
83.947,0.375,903.7,560.4229681978798
344.55,0.27499999999999997,948.0,561.5063604240282
199.69,0.305,925.6,561.0985865724381
174.05,0.33,920.4,560.9568904593639
127.77,0.35000000000000003,913.3,560.6268551236748
26.972,0.44000000000000006,864.7,560.0363957597173
97.505,0.365,900.6,560.643816254417
248.38,0.29500000000000004,933.6,561.3243816254417
320.64,0.27,940.7,561.5957597173145
273.55,0.28500000000000003,938.6,561.3547703180213
34.557,0.39,868.4,560.1173144876326
96.875,0.365,906.7,560.5802120141343
723.33,0.225,981.7,562.5982332155477
123.33,0.34500000000000003,901.0,560.7162544169612
79.882,0.385,896.7,560.468551236749
556.14,0.24000000000000002,959.7,562.3098939929329
508.44,0.24000000000000002,975.3,562.0137809187279
242.45,0.29500000000000004,931.4,561.2893992932862
389.44,0.25999999999999995,959.1,561.660777385159
412.49,0.25999999999999995,954.1,561.9459363957598
117.65,0.34500000000000003,927.4,560.544522968198
311.94,0.28,944.8,561.5265017667845
104.44,0.36,904.8,560.643816254417
646.89,0.23,977.0,562.4385159010601
123.4,0.34500000000000003,917.3,560.69222614841
545.33,0.23500000000000001,971.5,562.1812720848056
105.87,0.365,899.4,560.6346289752651
115.21,0.35,921.4,560.495406360424
18.833,0.795,843.1,559.8551236749116
326.11,0.265,953.4,561.6300353356891
520.35,0.24000000000000002,968.6,562.1197879858659
182.89,0.315,928.6,561.0445229681978
492.92,0.25,968.5,562.0554770318022
47.258,0.42000000000000004,876.2,560.2406360424028
261.45,0.28,945.2,561.4335689045937
226.98,0.29500000000000004,933.3,561.3957597173145
197.44,0.31,928.0,561.0590106007066
159.69,0.325,930.6,560.9042402826855
460.23,0.25,961.0,561.904593639576
133.73,0.34500000000000003,915.3,560.8978798586572
182.24,0.32,920.0,561.0484098939929
531.68,0.23500000000000001,967.6,562.2575971731447
457.4,0.25,958.9,561.6780918727915
347.71,0.265,950.7,561.6646643109541
281.99,0.28500000000000003,936.4,561.5505300353357
227.29,0.30000000000000004,937.6,561.1600706713781
253.34,0.28500000000000003,939.6,561.4003533568904
31.37,0.4,873.5,560.0890459363958
21.84,0.62,864.3,559.9597173144875
303.39,0.275,943.8,561.4399293286219
21.707,0.465,858.1,559.9999999999999
157.6,0.325,939.3,560.5939929328621
112.8,0.355,914.2,560.6554770318021
219.75,0.29500000000000004,922.6,561.2007067137808
141.01,0.335,938.2,560.6374558303888
368.07,0.26,951.5,561.7166077738516
122.79,0.35000000000000003,910.6,560.660777385159
290.65,0.275,949.0,561.2883392226148
97.107,0.365,913.2,560.4886925795053
303.46,0.27,957.8,561.413074204947
101.3,0.37,905.7,560.5939929328621
280.45,0.275,939.4,561.5296819787985
335.89,0.265,947.6,561.5731448763252
682.92,0.225,976.3,562.6007067137809
291.44,0.275,939.3,561.4936395759717
106.69,0.355,901.9,560.7406360424028
614.15,0.225,996.0,561.9855123674912
61.578,0.405,882.1,560.3438162544169
90.125,0.385,902.0,560.547703180212
659.77,0.23,968.8,562.5431095406361
112.64,0.35,912.3,560.6342756183745
342.63,0.26999999999999996,948.0,561.5982332155477
326.5,0.27,949.4,561.3402826855123
139.78,0.335,918.6,560.8809187279152
594.95,0.23500000000000001,976.4,562.2215547703181
244.61,0.29000000000000004,934.8,561.2183745583038
154.88,0.325,919.8,560.9219081272084
395.81,0.255,953.0,561.9272084805654
103.08,0.37,902.8,560.6371024734982
621.42,0.23,980.7,562.2427561837457
65.606,0.405,898.4,560.2713780918727
49.026,0.405,887.7,560.2893992932861
701.79,0.225,982.6,562.3144876325089
275.4,0.28500000000000003,941.6,561.531448763251
103.31,0.36,916.7,560.5742049469965
112.88,0.355,907.8,560.6932862190812
313.12,0.275,946.7,561.3943462897527
749.81,0.22,986.2,562.5901060070671
21.686,0.65,856.8,559.9681978798585
40.004,0.415,875.7,560.1402826855123
137.25,0.34,911.0,560.7664310954063
28.782,0.45000000000000007,866.7,560.0554770318021
61.881,0.405,887.3,560.3427561837456
144.73,0.325,941.8,560.6703180212013
238.11,0.30000000000000004,935.0,561.196113074205
221.01,0.29000000000000004,942.6,561.2102473498234
321.17,0.275,952.9,561.3657243816255
311.55,0.275,950.8,561.3233215547704
207.3,0.30999999999999994,931.3,561.0462897526501
181.11,0.315,926.9,561.2204946996467
302.75,0.275,947.1,561.3445229681979
470.31,0.24500000000000002,976.5,561.6385159010601
178.9,0.32,919.1,560.9017667844523
117.82,0.36,913.7,560.7024734982332
57.392,0.41500000000000004,887.9,560.3024734982331
85.72,0.375,908.4,560.508480565371
20.025,0.7100000000000001,844.3,559.9134275618374
34.004,0.375,875.3,560.1102473498232
103.63,0.365,907.1,560.5166077738515
200.28,0.30500000000000005,934.3,561.1823321554771
166.54,0.32,908.8,560.9441696113074
380.93,0.26999999999999996,951.1,561.5406360424029
59.184,0.42000000000000004,887.2,560.2886925795052
100.18,0.37,898.7,560.639222614841
97.263,0.365,901.7,560.5961130742049
370.6,0.26499999999999996,949.1,561.6650176678446
243.85,0.29500000000000004,939.1,561.2515901060071
328.21,0.275,941.8,561.6466431095406
487.17,0.24000000000000002,983.7,561.6010600706713
1059.7,0.20500000000000002,1013.4,563.3434628975266
103.36,0.365,903.3,560.6325088339223
249.63,0.29000000000000004,936.1,561.3169611307421
578.47,0.24000000000000002,971.4,562.1805653710247
122.41,0.355,910.3,560.7035335689045
949.39,0.21000000000000002,1002.5,563.243816254417
297.55,0.28,939.3,561.5314487632509
63.003,0.405,887.3,560.3371024734982
102.18,0.36,903.4,560.5978798586572
332.1,0.27,941.9,561.478445229682
174.26,0.32,928.4,561.0028268551237
266.9,0.28500000000000003,938.4,561.4307420494699
104.96,0.365,902.6,560.6197879858657
213.34,0.30500000000000005,935.5,561.043109540636
362.89,0.26499999999999996,954.8,561.5346289752649
68.922,0.4,897.6,560.3752650176677
541.33,0.24000000000000002,966.8,562.2434628975265
51.605,0.41000000000000003,881.2,560.3162544169611
43.568,0.4149999999999999,882.3,560.1681978798586
238.88,0.30500000000000005,926.3,561.1579505300352
19.617,0.81,840.4,559.893992932862
677.25,0.22999999999999998,982.2,562.1996466431095
152.99,0.335,915.7,560.851590106007
184.55,0.315,925.6,561.0710247349823
220.56,0.30000000000000004,921.9,561.1575971731448
565.17,0.23500000000000001,964.2,562.4014134275618
173.76,0.32,925.2,561.0374558303887
375.47,0.265,948.4,561.7219081272085
57.733,0.41000000000000003,886.0,560.2950530035336
54.267,0.405,898.0,560.1720848056536
171.21,0.32,925.9,561.1240282685512
690.33,0.225,981.8,562.4307420494699
370.61,0.26,965.6,561.4515901060071
310.81,0.27,952.0,561.4575971731449
123.85,0.355,912.1,560.6780918727915
245.39,0.29000000000000004,941.4,561.2268551236748
507.44,0.24000000000000002,964.7,562.2056537102472
10.575,1.63,790.3,559.5752650176678
649.88,0.23,979.6,562.4342756183745
72.675,0.39499999999999996,897.9,560.4431095406361
20.191,0.54,850.6,559.9890459363957
44.052,0.4049999999999999,887.0,560.1180212014133
338.45,0.275,943.9,561.6791519434629
31.326,0.395,865.2,560.133922261484
405.49,0.25999999999999995,953.5,562.026148409894
432.53,0.255,959.9,561.8805653710247
305.38,0.275,953.2,561.5653710247349
242.21,0.29000000000000004,938.8,561.129328621908
43.413,0.4049999999999999,886.1,560.1130742049469
568.22,0.23500000000000001,971.1,562.355477031802
101.68,0.365,908.3,560.6593639575972
145.17,0.335,919.6,560.7424028268553
226.77,0.30000000000000004,942.3,561.0915194346288
130.19,0.34500000000000003,915.0,560.839222614841
151.53,0.33,927.2,560.8833922261484
23.105,0.29000000000000004,865.6,559.9932862190811
21.238,0.61,860.4,559.9431095406359
289.24,0.28,958.2,561.3226148409893
229.96,0.30000000000000004,927.0,561.1968197879859
58.683,0.4,898.6,560.3176678445229
269.03,0.28500000000000003,937.2,561.3600706713781
75.395,0.39499999999999996,892.5,560.4452296819787
314.12,0.27,959.2,561.4636042402826
362.33,0.25999999999999995,961.7,561.5081272084806
398.37,0.255,955.5,561.8204946996466
75.206,0.39499999999999996,899.4,560.3844522968197
528.53,0.24500000000000002,964.2,562.2187279151943
181.43,0.315,923.3,561.0325088339222
993.69,0.21000000000000002,1006.9,563.2219081272084
282.73,0.28,937.7,561.6590106007067
410.78,0.26499999999999996,945.1,561.7826855123675
126.13,0.34500000000000003,915.7,560.8339222614841
39.147,0.39999999999999997,877.6,560.1494699646643
156.57,0.33,918.0,560.8978798586571
76.212,0.385,897.8,560.4367491166076
300.57,0.275,944.8,561.6151943462897
518.67,0.24500000000000002,973.7,561.8017667844523
64.233,0.41000000000000003,888.3,560.3703180212013
179.99,0.32,926.9,561.0812720848056
284.15,0.28500000000000003,939.6,561.4363957597174
158.28,0.325,922.1,561.0021201413426
236.21,0.29000000000000004,936.6,561.3720848056537
416.11,0.25999999999999995,969.4,561.4851590106008
799.8,0.21999999999999997,986.7,562.8650176678444
44.161,0.4149999999999999,882.3,560.178445229682
276.79,0.29000000000000004,938.4,561.3469964664312
97.822,0.365,908.5,560.5692579505301
29.694,0.405,875.6,560.007067137809
315.78,0.275,946.2,561.482332155477
234.81,0.29000000000000004,936.2,561.3742049469964
52.184,0.42000000000000004,879.4,560.2657243816254
56.943,0.405,890.3,560.342402826855
23.922,0.545,866.7,559.9982332155477
38.308,0.395,880.4,560.2014134275618
241.62,0.29500000000000004,936.3,561.2141342756184
400.5,0.25999999999999995,960.5,561.8109540636042
181.35,0.31,924.4,561.0265017667845
468.22,0.25,963.0,561.9371024734983
318.13,0.275,946.7,561.6544169611307
83.593,0.38,900.3,560.5275618374558
122.43,0.35000000000000003,910.1,560.7498233215548
216.36,0.29500000000000004,931.5,561.2554770318021
319.14,0.27,939.3,561.5932862190814
287.0,0.27,944.7,561.5636042402826
271.23,0.28,940.8,561.5318021201414
312.88,0.27,958.5,561.3084805653709
503.03,0.24000000000000002,968.0,561.8339222614841
342.27,0.27,947.0,561.6007067137809
161.09,0.325,922.4,560.8077738515901
206.27,0.31,917.1,561.1077738515901
12.779,1.11,818.7,559.7109540636042
253.55,0.29000000000000004,941.0,561.2978798586572
339.01,0.26999999999999996,957.8,561.496113074205
557.65,0.23500000000000001,962.2,562.3151943462898
161.81,0.33,922.5,560.8116607773852
756.92,0.215,1000.8,562.3265017667845
468.25,0.24500000000000002,965.9,562.0420494699647
330.45,0.27,945.6,561.6395759717315
544.9,0.24000000000000002,969.2,562.2628975265018
255.19,0.28500000000000003,937.3,561.3505300353356
663.1,0.225,976.1,562.5855123674912
127.14,0.34,912.5,560.9035335689047
205.26,0.305,930.8,561.081625441696
428.35,0.255,957.9,561.8738515901059
113.1,0.36,901.3,560.6685512367492
90.773,0.375,897.5,560.512367491166
228.04,0.29500000000000004,943.0,561.0593639575972
218.23,0.30500000000000005,937.2,561.0851590106007
139.38,0.335,909.2,560.7908127208481
115.2,0.355,908.3,560.6664310954064
131.85,0.34,922.9,560.8957597173145
550.83,0.24000000000000002,968.9,562.1381625441695
61.827,0.405,891.2,560.3247349823322
161.76,0.33,909.1,560.913074204947
350.81,0.26,952.7,561.7176678445229
439.85,0.25,978.0,561.4968197879858
301.69,0.275,944.7,561.4893992932862
259.96,0.29000000000000004,935.6,561.4473498233216
52.816,0.42000000000000004,885.7,560.2802120141342
155.64,0.325,925.5,560.8356890459364
165.51,0.32,926.3,560.9515901060071
451.7,0.25,957.0,562.0710247349823
180.5,0.32,921.1,560.9812720848057
669.3,0.225,982.6,562.3646643109541
422.08,0.25,954.3,562.0586572438161
145.46,0.335,921.8,561.0010600706713
612.07,0.23,985.4,562.1190812720848
420.39,0.25,957.1,561.9833922261483
654.1,0.23,973.3,562.648409893993
56.61,0.41000000000000003,888.0,560.3448763250883
72.321,0.39499999999999996,893.5,560.3604240282685
295.49,0.275,938.7,561.5572438162543
349.64,0.26,951.0,561.7597173144876
37.43,0.41000000000000003,873.0,560.1752650176678
281.71,0.275,941.7,561.5487632508833
737.51,0.22,976.5,562.5657243816254
43.494,0.42499999999999993,875.1,560.2310954063603
278.79,0.275,939.3,561.3777385159011
77.107,0.39499999999999996,898.9,560.4724381625441
125.72,0.35000000000000003,909.1,560.7035335689046
456.01,0.255,953.4,561.8855123674911
21.124,0.7050000000000001,850.1,559.9190812720847
334.05,0.27,953.9,561.5056537102473
407.51,0.25,970.1,561.5780918727914
416.76,0.24500000000000002,964.3,561.8395759717314
193.5,0.31,916.7,561.0968197879857
140.06,0.335,907.2,560.7590106007067
93.738,0.365,913.9,560.5098939929328
176.64,0.315,920.2,560.9381625441696
140.84,0.335,913.3,560.9049469964664
201.28,0.305,934.5,561.0045936395759
441.21,0.25,957.0,561.9286219081272
515.29,0.23500000000000001,970.0,562.083038869258
172.1,0.33,918.1,560.9791519434629
331.01,0.27499999999999997,951.1,561.5487632508833
273.35,0.28,943.0,561.4802120141342
35.459,0.38,876.1,560.0971731448763
426.72,0.255,955.2,562.0356890459365
440.18,0.25,960.5,561.8996466431095
67.653,0.395,896.2,560.4321554770319
326.26,0.265,955.4,561.5095406360424
67.417,0.39999999999999997,893.4,560.3763250883392
389.24,0.25999999999999995,951.9,561.9597173144875
347.91,0.265,948.2,561.5363957597174
252.7,0.29000000000000004,937.6,561.3745583038869
466.4,0.24500000000000002,963.2,562.0056537102473
211.77,0.30500000000000005,931.2,561.2226148409894
21.463,0.49500000000000005,853.7,559.9982332155477
137.24,0.335,917.2,560.860777385159
206.18,0.30500000000000005,922.2,561.1074204946997
469.01,0.255,957.8,561.8385159010601
85.667,0.375,907.3,560.4632508833921
584.38,0.24500000000000002,964.7,562.0459363957597
174.26,0.315,943.1,560.7720848056537
70.428,0.39999999999999997,887.5,560.4229681978798
74.444,0.385,902.9,560.4120141342756
662.42,0.23,977.1,562.5236749116608
656.07,0.23,979.5,562.32296819788
66.152,0.41000000000000003,884.8,560.3932862190812
98.681,0.37,902.7,560.6325088339223
41.172,0.3999999999999999,878.6,560.1773851590106
211.06,0.29500000000000004,931.8,561.1332155477031
404.91,0.25999999999999995,952.9,561.7526501766785
105.12,0.365,906.3,560.5946996466432
53.447,0.42000000000000004,886.5,560.299293286219
861.78,0.21000000000000002,994.2,562.9243816254416
156.21,0.335,914.9,560.7975265017668
123.54,0.34,909.0,560.7378091872791
736.93,0.22,978.5,562.7533568904594
92.816,0.375,901.5,560.531448763251
59.175,0.41500000000000004,887.5,560.3480565371025
207.88,0.30000000000000004,936.7,561.1720848056538
61.123,0.405,887.9,560.3088339222614
626.29,0.225,976.3,562.3551236749116
314.54,0.275,939.4,561.4886925795053
163.41,0.32,919.2,560.9240282685512
542.96,0.24000000000000002,971.1,562.1254416961131
155.37,0.325,922.1,561.0360424028269
50.303,0.41000000000000003,887.4,560.30777385159
122.16,0.35000000000000003,917.6,560.7445229681979
254.22,0.28500000000000003,937.0,561.5091872791519
25.823,0.485,862.9,560.0558303886926
330.59,0.265,947.1,561.6968197879858
429.11,0.25,961.9,561.9501766784454
624.04,0.23,971.5,562.404593639576
369.48,0.26499999999999996,944.0,561.799293286219
197.65,0.30000000000000004,922.3,561.2469964664311
111.61,0.35,907.1,560.6540636042402
1086.0,0.20500000000000002,1017.3,563.231448763251
297.69,0.275,952.4,561.3939929328621
267.99,0.29000000000000004,936.3,561.4000000000001
709.21,0.22,986.4,562.4141342756184
689.25,0.225,980.1,562.4773851590105
223.16,0.30000000000000004,923.5,561.1936395759718
140.11,0.33,919.7,560.96148409894
110.36,0.365,907.3,560.5749116607774
265.17,0.28500000000000003,954.9,561.1024734982332
38.631,0.39999999999999997,876.4,560.1183745583038
354.54,0.26,950.3,561.8017667844524
76.308,0.385,907.2,560.4533568904593
107.23,0.355,916.0,560.6890459363958
129.99,0.34,912.3,560.6957597173146
477.21,0.24000000000000002,962.2,562.1957597173144
46.987,0.41500000000000004,880.6,560.2628975265017
60.661,0.4,895.9,560.2696113074204
129.98,0.34,923.0,560.6759717314487
350.53,0.26,967.0,561.5272084805654
192.54,0.315,922.2,561.0819787985865
189.65,0.315,927.7,561.1300353356891
345.8,0.26499999999999996,948.1,561.7505300353357
330.18,0.27,943.1,561.6303886925796
27.003,0.485,860.1,560.0579505300353
593.52,0.23,974.3,562.3212014134275
59.638,0.41000000000000003,888.3,560.3141342756184
165.33,0.31,930.9,560.995406360424
45.619,0.41999999999999993,877.8,560.2250883392226
84.925,0.38,897.0,560.582332155477
238.27,0.29000000000000004,938.1,561.2611307420494
493.9,0.24500000000000002,961.5,562.2303886925795
207.72,0.30000000000000004,935.6,561.1240282685511
59.044,0.405,889.6,560.304593639576
873.52,0.21500000000000002,1003.8,562.8250883392226
132.22,0.34,906.4,560.7166077738516
92.935,0.375,900.8,560.6183745583039
280.15,0.28500000000000003,939.8,561.3293286219082
270.54,0.275,943.8,561.4325088339223
167.37,0.315,928.0,560.7346289752649
406.56,0.25999999999999995,956.2,561.9339222614841
134.98,0.335,915.6,560.8572438162545
30.361,0.42000000000000004,859.7,560.113074204947
38.988,0.40499999999999997,877.4,560.2201413427562
478.53,0.23500000000000001,972.5,561.9491166077738
146.65,0.335,919.1,560.7586572438163
1028.9,0.21000000000000002,1015.2,563.2116607773852
359.61,0.26499999999999996,956.0,561.5819787985866
145.12,0.335,921.8,560.7339222614842
21.239,0.715,852.8,559.9194346289752
215.11,0.30999999999999994,927.5,561.1289752650176
888.29,0.21000000000000002,998.6,562.8879858657243
223.85,0.29500000000000004,933.6,561.1954063604239
255.98,0.29000000000000004,936.1,561.3240282685513
427.9,0.255,957.8,561.9339222614841
96.971,0.38,898.0,560.6137809187279
