FissionFast,CaptureFast,FissionThermal,CaptureThermal,Scatter12,Scatter11,Scatter21,Scatter22,k
0.00644620,0.00924782,0.13000700,0.08083560,0.01497270,0.48248300,0.00150595,1.12546,1.256376
0.00635893,0.00934703,0.12881100,0.08104840,0.01536280,0.49055800,0.00149675,1.12616,1.241534
0.00646740,0.00925333,0.12946500,0.08076230,0.01519760,0.48678400,0.00149345,1.12423,1.256988
0.00647906,0.00925848,0.13090300,0.08147820,0.01534550,0.49289500,0.00151646,1.13075,1.261442
0.00643139,0.00924804,0.12975700,0.08112930,0.01521560,0.48824900,0.00150581,1.12731,1.253744
0.00652332,0.00926498,0.13007600,0.08091920,0.01518950,0.48559100,0.00149696,1.12454,1.261324
0.00645439,0.00950086,0.12999400,0.08113910,0.01546120,0.49711500,0.00151580,1.12709,1.246886
0.00643479,0.00944569,0.13034800,0.08104940,0.01526850,0.48917300,0.00148712,1.12089,1.249954
0.00642320,0.00946705,0.13027500,0.08099680,0.01552340,0.49288300,0.00148711,1.12412,1.25212
0.00640627,0.00939894,0.13050700,0.08083320,0.01547560,0.49376500,0.00148865,1.12764,1.258008
0.00645164,0.00934682,0.13049700,0.08120020,0.01539760,0.49182500,0.00151184,1.12620,1.256793
0.00638565,0.00942871,0.12964000,0.08100070,0.01549150,0.49628000,0.00151729,1.13051,1.247149
0.00641698,0.00932927,0.12991300,0.08110650,0.01540830,0.49029500,0.00148890,1.12495,1.253193
0.00638939,0.00939680,0.12962500,0.08081030,0.01537040,0.49352600,0.00150687,1.13158,1.249416
0.00642614,0.00950786,0.13012400,0.08093720,0.01551240,0.49440200,0.00150554,1.12623,1.24956
0.00642306,0.00941051,0.12961400,0.08111900,0.01541800,0.49259200,0.00150240,1.12498,1.246953
0.00648389,0.00940136,0.12983200,0.08137750,0.01543130,0.49338400,0.00151115,1.12924,1.248573
0.00646957,0.00943682,0.13137700,0.08122510,0.01552050,0.49587000,0.00150979,1.12806,1.261022
0.00638928,0.00951507,0.13013100,0.08102830,0.01554490,0.49877600,0.00152238,1.13502,1.247053
0.00641894,0.00940106,0.12997500,0.08098540,0.01525750,0.49045600,0.00149993,1.12577,1.249361
0.00642501,0.00938035,0.12980100,0.08088710,0.01554350,0.49422300,0.00150159,1.12682,1.254552
0.00631679,0.00950007,0.13006100,0.08100030,0.01577510,0.49981500,0.00150434,1.12728,1.248017
0.00650751,0.00926037,0.12989700,0.08109110,0.01504250,0.48411300,0.00150670,1.12457,1.255355
0.00636772,0.00935355,0.13053700,0.08106420,0.01533770,0.49207300,0.00150647,1.12920,1.254128
0.00634840,0.00944020,0.12908000,0.08127860,0.01542960,0.49510800,0.00151405,1.12978,1.23656
0.00628731,0.00948313,0.12987100,0.08119850,0.01569270,0.49544400,0.00149794,1.12130,1.242655
0.00640629,0.00936803,0.13094200,0.08106460,0.01558550,0.49011800,0.00147755,1.12080,1.261658
0.00639258,0.00935639,0.12981000,0.08113190,0.01526030,0.48761300,0.00149446,1.12087,1.247586
0.00642178,0.00946491,0.12938000,0.08098090,0.01565580,0.49538800,0.00150035,1.12802,1.24736
0.00649225,0.00917752,0.13035700,0.08111090,0.01497900,0.48312200,0.00149510,1.12693,1.261437
0.00658137,0.00922674,0.12876800,0.08089670,0.01480680,0.48204800,0.00151364,1.12883,1.250629
0.00644820,0.00934993,0.13025200,0.08109550,0.01513800,0.48935100,0.00151273,1.12827,1.25223
0.00639594,0.00943831,0.12923900,0.08088480,0.01557320,0.49501700,0.00149983,1.12642,1.246598
0.00629549,0.00954791,0.13034900,0.08091820,0.01576590,0.50213200,0.00151225,1.13092,1.247814
0.00643538,0.00940358,0.12876800,0.08093280,0.01558430,0.49651500,0.00150859,1.12746,1.245893
0.00639582,0.00946329,0.12873400,0.08115300,0.01537390,0.49236500,0.00150641,1.12456,1.235478
0.00643553,0.00940056,0.12923300,0.08117550,0.01541290,0.49227300,0.00150352,1.12702,1.244307
0.00644140,0.00932512,0.12953600,0.08112640,0.01532260,0.48686000,0.00149329,1.12305,1.250055
0.00643873,0.00929311,0.13021000,0.08112700,0.01539420,0.49456500,0.00150822,1.13080,1.257704
0.00638173,0.00948067,0.13030100,0.08131660,0.01563760,0.49688400,0.00150572,1.12869,1.247637
0.00631426,0.00935347,0.12938100,0.08098950,0.01561130,0.49663000,0.00150391,1.12795,1.247919
0.00635190,0.00949472,0.12978600,0.08124440,0.01549450,0.49229400,0.00149459,1.12256,1.240686
0.00645059,0.00934067,0.13003900,0.08046810,0.01537690,0.48741000,0.00148529,1.12379,1.262303
0.00648234,0.00938691,0.13059200,0.08088360,0.01560940,0.49784000,0.00151054,1.13371,1.263555
0.00643592,0.00932317,0.13029900,0.08112090,0.01548150,0.49225700,0.00151058,1.12872,1.25801
0.00634944,0.00933758,0.12940400,0.08088730,0.01556770,0.49620300,0.00149918,1.12683,1.250985
0.00634980,0.00946114,0.13114500,0.08084410,0.01562340,0.49684400,0.00149912,1.12725,1.259375
0.00637033,0.00945231,0.12904400,0.08120350,0.01548770,0.49518900,0.00150824,1.12560,1.238296
0.00646275,0.00922833,0.12986400,0.08120000,0.01504240,0.48291800,0.00149717,1.12286,1.253612
0.00650587,0.00931805,0.12956400,0.08093350,0.01514790,0.49130000,0.00151504,1.13166,1.253108
0.00640741,0.00940273,0.13107500,0.08123430,0.01550570,0.49654300,0.00151438,1.12778,1.257617
0.00641357,0.00946164,0.12986200,0.08097050,0.01556440,0.49446600,0.00150477,1.12562,1.249725
0.00639544,0.00946468,0.13113700,0.08046240,0.01583350,0.49975500,0.00148988,1.12646,1.268746
0.00640918,0.00924123,0.13105300,0.08084830,0.01506010,0.48489100,0.00148935,1.12594,1.264307
0.00642047,0.00934848,0.13023200,0.08093650,0.01547010,0.49270600,0.00150731,1.12880,1.257646
0.00647015,0.00926800,0.13077500,0.08068680,0.01526970,0.48970800,0.00150797,1.12904,1.268254
0.00646339,0.00938177,0.13033600,0.08120850,0.01513230,0.48457700,0.00149776,1.12291,1.250424
0.00640458,0.00934562,0.13069700,0.08091880,0.01549820,0.49892500,0.00152473,1.13285,1.261284
0.00634600,0.00947853,0.13023500,0.08135940,0.01561270,0.49747700,0.00151442,1.12907,1.244907
0.00634068,0.00940957,0.12969100,0.08064840,0.01582530,0.50117400,0.00150214,1.12853,1.255706
0.00643674,0.00928834,0.13078400,0.08111430,0.01501280,0.48495300,0.00150304,1.12866,1.256965
0.00643263,0.00930292,0.12958600,0.08086190,0.01539710,0.49191600,0.00150456,1.12738,1.255456
0.00648182,0.00937429,0.13046200,0.08117860,0.01540260,0.48729600,0.00148729,1.12122,1.256735
0.00635961,0.00950487,0.12980200,0.08090790,0.01558310,0.49529700,0.00150350,1.12666,1.245938
0.00633952,0.00948477,0.12934800,0.08116710,0.01539120,0.49001400,0.00149999,1.12242,1.236832
0.00639910,0.00950087,0.13040300,0.08128410,0.01550560,0.49504100,0.00150346,1.12751,1.246629
0.00634117,0.00943098,0.12970600,0.08137540,0.01527250,0.48966900,0.00151133,1.12755,1.238112
0.00642486,0.00952788,0.12952400,0.08106870,0.01574820,0.49963700,0.00150314,1.12725,1.245642
0.00647189,0.00939977,0.12951300,0.08092190,0.01538750,0.49581100,0.00151465,1.12938,1.250658
0.00644207,0.00938892,0.13054400,0.08108220,0.01538870,0.49342600,0.00151081,1.12898,1.255928
0.00640519,0.00938531,0.12960700,0.08103610,0.01551410,0.49617000,0.00151853,1.13054,1.249782
0.00636103,0.00934812,0.12932300,0.08060270,0.01541560,0.49137400,0.00150614,1.13007,1.251644
0.00646721,0.00947381,0.12978000,0.08104800,0.01564820,0.49598100,0.00151491,1.12900,1.250822
0.00636043,0.00932519,0.12883800,0.08066510,0.01548200,0.49282600,0.00149357,1.12663,1.249255
0.00640918,0.00951465,0.13099300,0.08119550,0.01582060,0.50323400,0.00151481,1.12793,1.256322
0.00642849,0.00923408,0.13007400,0.08094910,0.01540100,0.48930800,0.00149895,1.12486,1.261579
0.00637670,0.00935255,0.12930000,0.08101580,0.01547500,0.49249400,0.00149745,1.12499,1.247683
0.00639415,0.00934903,0.13041400,0.08102140,0.01560590,0.49470400,0.00150111,1.12617,1.258835
0.00647805,0.00924611,0.13085700,0.08123710,0.01515100,0.48659800,0.00150606,1.12710,1.261913
0.00636467,0.00940969,0.13156500,0.08129840,0.01553390,0.49703600,0.00151451,1.13043,1.2589
0.00633878,0.00950171,0.12943000,0.08120810,0.01561740,0.49741900,0.00151643,1.12736,1.239214
0.00646824,0.00925291,0.12979800,0.08080060,0.01533210,0.48977900,0.00149779,1.12710,1.261014
0.00640358,0.00945394,0.13012700,0.08077370,0.01562390,0.49790200,0.00150347,1.12733,1.254967
0.00643478,0.00941957,0.13123100,0.08123910,0.01540700,0.49566400,0.00152216,1.13102,1.257579
0.00643601,0.00929164,0.13036100,0.08100950,0.01541920,0.49062300,0.00150375,1.12494,1.260589
0.00633960,0.00948731,0.13039400,0.08127730,0.01587650,0.49840900,0.00149932,1.12288,1.250147
0.00634725,0.00961892,0.12973600,0.08114260,0.01558530,0.49727400,0.00150556,1.12708,1.236429
0.00639542,0.00937950,0.12895900,0.08095870,0.01547670,0.49439300,0.00150728,1.12531,1.245135
0.00636376,0.00953631,0.13040500,0.08136150,0.01574720,0.50054600,0.00151187,1.12992,1.245885
0.00636473,0.00927295,0.12975600,0.08120690,0.01527410,0.48692900,0.00149547,1.12295,1.249629
0.00638593,0.00933796,0.12983800,0.08075880,0.01543670,0.49261500,0.00150111,1.12680,1.255488
0.00651452,0.00925293,0.12941700,0.08074470,0.01496960,0.48174300,0.00148303,1.12414,1.255597
0.00632107,0.00935962,0.12998300,0.08088370,0.01572100,0.49796800,0.00150272,1.12601,1.255322
0.00640171,0.00948887,0.13093300,0.08092440,0.01567790,0.49934700,0.00150789,1.12840,1.258202
0.00645648,0.00936817,0.13036900,0.08107520,0.01525760,0.49037600,0.00150502,1.12717,1.254477
0.00653381,0.00928082,0.12919000,0.08073020,0.01525340,0.48715200,0.00149773,1.12529,1.257369
0.00647445,0.00935101,0.12976000,0.08101290,0.01537250,0.49380800,0.00151328,1.13153,1.253813
0.00625158,0.00950716,0.12956100,0.08086850,0.01579360,0.50310400,0.00151047,1.13110,1.243082
0.00642674,0.00945016,0.12984400,0.08094660,0.01560440,0.49780500,0.00151924,1.13264,1.251493
0.00653685,0.00932198,0.13047300,0.08099760,0.01528250,0.48847700,0.00149541,1.12453,1.262277
0.00635531,0.00948536,0.13062500,0.08128070,0.01559280,0.49781800,0.00151369,1.12782,1.248572
0.00639765,0.00928485,0.12994300,0.08076640,0.01517080,0.48613000,0.00149316,1.12682,1.255657
0.00646919,0.00932455,0.13018800,0.08110380,0.01523600,0.49106700,0.00150965,1.12959,1.255211
0.00637646,0.00935582,0.13065500,0.08103370,0.01541010,0.49615000,0.00151909,1.13246,1.256639
0.00644361,0.00937313,0.12976300,0.08060780,0.01564100,0.49706500,0.00150339,1.12837,1.260207
0.00639589,0.00947927,0.13041000,0.08074870,0.01566560,0.49813400,0.00150192,1.12892,1.25644
0.00637511,0.00955950,0.12984000,0.08108830,0.01580520,0.49826300,0.00150693,1.12780,1.245041
0.00635948,0.00939504,0.12995100,0.08088780,0.01550310,0.49672800,0.00151234,1.13061,1.251702
0.00638364,0.00925228,0.12936200,0.08089480,0.01534570,0.49072700,0.00150535,1.12588,1.253226
0.00639897,0.00944696,0.13085000,0.08127260,0.01533000,0.49501200,0.00152576,1.13287,1.250319
0.00636833,0.00942316,0.12936500,0.08074450,0.01580940,0.50084400,0.00150942,1.13297,1.252196
0.00639220,0.00946595,0.13044500,0.08086790,0.01567480,0.49725900,0.00150536,1.12717,1.2559
0.00640735,0.00947237,0.12940300,0.08097010,0.01572090,0.49547600,0.00149713,1.12561,1.247611
0.00655662,0.00926525,0.13048400,0.08093130,0.01507980,0.48639800,0.00150616,1.12773,1.264064
0.00646269,0.00923992,0.13025300,0.08071690,0.01537560,0.48889700,0.00149676,1.12534,1.266577
0.00645781,0.00938123,0.13049600,0.08119920,0.01527060,0.48891200,0.00150829,1.12680,1.253481
0.00650975,0.00934647,0.12980900,0.08119360,0.01533030,0.49078300,0.00150413,1.12712,1.253123
0.00639912,0.00923886,0.12960500,0.08057590,0.01513210,0.48476400,0.00149299,1.12728,1.257323
0.00634421,0.00935523,0.12848400,0.08091250,0.01532900,0.49080200,0.00150473,1.12733,1.239158
0.00638833,0.00937217,0.12981200,0.08106880,0.01529270,0.48724300,0.00149457,1.12265,1.247875
0.00629953,0.00946067,0.12999700,0.08135800,0.01565680,0.49604300,0.00149084,1.12253,1.242814
0.00637513,0.00942140,0.12989500,0.08098690,0.01561470,0.49734800,0.00151537,1.12958,1.25093
0.00627048,0.00938280,0.12918500,0.08073850,0.01552790,0.49268900,0.00148767,1.11954,1.245083
0.00641821,0.00924193,0.12978000,0.08056790,0.01532090,0.49135000,0.00150234,1.13008,1.262055
0.00634730,0.00952341,0.13082000,0.08112180,0.01568550,0.49865500,0.00150276,1.12779,1.25111
0.00646153,0.00933852,0.13068500,0.08094140,0.01510140,0.48799200,0.00151338,1.12664,1.258003
0.00637787,0.00939847,0.12941000,0.08104900,0.01537870,0.49235100,0.00150432,1.12798,1.244462
0.00630305,0.00936542,0.12976900,0.08080970,0.01561410,0.49654100,0.00149879,1.12557,1.252096
0.00634788,0.00928615,0.12867000,0.08084690,0.01536970,0.49111700,0.00148972,1.12368,1.245651
0.00643899,0.00923087,0.12958100,0.08072120,0.01534490,0.49007800,0.00150517,1.12775,1.260393
0.00653372,0.00917793,0.12954800,0.08093510,0.01494920,0.48309000,0.00151658,1.13211,1.258693
0.00637333,0.00946722,0.12995500,0.08107120,0.01559060,0.49600500,0.00150773,1.12899,1.247658
0.00640615,0.00929925,0.12963100,0.08099630,0.01535370,0.49008800,0.00149779,1.12349,1.252642
0.00651553,0.00938064,0.13034200,0.08123530,0.01534700,0.49044200,0.00150455,1.12714,1.255369
0.00635645,0.00950608,0.12915200,0.08131610,0.01553740,0.49387400,0.00151140,1.12753,1.23521
0.00643907,0.00931322,0.13002700,0.08079790,0.01540850,0.48967100,0.00148959,1.12301,1.25955
0.00628487,0.00954696,0.12922700,0.08092060,0.01569020,0.49562200,0.00148906,1.12325,1.237844
0.00645295,0.00934435,0.13071500,0.08105930,0.01543560,0.49398400,0.00151206,1.12863,1.260884
0.00643552,0.00945246,0.13036300,0.08134860,0.01555000,0.49589500,0.00150919,1.12578,1.250059
0.00645801,0.00928767,0.13091500,0.08138880,0.01512580,0.48656900,0.00151000,1.12748,1.25712
0.00641665,0.00932232,0.12943700,0.08085670,0.01531420,0.48801100,0.00148883,1.12165,1.25158
0.00636172,0.00948973,0.13121200,0.08119690,0.01574360,0.49999400,0.00151736,1.13145,1.256242
0.00643069,0.00930959,0.13146500,0.08092180,0.01538630,0.48820000,0.00149693,1.12404,1.268526
0.00634534,0.00948765,0.13025200,0.08099370,0.01573550,0.49890400,0.00151303,1.13288,1.250754
0.00652229,0.00919475,0.13020300,0.08061420,0.01496600,0.48082200,0.00149306,1.12485,1.266509
0.00639960,0.00930645,0.12972600,0.08095480,0.01512610,0.48846400,0.00150513,1.12869,1.250019
0.00645793,0.00936759,0.12983500,0.08094810,0.01525600,0.48880800,0.00150110,1.12808,1.252029
0.00640406,0.00948940,0.12941100,0.08115100,0.01548900,0.49127100,0.00150005,1.12339,1.241273
0.00636752,0.00953222,0.12983500,0.08081920,0.01571120,0.49935800,0.00150798,1.12946,1.247989
0.00637182,0.00940835,0.12997400,0.08097090,0.01545890,0.49418500,0.00151278,1.12911,1.250059
0.00636213,0.00945789,0.13052300,0.08103750,0.01563460,0.49370400,0.00150110,1.12645,1.25304
0.00638762,0.00936025,0.12951500,0.08107410,0.01533460,0.49169900,0.00150743,1.12894,1.24668
0.00642842,0.00933454,0.12987100,0.08133880,0.01530140,0.49134700,0.00150886,1.12696,1.248697
0.00644833,0.00935985,0.13067400,0.08112400,0.01531860,0.49100800,0.00150053,1.12645,1.257169
0.00643171,0.00923693,0.13057000,0.08061390,0.01547590,0.49383500,0.00149755,1.12765,1.270564
0.00649231,0.00914907,0.13029500,0.08092710,0.01504750,0.48229200,0.00150206,1.12683,1.265666
0.00643438,0.00940075,0.13167400,0.08101110,0.01558210,0.49744200,0.00152801,1.13362,1.267188
0.00643230,0.00938425,0.13130200,0.08127640,0.01536310,0.49267100,0.00151354,1.12686,1.258761
0.00643051,0.00939577,0.13102000,0.08104320,0.01532490,0.48856700,0.00149621,1.12733,1.258313
0.00639618,0.00944915,0.13078900,0.08130980,0.01545310,0.49273100,0.00151281,1.12798,1.250963
0.00642650,0.00941512,0.13080400,0.08095190,0.01547440,0.49029900,0.00149817,1.12557,1.258737
0.00628930,0.00946819,0.13024100,0.08103950,0.01573280,0.50034900,0.00150811,1.12744,1.248778
0.00638914,0.00942842,0.13010100,0.08098640,0.01561110,0.49646900,0.00150314,1.12821,1.252688
0.00638119,0.00937983,0.12991200,0.08109720,0.01553590,0.49544900,0.00150361,1.12860,1.251007
0.00638358,0.00939885,0.13041300,0.08080170,0.01554680,0.49442300,0.00149686,1.12382,1.257738
0.00631955,0.00939046,0.12933600,0.08073520,0.01564700,0.49711700,0.00149333,1.12495,1.24956
0.00645215,0.00931613,0.13053500,0.08146820,0.01528600,0.49383500,0.00152744,1.13156,1.253821
0.00641306,0.00932870,0.12957400,0.08059680,0.01535140,0.49196200,0.00150764,1.12971,1.255824
0.00654207,0.00923288,0.13142400,0.08137640,0.01495890,0.48288200,0.00150659,1.12546,1.265132
0.00642471,0.00940706,0.13045400,0.08097510,0.01530870,0.49039400,0.00149810,1.12637,1.253786
0.00638238,0.00945619,0.13042900,0.08117940,0.01540970,0.49519900,0.00151147,1.12867,1.248294
0.00651149,0.00925254,0.12919000,0.08092630,0.01518450,0.48544500,0.00148990,1.12200,1.254578
0.00636836,0.00933666,0.13035500,0.08095320,0.01555290,0.49437500,0.00150055,1.12841,1.258069
0.00635318,0.00940849,0.13130100,0.08120760,0.01539800,0.49223300,0.00150134,1.12747,1.255655
0.00639770,0.00940409,0.13110700,0.08132540,0.01535690,0.49327300,0.00151376,1.12701,1.254161
0.00639806,0.00937170,0.13129200,0.08083640,0.01559750,0.49239800,0.00149219,1.12508,1.26677
0.00637068,0.00948830,0.13051100,0.08105700,0.01567790,0.49916000,0.00151275,1.12884,1.252104
0.00636485,0.00939998,0.12935100,0.08125360,0.01535840,0.49026700,0.00150381,1.12823,1.240657
0.00649870,0.00944070,0.13058700,0.08132980,0.01526540,0.49137500,0.00150766,1.12722,1.25114
0.00636604,0.00943533,0.12978600,0.08102100,0.01559040,0.49574600,0.00151132,1.13012,1.248254
0.00633813,0.00948925,0.12995100,0.08091950,0.01554530,0.49590800,0.00151060,1.12745,1.246296
0.00650458,0.00934744,0.13071100,0.08126030,0.01523400,0.48920400,0.00151305,1.12702,1.257508
0.00652821,0.00918416,0.12872800,0.08083480,0.01499140,0.48296800,0.00149896,1.12419,1.25372
0.00631002,0.00952777,0.12952700,0.08105010,0.01553060,0.49381000,0.00151271,1.12737,1.238186
0.00645435,0.00926579,0.13081200,0.08092650,0.01528680,0.49059300,0.00150902,1.12985,1.265297
0.00645082,0.00923066,0.13037100,0.08144200,0.01503100,0.48663700,0.00151466,1.13037,1.2537
0.00647131,0.00930208,0.12971900,0.08141170,0.01519140,0.48725200,0.00150281,1.12428,1.2486
0.00633288,0.00941300,0.13055400,0.08142520,0.01538470,0.49507400,0.00151824,1.12628,1.246044
0.00634653,0.00939062,0.12923900,0.08123450,0.01570380,0.49786200,0.00150901,1.12886,1.244542
0.00644808,0.00928142,0.13019000,0.08100830,0.01528730,0.48851900,0.00150118,1.12655,1.258499
0.00627077,0.00957421,0.13003000,0.08115800,0.01594960,0.50229200,0.00150831,1.12616,1.242799
0.00642818,0.00929980,0.12958900,0.08091540,0.01540680,0.49163000,0.00149673,1.12579,1.254955
0.00645059,0.00944467,0.12946000,0.08122840,0.01557870,0.49499600,0.00150773,1.12643,1.246072
0.00643536,0.00931429,0.12893800,0.08102310,0.01516250,0.48600700,0.00150393,1.12457,1.244827
0.00649360,0.00934792,0.12998000,0.08098970,0.01537330,0.48977400,0.00151129,1.12908,1.256729
0.00639393,0.00944355,0.12924100,0.08083190,0.01549060,0.49536200,0.00150527,1.12875,1.24575
0.00646482,0.00927842,0.12963900,0.08093210,0.01512520,0.48504800,0.00149805,1.12445,1.253794
0.00650257,0.00935301,0.12988400,0.08076630,0.01513870,0.48955000,0.00151775,1.13187,1.255486
0.00645481,0.00937284,0.13041900,0.08113530,0.01549350,0.49263200,0.00150421,1.12778,1.257151
0.00646839,0.00940715,0.13039600,0.08094800,0.01557790,0.49429400,0.00150679,1.12817,1.259225
0.00646073,0.00925935,0.12957900,0.08089190,0.01505020,0.48566900,0.00150291,1.12655,1.253581
0.00645547,0.00925867,0.13042100,0.08107260,0.01506180,0.48291400,0.00149218,1.12257,1.257776
0.00648389,0.00935506,0.12957300,0.08090180,0.01528620,0.49001200,0.00149982,1.12488,1.252758
0.00636864,0.00944186,0.13072200,0.08119640,0.01556790,0.49522900,0.00151317,1.12765,1.252706
0.00638564,0.00939543,0.12891600,0.08105180,0.01516160,0.48786900,0.00150380,1.12484,1.238069
0.00635042,0.00949885,0.12967600,0.08107110,0.01554580,0.49470700,0.00150467,1.12822,1.242378
0.00638863,0.00936362,0.13103600,0.08135520,0.01539000,0.49623000,0.00152038,1.12952,1.25543
0.00644681,0.00928333,0.13035800,0.08107850,0.01520090,0.49019700,0.00150672,1.12741,1.257536
0.00643530,0.00927877,0.13031400,0.08096300,0.01534510,0.49168400,0.00150011,1.12738,1.260418
0.00642235,0.00931932,0.12878100,0.08060900,0.01535370,0.49000900,0.00149464,1.12642,1.250547
0.00631166,0.00939953,0.12922700,0.08102820,0.01556260,0.49564100,0.00150611,1.12933,1.243136
0.00636511,0.00950629,0.13121000,0.08122110,0.01577970,0.49795900,0.00150079,1.12547,1.255758
0.00642462,0.00937628,0.12890200,0.08079210,0.01568990,0.49607700,0.00149969,1.12821,1.251042
0.00642567,0.00937020,0.12925700,0.08091240,0.01547640,0.49395700,0.00149874,1.12933,1.249713
0.00647608,0.00930900,0.13017200,0.08095400,0.01530400,0.48924800,0.00150584,1.12679,1.258962
0.00635943,0.00943838,0.13129300,0.08123360,0.01544050,0.49358100,0.00149986,1.12595,1.254628
0.00655592,0.00933713,0.13028000,0.08103890,0.01523760,0.48850700,0.00149544,1.12379,1.259691
0.00636967,0.00941815,0.12930600,0.08117620,0.01547890,0.49437900,0.00150175,1.12399,1.2422
0.00645994,0.00941533,0.12966000,0.08112150,0.01531610,0.49225900,0.00150780,1.12945,1.247083
0.00638554,0.00939423,0.13027600,0.08088000,0.01535470,0.49316200,0.00150714,1.12997,1.253273
0.00633731,0.00943776,0.12944500,0.08097290,0.01563110,0.49820700,0.00150760,1.12963,1.245538
0.00641664,0.00939158,0.12981400,0.08105890,0.01544480,0.49109900,0.00149780,1.12436,1.250266
0.00647969,0.00914677,0.13066200,0.08083180,0.01520270,0.48770300,0.00150510,1.12765,1.271443
0.00643816,0.00936896,0.12979000,0.08119410,0.01538040,0.49504100,0.00151515,1.12760,1.249544
0.00634875,0.00930536,0.12968600,0.08083850,0.01544180,0.49372200,0.00151423,1.12686,1.253536
0.00631139,0.00936959,0.12855600,0.08072840,0.01559040,0.49380100,0.00148529,1.12262,1.2436
0.00644422,0.00929635,0.12927500,0.08101440,0.01537790,0.48981000,0.00150168,1.12595,1.25177
0.00643992,0.00928179,0.13014200,0.08114330,0.01508320,0.48691300,0.00150721,1.12663,1.253234
0.00625780,0.00949511,0.13007200,0.08105040,0.01568540,0.50068000,0.00151561,1.13109,1.244071
0.00644506,0.00928692,0.12941600,0.08063310,0.01522740,0.48417600,0.00147903,1.11954,1.255968
0.00645630,0.00943959,0.13035300,0.08063580,0.01543820,0.49268300,0.00149356,1.12594,1.258659
0.00645671,0.00948577,0.13023100,0.08119390,0.01568940,0.49687800,0.00150495,1.12509,1.252084
0.00646425,0.00935048,0.13014600,0.08121040,0.01526470,0.49166100,0.00151848,1.12843,1.25244
0.00629883,0.00936784,0.13030700,0.08104860,0.01544130,0.49528500,0.00151681,1.13116,1.250493
0.00625517,0.00952776,0.12954200,0.08133390,0.01569120,0.49595200,0.00149139,1.12428,1.235005
0.00645197,0.00945226,0.13034000,0.08102420,0.01550420,0.49380500,0.00150362,1.12834,1.253894
0.00640008,0.00932256,0.12922100,0.08071290,0.01536750,0.49309600,0.00150629,1.13065,1.251717
0.00641855,0.00935142,0.13008400,0.08112310,0.01532790,0.49029300,0.00150656,1.12867,1.252041
0.00636119,0.00949244,0.13115600,0.08113050,0.01561240,0.50053000,0.00151980,1.13093,1.254595
0.00633406,0.00948366,0.12981300,0.08078890,0.01572410,0.49598900,0.00148565,1.12571,1.24955
0.00641236,0.00931141,0.12990500,0.08105620,0.01551110,0.49422300,0.00150156,1.12444,1.255841
0.00646584,0.00949859,0.12992000,0.08084170,0.01553510,0.49284300,0.00148287,1.12050,1.251615
0.00644078,0.00942038,0.13081500,0.08111630,0.01557710,0.49244600,0.00149823,1.12443,1.258581
0.00638140,0.00940673,0.13065900,0.08102880,0.01544190,0.49535800,0.00151222,1.12673,1.254801
0.00648642,0.00937598,0.13010700,0.08115760,0.01520480,0.48885900,0.00150722,1.12661,1.251569
0.00640415,0.00933414,0.12865300,0.08069390,0.01539800,0.49401900,0.00151098,1.12891,1.247609
0.00634717,0.00942000,0.12950100,0.08096780,0.01555770,0.49188300,0.00148997,1.12124,1.24635
0.00642473,0.00936379,0.13051900,0.08095610,0.01541060,0.49047200,0.00149449,1.12345,1.258185
0.00632863,0.00943191,0.12936000,0.08127830,0.01555690,0.49550500,0.00151972,1.13025,1.240097
0.00639589,0.00929282,0.13004300,0.08138290,0.01509620,0.49057200,0.00152480,1.12807,1.247335
0.00649562,0.00927328,0.13078900,0.08116210,0.01528180,0.49002700,0.00150699,1.12910,1.263461
0.00639806,0.00928359,0.12974600,0.08099200,0.01527560,0.49048200,0.00151485,1.13120,1.252943
0.00633590,0.00949610,0.13006800,0.08108970,0.01563950,0.49523500,0.00149696,1.12700,1.246032
0.00641249,0.00932804,0.12998200,0.08093060,0.01553400,0.49176000,0.00149333,1.12631,1.257469
0.00636340,0.00954540,0.12985000,0.08145960,0.01563840,0.49921000,0.00152957,1.13126,1.238442
0.00634391,0.00954307,0.12998700,0.08107320,0.01581150,0.50183500,0.00150716,1.12651,1.246
0.00637158,0.00937048,0.12983500,0.08130810,0.01542380,0.49347800,0.00151755,1.13052,1.246308
0.00645101,0.00936526,0.13052100,0.08078190,0.01528120,0.48819900,0.00150315,1.12924,1.259479
0.00650552,0.00939441,0.13068000,0.08104340,0.01537860,0.49182400,0.00150489,1.12447,1.259598
0.00640536,0.00952983,0.12987500,0.08087530,0.01568760,0.49776500,0.00150045,1.12618,1.248958
0.00639003,0.00937186,0.12967800,0.08121800,0.01530240,0.49075000,0.00149773,1.12435,1.245252
0.00646935,0.00938525,0.13155400,0.08119710,0.01545520,0.49676100,0.00151920,1.12811,1.264415
0.00648179,0.00934036,0.13036100,0.08083220,0.01531200,0.49032800,0.00150164,1.12767,1.260628
0.00640142,0.00944522,0.13032900,0.08120100,0.01546550,0.49550500,0.00150542,1.12763,1.249403
0.00652819,0.00927288,0.13039100,0.08080830,0.01531150,0.48765400,0.00149622,1.12468,1.266559
0.00644434,0.00932108,0.12961000,0.08088730,0.01523960,0.49087800,0.00151796,1.13049,1.252634
0.00638965,0.00942092,0.13130900,0.08093800,0.01560190,0.49610000,0.00150327,1.12637,1.262797
0.00649973,0.00914381,0.12852800,0.08095960,0.01480610,0.48059400,0.00150349,1.12819,1.24904
0.00643314,0.00936550,0.13092000,0.08101860,0.01547780,0.49451200,0.00151475,1.12832,1.261647
0.00651064,0.00934934,0.13056000,0.08150430,0.01513810,0.48643500,0.00150998,1.12655,1.252225
0.00639356,0.00942415,0.12994700,0.08136100,0.01546730,0.49496700,0.00151187,1.12844,1.245317
0.00641455,0.00950664,0.13027200,0.08084360,0.01550270,0.49537600,0.00151064,1.12822,1.251272
0.00640494,0.00943187,0.13087900,0.08098680,0.01538840,0.49253600,0.00150725,1.12789,1.25593
0.00638233,0.00943358,0.12946400,0.08105530,0.01553280,0.49617100,0.00151117,1.12996,1.245338
0.00631871,0.00950740,0.13028700,0.08106250,0.01583350,0.49986400,0.00149883,1.12424,1.249534
0.00628465,0.00958081,0.13086900,0.08080680,0.01587800,0.50349200,0.00150722,1.12877,1.252742
0.00639817,0.00943155,0.12951700,0.08127610,0.01543210,0.49494200,0.00152139,1.12876,1.24239
0.00639411,0.00919186,0.12924500,0.08085610,0.01502930,0.48491700,0.00149980,1.12660,1.251921
0.00648078,0.00922057,0.12932700,0.08078130,0.01487080,0.48173000,0.00150545,1.12666,1.253301
0.00644848,0.00932742,0.13097700,0.08116650,0.01531360,0.49158500,0.00151142,1.12802,1.260533
0.00637283,0.00939033,0.13050100,0.08134740,0.01552880,0.49632200,0.00151172,1.12941,1.251454
0.00637972,0.00937433,0.12977700,0.08069260,0.01569290,0.49797200,0.00150436,1.12884,1.257322
0.00644760,0.00941593,0.13031800,0.08079750,0.01553080,0.49589800,0.00151195,1.13109,1.258515
0.00648378,0.00938686,0.12992800,0.08129970,0.01533570,0.49269800,0.00152354,1.13082,1.249636
0.00643511,0.00942792,0.13111400,0.08086930,0.01518840,0.49311200,0.00152495,1.13512,1.257614
0.00627082,0.00952643,0.12992600,0.08113740,0.01584200,0.50163900,0.00151732,1.13008,1.243063
0.00649540,0.00937303,0.13075400,0.08125070,0.01523660,0.48833100,0.00150937,1.12406,1.2563
0.00637877,0.00961582,0.13061200,0.08130940,0.01583980,0.50197700,0.00151928,1.12933,1.246024
0.00625193,0.00949783,0.12954000,0.08099050,0.01582310,0.49921700,0.00149865,1.12655,1.242347
0.00645011,0.00943961,0.13050000,0.08143570,0.01534620,0.49275900,0.00151894,1.12827,1.248407
0.00640201,0.00940417,0.13063800,0.08123000,0.01546030,0.49018300,0.00149332,1.12489,1.253448
0.00640231,0.00935574,0.12958300,0.08098350,0.01516270,0.48908600,0.00150997,1.12633,1.246656
0.00633348,0.00951572,0.12970500,0.08087890,0.01587490,0.50464900,0.00152110,1.13543,1.247998
0.00648168,0.00941231,0.12955400,0.08123880,0.01527140,0.48870600,0.00149669,1.12284,1.245323
0.00634741,0.00934439,0.12994800,0.08116770,0.01542100,0.49206700,0.00150161,1.12315,1.249219
0.00637753,0.00943389,0.13025100,0.08117040,0.01524430,0.48866500,0.00150348,1.12546,1.245626
0.00635185,0.00943989,0.13014800,0.08087130,0.01546440,0.49585900,0.00151321,1.13328,1.250273
0.00639645,0.00938736,0.12986300,0.08115670,0.01552990,0.49457000,0.00150659,1.12715,1.250019
0.00645566,0.00927635,0.12976500,0.08092930,0.01518630,0.48780000,0.00150007,1.12319,1.255382
0.00638119,0.00927131,0.13068400,0.08078660,0.01541100,0.49262800,0.00150426,1.12898,1.264524
0.00648230,0.00931569,0.12974100,0.08084560,0.01528300,0.48917300,0.00149684,1.12559,1.256639
0.00648606,0.00929365,0.13020800,0.08097320,0.01547540,0.49323700,0.00150789,1.13037,1.262593
0.00643825,0.00932126,0.13011300,0.08076070,0.01539730,0.49002200,0.00149293,1.12242,1.260044
0.00636580,0.00950686,0.13007600,0.08126910,0.01574220,0.49941800,0.00151678,1.13153,1.245964
0.00653463,0.00942918,0.12921800,0.08101130,0.01527990,0.49025700,0.00150318,1.12771,1.246947
0.00628091,0.00956871,0.12896900,0.08103970,0.01574170,0.49817200,0.00149134,1.12265,1.233928
0.00646430,0.00934289,0.13035100,0.08107900,0.01535490,0.48878100,0.00149113,1.12605,1.257328
0.00638089,0.00948636,0.13042600,0.08111890,0.01548380,0.49591800,0.00151392,1.13237,1.248457
0.00646977,0.00938696,0.12907700,0.08145870,0.01530640,0.48890100,0.00150318,1.12143,1.240334
0.00644671,0.00940942,0.13127000,0.08127870,0.01544230,0.49509800,0.00152270,1.13079,1.258899
0.00638348,0.00938979,0.12854100,0.08067780,0.01528840,0.49086700,0.00150042,1.12612,1.241733
0.00637137,0.00950474,0.13080500,0.08134920,0.01564210,0.49502300,0.00150280,1.12891,1.249498
0.00642808,0.00932359,0.13046300,0.08073590,0.01536660,0.49244300,0.00150082,1.12803,1.262039
0.00635280,0.00956172,0.13008800,0.08108050,0.01553740,0.49814500,0.00150244,1.12645,1.242242
0.00640362,0.00949219,0.12972100,0.08129310,0.01567780,0.49927400,0.00152061,1.13281,1.244316
0.00643563,0.00941062,0.12913300,0.08096840,0.01531810,0.49174500,0.00150508,1.12788,1.244207
0.00638797,0.00949026,0.12942200,0.08097690,0.01574480,0.49804700,0.00149399,1.12552,1.246351
0.00637972,0.00929858,0.13002300,0.08102080,0.01534830,0.49099200,0.00150261,1.12727,1.254215
0.00644381,0.00925318,0.12989500,0.08056750,0.01518900,0.48911000,0.00149955,1.12898,1.261539
0.00641912,0.00936507,0.13032000,0.08088400,0.01540480,0.49278100,0.00150526,1.12671,1.257142
0.00638180,0.00943848,0.12991900,0.08070460,0.01562450,0.49304300,0.00148932,1.12267,1.254179
0.00643334,0.00928971,0.12965500,0.08108020,0.01515730,0.49012200,0.00151613,1.12977,1.250647
0.00639881,0.00946562,0.13099500,0.08098130,0.01557470,0.49552500,0.00149941,1.12799,1.25757
0.00646409,0.00920596,0.12974000,0.08082650,0.01510390,0.48371800,0.00148956,1.12663,1.25932
0.00638177,0.00947451,0.13050000,0.08081800,0.01567220,0.49790000,0.00150422,1.12737,1.256059
0.00642912,0.00941245,0.13080900,0.08104460,0.01546360,0.49344300,0.00151723,1.12870,1.257668
0.00637397,0.00950774,0.12949000,0.08081350,0.01561530,0.49821100,0.00150889,1.12659,1.245572
0.00628032,0.00951245,0.12867800,0.08072630,0.01592250,0.50414400,0.00150958,1.12878,1.240713
0.00646025,0.00942604,0.12913900,0.08068840,0.01549850,0.49428600,0.00150310,1.12728,1.250394
0.00639884,0.00936790,0.12965800,0.08055700,0.01546890,0.49152900,0.00148790,1.12459,1.256078
0.00638395,0.00934910,0.12913400,0.08072470,0.01529800,0.48820200,0.00149320,1.12553,1.247948
0.00636064,0.00935828,0.12936800,0.08110720,0.01530990,0.48975100,0.00149687,1.12593,1.243827
0.00640657,0.00942808,0.12951100,0.08100980,0.01533730,0.49240800,0.00150526,1.12888,1.244775
0.00639142,0.00941193,0.13033600,0.08103010,0.01567930,0.49564100,0.00149818,1.12738,1.255847
0.00642487,0.00934259,0.13110600,0.08107890,0.01546930,0.49275700,0.00150055,1.12977,1.263089
0.00636132,0.00944035,0.13031600,0.08127240,0.01549960,0.49810900,0.00150531,1.12579,1.247541
0.00644174,0.00928522,0.13060700,0.08089050,0.01516120,0.49146700,0.00151695,1.12839,1.260816
0.00634799,0.00943709,0.13091900,0.08136920,0.01554400,0.49220400,0.00149491,1.12028,1.251237
0.00636140,0.00942871,0.13049900,0.08127210,0.01546850,0.49271800,0.00149421,1.12204,1.249138
0.00634106,0.00936741,0.12899600,0.08117980,0.01545140,0.49567100,0.00152129,1.13101,1.240759
0.00637587,0.00939479,0.12991000,0.08097880,0.01557480,0.49463000,0.00150629,1.12805,1.251971
0.00645048,0.00936415,0.12932600,0.08108810,0.01537860,0.49218600,0.00150754,1.12862,1.248061
0.00641119,0.00939456,0.13002500,0.08104450,0.01543210,0.49294200,0.00149755,1.12579,1.251512
0.00635439,0.00958127,0.13088900,0.08124820,0.01560330,0.49421300,0.00150380,1.12192,1.246293
0.00657086,0.00929697,0.13081900,0.08100230,0.01508660,0.48535800,0.00150539,1.12617,1.264757
0.00649714,0.00932715,0.13077500,0.08100690,0.01539330,0.49100000,0.00149947,1.12685,1.264117
0.00649863,0.00935426,0.13081800,0.08090480,0.01536830,0.48750000,0.00149300,1.12571,1.264024
0.00639534,0.00943465,0.13009800,0.08098300,0.01565600,0.49956500,0.00151405,1.13172,1.253256
0.00641070,0.00942292,0.13006500,0.08098260,0.01540450,0.49012100,0.00149003,1.12359,1.25075
0.00645058,0.00937041,0.13053600,0.08088470,0.01527850,0.49455900,0.00151565,1.13166,1.257967
0.00648585,0.00939315,0.12951600,0.08106260,0.01541990,0.49480100,0.00150737,1.12995,1.25034
0.00643076,0.00930506,0.13004400,0.08095640,0.01514970,0.48667800,0.00151063,1.12801,1.254095
0.00642151,0.00930873,0.13097000,0.08122550,0.01538430,0.49002300,0.00150395,1.12793,1.260661
0.00630455,0.00955358,0.12999200,0.08118190,0.01549990,0.49682400,0.00151967,1.12881,1.238159
0.00631869,0.00947972,0.12961600,0.08094590,0.01552560,0.49854900,0.00152134,1.13235,1.242802
0.00643648,0.00936292,0.12947300,0.08062340,0.01540780,0.49326500,0.00150520,1.13005,1.254731
0.00639654,0.00940653,0.13106700,0.08094940,0.01548640,0.49646500,0.00151809,1.13202,1.260134
0.00650200,0.00928103,0.12984500,0.08081580,0.01500700,0.48274100,0.00150212,1.12649,1.256483
0.00635104,0.00955939,0.12922700,0.08116970,0.01566730,0.49587700,0.00150230,1.12470,1.236497
0.00634621,0.00945413,0.12983200,0.08097710,0.01542680,0.49419900,0.00150629,1.12682,1.245091
0.00651071,0.00946938,0.13010300,0.08104960,0.01540510,0.49625500,0.00152723,1.13100,1.251815
0.00653377,0.00914700,0.13053300,0.08047240,0.01504760,0.48551000,0.00149608,1.12676,1.274956
0.00645779,0.00930456,0.12989900,0.08070660,0.01523520,0.48947300,0.00150463,1.12815,1.258407
0.00651285,0.00935501,0.13004100,0.08103770,0.01518010,0.49089300,0.00151090,1.13011,1.254335
0.00647319,0.00934463,0.12986000,0.08103920,0.01531730,0.48913000,0.00149916,1.12623,1.2538
0.00641002,0.00940241,0.12904800,0.08111160,0.01519070,0.49219500,0.00151771,1.12943,1.239401
0.00645716,0.00947537,0.13182000,0.08105630,0.01563990,0.49804700,0.00151407,1.12948,1.265679
0.00636496,0.00950055,0.12973300,0.08090960,0.01557740,0.49851100,0.00151509,1.12872,1.245708
0.00640213,0.00932066,0.13031400,0.08091250,0.01570600,0.49615500,0.00149075,1.12605,1.262598
0.00644530,0.00925938,0.13106300,0.08138390,0.01520270,0.48575300,0.00149350,1.12411,1.260407
0.00631133,0.00946781,0.12882300,0.08088290,0.01555670,0.49336600,0.00149390,1.12359,1.238334
0.00635543,0.00949104,0.12949600,0.08078410,0.01562740,0.49891400,0.00150707,1.12893,1.246246
0.00640985,0.00936462,0.12947900,0.08091870,0.01518350,0.49039100,0.00151091,1.12963,1.246812
0.00638901,0.00940430,0.12862600,0.08123430,0.01551450,0.49438400,0.00150289,1.12819,1.2383
0.00635578,0.00954421,0.12885300,0.08062450,0.01555990,0.49524300,0.00148567,1.12485,1.239739
0.00640894,0.00937088,0.13016200,0.08109470,0.01545180,0.49298600,0.00150503,1.12732,1.253316
0.00637804,0.00936388,0.12900400,0.08108600,0.01538310,0.49013800,0.00149028,1.12424,1.242766
0.00644423,0.00928525,0.13130800,0.08126670,0.01531400,0.49087200,0.00150854,1.12735,1.263865
0.00638817,0.00935773,0.12924300,0.08102140,0.01532030,0.48928600,0.00149952,1.12610,1.245211
0.00635980,0.00930067,0.12927500,0.08125920,0.01532290,0.49530200,0.00152031,1.12992,1.2443
0.00636758,0.00940857,0.12974400,0.08098490,0.01543260,0.49254600,0.00149920,1.12484,1.247612
0.00641785,0.00943596,0.12896900,0.08132630,0.01505950,0.48346800,0.00148294,1.12091,1.233053
0.00642438,0.00947653,0.12904600,0.08121340,0.01557460,0.49928500,0.00151804,1.13055,1.240349
0.00644437,0.00933590,0.12886600,0.08078300,0.01534660,0.49214200,0.00150955,1.12962,1.248999
0.00637379,0.00952585,0.13078100,0.08146000,0.01551510,0.49770000,0.00152323,1.13124,1.24515
0.00641100,0.00912358,0.12941200,0.08067290,0.01478720,0.48022700,0.00150212,1.12752,1.256265
0.00649088,0.00927145,0.12975700,0.08094990,0.01523670,0.48971300,0.00151208,1.13195,1.25743
0.00638002,0.00956415,0.13065200,0.08127720,0.01556570,0.49931100,0.00151420,1.12810,1.245477
0.00647114,0.00923588,0.12996500,0.08087540,0.01532540,0.48841600,0.00148992,1.12444,1.262261
0.00629739,0.00950841,0.12905000,0.08089570,0.01577410,0.49947800,0.00150074,1.12461,1.240362
0.00633745,0.00948244,0.12944400,0.08092200,0.01549940,0.49358000,0.00148446,1.12332,1.242139
0.00636650,0.00935811,0.13000300,0.08102800,0.01565380,0.49670800,0.00149630,1.12619,1.254705
0.00637514,0.00928280,0.12974700,0.08105910,0.01535530,0.48794300,0.00148932,1.12255,1.252409
0.00654114,0.00909494,0.13001700,0.08084350,0.01483260,0.47700700,0.00148461,1.12072,1.266519
0.00646409,0.00930186,0.12956500,0.08087460,0.01539250,0.49313700,0.00150611,1.13116,1.256425
0.00649249,0.00933061,0.12989200,0.08104980,0.01519100,0.48366700,0.00149382,1.12372,1.253677
0.00648896,0.00933239,0.13101800,0.08092960,0.01531950,0.49066400,0.00150349,1.12737,1.265262
0.00630553,0.00939845,0.12913900,0.08063520,0.01551920,0.49535400,0.00150255,1.13001,1.246459
0.00632325,0.00942126,0.12915000,0.08100990,0.01543690,0.49076000,0.00150283,1.12441,1.240387
0.00647408,0.00927911,0.12974100,0.08099220,0.01506940,0.48397200,0.00149966,1.12531,1.253397
0.00636409,0.00939551,0.12894600,0.08088060,0.01542540,0.49144200,0.00149406,1.12230,1.24323
0.00629080,0.00941057,0.13042300,0.08091400,0.01567520,0.49667500,0.00150025,1.12439,1.253909
0.00641552,0.00943904,0.12955600,0.08115360,0.01550050,0.49394600,0.00150080,1.12431,1.245506
0.00646204,0.00929567,0.12898200,0.08125260,0.01506120,0.48544600,0.00150181,1.12477,1.243036
0.00633047,0.00952661,0.13008400,0.08124110,0.01552260,0.49701000,0.00151432,1.12834,1.240889
0.00658472,0.00923824,0.13057600,0.08104730,0.01493830,0.48166000,0.00150052,1.12553,1.26394
0.00636255,0.00950825,0.13072300,0.08102090,0.01566720,0.49538100,0.00150498,1.13056,1.252723
0.00640722,0.00936008,0.12950400,0.08083690,0.01529670,0.49202500,0.00150499,1.12972,1.249734
0.00635850,0.00938754,0.12974300,0.08089430,0.01540400,0.49129400,0.00150241,1.12982,1.24899
0.00637194,0.00952832,0.13009000,0.08069140,0.01574760,0.49833000,0.00150840,1.12814,1.252413
0.00641623,0.00939060,0.12996500,0.08098670,0.01543600,0.49379500,0.00151336,1.12982,1.25218
0.00637786,0.00940182,0.13061100,0.08132620,0.01538970,0.48957000,0.00150422,1.12542,1.250207
0.00646520,0.00919117,0.12981900,0.08111850,0.01525160,0.48970800,0.00150547,1.12816,1.259184
0.00638328,0.00942191,0.13005200,0.08134670,0.01545220,0.49306300,0.00151025,1.12645,1.245767
0.00632673,0.00947599,0.12973800,0.08123970,0.01548120,0.49326300,0.00150310,1.12534,1.240117
0.00647574,0.00933498,0.12969800,0.08067720,0.01537970,0.49066900,0.00149065,1.12666,1.258458
0.00640585,0.00930945,0.12980900,0.08092910,0.01531510,0.49141800,0.00150131,1.12504,1.253758
0.00645458,0.00931363,0.13004200,0.08085040,0.01539980,0.48822700,0.00149238,1.12457,1.259505
0.00642696,0.00926078,0.12895000,0.08082160,0.01531860,0.49307700,0.00151228,1.13222,1.251913
0.00632669,0.00928058,0.12913000,0.08087890,0.01522310,0.48745700,0.00149306,1.12547,1.246134
0.00628345,0.00958536,0.13055500,0.08117260,0.01588950,0.50230600,0.00150280,1.12752,1.245734
0.00644449,0.00936403,0.13045800,0.08083960,0.01532910,0.48964900,0.00149127,1.12383,1.258813
0.00646345,0.00929825,0.13059900,0.08115470,0.01535090,0.49023500,0.00150478,1.12722,1.260473
0.00640360,0.00939453,0.13036100,0.08101850,0.01566100,0.49752800,0.00150979,1.13070,1.257285
0.00646156,0.00938982,0.13032000,0.08091530,0.01530840,0.49261000,0.00151364,1.12969,1.255848
0.00647417,0.00917977,0.13007900,0.08124670,0.01488440,0.48192000,0.00150031,1.12482,1.255435
0.00644891,0.00943567,0.13074200,0.08126210,0.01536280,0.49406300,0.00151983,1.12994,1.252713
0.00643450,0.00933781,0.12953200,0.08074390,0.01535520,0.49067500,0.00149942,1.12850,1.254189
0.00640122,0.00944805,0.13098300,0.08114370,0.01564540,0.49804100,0.00150766,1.12790,1.25747
0.00644044,0.00929533,0.12963200,0.08062590,0.01529290,0.48922500,0.00149139,1.12447,1.257973
0.00648244,0.00939591,0.13077600,0.08112220,0.01556900,0.49326400,0.00149758,1.12588,1.261057
0.00646857,0.00932257,0.13058700,0.08088830,0.01532540,0.49051600,0.00149527,1.12548,1.262251
0.00648043,0.00942547,0.12944900,0.08092380,0.01524360,0.48713500,0.00149015,1.12256,1.247211
0.00649343,0.00931944,0.12971100,0.08078360,0.01525960,0.48666000,0.00148850,1.12187,1.257137
0.00648133,0.00930896,0.12982600,0.08103440,0.01506340,0.48545600,0.00149984,1.12718,1.2522
0.00645948,0.00931201,0.13013200,0.08097690,0.01525350,0.49020800,0.00151230,1.13025,1.256828
0.00631996,0.00942205,0.13043000,0.08076490,0.01561310,0.49627000,0.00149483,1.12604,1.255533
0.00640376,0.00941997,0.13015300,0.08083240,0.01542610,0.49077200,0.00149163,1.11843,1.253406
0.00638589,0.00931846,0.12972200,0.08119830,0.01519880,0.49064300,0.00152000,1.12843,1.246835
0.00639972,0.00943489,0.12935900,0.08113220,0.01548140,0.49679000,0.00151644,1.13081,1.243501
0.00638110,0.00931420,0.12994600,0.08071450,0.01539300,0.49070600,0.00150300,1.12765,1.257249
0.00636436,0.00950498,0.13053900,0.08120880,0.01566250,0.50066500,0.00152565,1.13234,1.249129
0.00637701,0.00939324,0.13048300,0.08095750,0.01550770,0.49533900,0.00150593,1.12768,1.255808
0.00643966,0.00929575,0.12988000,0.08089980,0.01528150,0.48619200,0.00149705,1.12425,1.256292
0.00650295,0.00937926,0.13073300,0.08127290,0.01525080,0.48900600,0.00151359,1.12916,1.256062
0.00649705,0.00925287,0.13063700,0.08087570,0.01520840,0.48855800,0.00150908,1.13127,1.265898
0.00649016,0.00940157,0.12874500,0.08098740,0.01528790,0.48948400,0.00150335,1.12783,1.243314
0.00654837,0.00925644,0.13017500,0.08136130,0.01492650,0.48471900,0.00151791,1.12948,1.254425
0.00642657,0.00946768,0.13003500,0.08102700,0.01551390,0.49442100,0.00149296,1.12460,1.249889
0.00639962,0.00932855,0.12951600,0.08073590,0.01524770,0.48649100,0.00149544,1.12347,1.251696
0.00651512,0.00932238,0.13061800,0.08102330,0.01531460,0.49138600,0.00150903,1.12812,1.262571
0.00653312,0.00932601,0.12989300,0.08109510,0.01500770,0.48388800,0.00150871,1.12755,1.252402
0.00636561,0.00939213,0.12904500,0.08110030,0.01528970,0.48993200,0.00151488,1.12721,1.239602
0.00640647,0.00954634,0.13042700,0.08096270,0.01575740,0.50109900,0.00150732,1.13052,1.252285
0.00632040,0.00961840,0.12995300,0.08114810,0.01589170,0.50085800,0.00150209,1.12737,1.2413
0.00645888,0.00941261,0.13076000,0.08081540,0.01558390,0.49444900,0.00149883,1.12758,1.263116
0.00639320,0.00943483,0.13015300,0.08106240,0.01559660,0.49429200,0.00149249,1.12675,1.251805
0.00641801,0.00938629,0.12947100,0.08088920,0.01540530,0.49069700,0.00149758,1.12701,1.249503
0.00651683,0.00928190,0.13061600,0.08116250,0.01516490,0.48815000,0.00151115,1.12855,1.260902
0.00640721,0.00941543,0.13025700,0.08114430,0.01542930,0.49150400,0.00149051,1.12307,1.250812
0.00639323,0.00928637,0.12904200,0.08073290,0.01552450,0.49265200,0.00148922,1.12706,1.253921
0.00641694,0.00940797,0.13118100,0.08117700,0.01549600,0.49201600,0.00149800,1.12455,1.259148
0.00639787,0.00942193,0.12995300,0.08116600,0.01530840,0.49360600,0.00150767,1.12898,1.245777
0.00643267,0.00940232,0.12965400,0.08137070,0.01520310,0.49047200,0.00150550,1.12786,1.241989
0.00643504,0.00938318,0.12974600,0.08096620,0.01540270,0.49212800,0.00150068,1.12479,1.251453
0.00638300,0.00943023,0.12937700,0.08115610,0.01554520,0.49523800,0.00150980,1.12865,1.243833
0.00632544,0.00943665,0.12977800,0.08112620,0.01561330,0.49520000,0.00150403,1.12467,1.245582
0.00645324,0.00934694,0.13072500,0.08134720,0.01519710,0.48714900,0.00149682,1.12096,1.25399
0.00642462,0.00933781,0.13064100,0.08107500,0.01543830,0.49393700,0.00150179,1.12597,1.259368
0.00647743,0.00934463,0.12968100,0.08100220,0.01530540,0.49124900,0.00152516,1.13054,1.252823
0.00634475,0.00948028,0.12895600,0.08126780,0.01558460,0.49462200,0.00150551,1.12631,1.235778
0.00645745,0.00936533,0.12978700,0.08123790,0.01518440,0.48897800,0.00149890,1.12509,1.247268
0.00630783,0.00938249,0.13087200,0.08107880,0.01555370,0.49354400,0.00149162,1.12463,1.255729
0.00647000,0.00958225,0.13193300,0.08156680,0.01554420,0.49888100,0.00152382,1.13234,1.254009
0.00640746,0.00934903,0.13010200,0.08057520,0.01561530,0.49579800,0.00150752,1.12992,1.262599
0.00642621,0.00933888,0.12793500,0.08077960,0.01534030,0.49200200,0.00151374,1.13075,1.240924
0.00636998,0.00951294,0.12907500,0.08128960,0.01555360,0.49534700,0.00151740,1.12740,1.235344
0.00645362,0.00932118,0.13015900,0.08125880,0.01517290,0.48826600,0.00151434,1.12865,1.251746
0.00647144,0.00941910,0.13024300,0.08118340,0.01538420,0.49280900,0.00151609,1.12684,1.251962
0.00636964,0.00930760,0.12986700,0.08106860,0.01514730,0.48592000,0.00150161,1.12313,1.248732
0.00646791,0.00937576,0.13070800,0.08127620,0.01543230,0.49230000,0.00151382,1.13108,1.257144
0.00648935,0.00923406,0.12996500,0.08113830,0.01513680,0.48960500,0.00151490,1.12678,1.25722
0.00634027,0.00943120,0.12943200,0.08105010,0.01547720,0.49433900,0.00150596,1.12657,1.24281
0.00643271,0.00936052,0.13056000,0.08092560,0.01511070,0.48701700,0.00150403,1.12665,1.255031
0.00634541,0.00948677,0.12923100,0.08120150,0.01550370,0.49429900,0.00150544,1.12725,1.237246
0.00641933,0.00931145,0.12962500,0.08070510,0.01535130,0.48851100,0.00148991,1.12299,1.256067
0.00639736,0.00928149,0.12987400,0.08062060,0.01541420,0.49064600,0.00149586,1.12817,1.260549
0.00635136,0.00945884,0.12978000,0.08111330,0.01540110,0.49342300,0.00150795,1.12787,1.242662
0.00642355,0.00935047,0.12993200,0.08075050,0.01551860,0.49273400,0.00149454,1.12854,1.258393
0.00635012,0.00946758,0.12947900,0.08079890,0.01579650,0.50226600,0.00151310,1.13469,1.249257
0.00642141,0.00944308,0.12960800,0.08072270,0.01542920,0.48968300,0.00148607,1.12263,1.250204
0.00645445,0.00940694,0.12952600,0.08099870,0.01527390,0.49030700,0.00150749,1.12849,1.247166
0.00640274,0.00936755,0.12963700,0.08118560,0.01536260,0.49210800,0.00151579,1.12881,1.246855
0.00633755,0.00947075,0.12961400,0.08108990,0.01575460,0.50152300,0.00151908,1.13037,1.245471
0.00648732,0.00930036,0.12940200,0.08071970,0.01530200,0.49023800,0.00149910,1.12616,1.256828
0.00637796,0.00949378,0.12971500,0.08096550,0.01574750,0.50256000,0.00152669,1.13237,1.248103
0.00634475,0.00931378,0.13030100,0.08123480,0.01541100,0.49373500,0.00150616,1.12707,1.252392
0.00640776,0.00939177,0.12916800,0.08094350,0.01523990,0.48998800,0.00150505,1.12748,1.243483
0.00650009,0.00919719,0.12880200,0.08097200,0.01484140,0.48095700,0.00149797,1.12530,1.248663
0.00639029,0.00939318,0.13017500,0.08103040,0.01551360,0.50007500,0.00152502,1.13386,1.253138
0.00638837,0.00932360,0.12991800,0.08107720,0.01535050,0.49409300,0.00151159,1.12835,1.251805
0.00643306,0.00936145,0.13002800,0.08120030,0.01523550,0.48727400,0.00150588,1.12316,1.249424
0.00647219,0.00934831,0.13070900,0.08110840,0.01548770,0.49044600,0.00149330,1.12315,1.261595
0.00643166,0.00948523,0.13111600,0.08110060,0.01570950,0.49707900,0.00149775,1.12793,1.259292
0.00633531,0.00942349,0.12974300,0.08090550,0.01546180,0.49529900,0.00150365,1.12677,1.246914
0.00647555,0.00940501,0.12989000,0.08093190,0.01545110,0.49696200,0.00151496,1.13202,1.254181
0.00633062,0.00940989,0.13051500,0.08097840,0.01557540,0.49373300,0.00149651,1.12285,1.254062
0.00634263,0.00943990,0.12979700,0.08074500,0.01567000,0.49879200,0.00150668,1.12592,1.251681
0.00636301,0.00940922,0.12948000,0.08087250,0.01545590,0.49474300,0.00151453,1.12983,1.247031
0.00643804,0.00946859,0.12974300,0.08113790,0.01539150,0.49254600,0.00151003,1.12829,1.244963
0.00648914,0.00920727,0.13010900,0.08099930,0.01528160,0.48854300,0.00150421,1.12833,1.263458
0.00636940,0.00951078,0.13193300,0.08117630,0.01561360,0.49770900,0.00150727,1.12302,1.259367
0.00643001,0.00949617,0.13050600,0.08129720,0.01560580,0.49502400,0.00149284,1.12419,1.250171
0.00629407,0.00944637,0.12930400,0.08117970,0.01566090,0.49573900,0.00149058,1.12284,1.240272
0.00638385,0.00935856,0.12895300,0.08075630,0.01537430,0.49212100,0.00150346,1.12849,1.246741
0.00644355,0.00934183,0.12931600,0.08134710,0.01528550,0.49261500,0.00151597,1.12774,1.244388
0.00651072,0.00931529,0.13002200,0.08083100,0.01528720,0.49054000,0.00150916,1.12836,1.260182
0.00638649,0.00937680,0.12962400,0.08131020,0.01540450,0.48974600,0.00150252,1.12520,1.244746
0.00634690,0.00959509,0.12967900,0.08127560,0.01545400,0.49455200,0.00151245,1.12706,1.233658
0.00643817,0.00934117,0.13047800,0.08062000,0.01556780,0.49544800,0.00150181,1.13095,1.265936
0.00647383,0.00929837,0.13120800,0.08124340,0.01517650,0.48428600,0.00149745,1.12403,1.261977
0.00648834,0.00941649,0.13047200,0.08125360,0.01530890,0.49116100,0.00151131,1.12556,1.252635
0.00645910,0.00930098,0.12982500,0.08078120,0.01535670,0.48955100,0.00150900,1.12862,1.258843
0.00645385,0.00946736,0.13024200,0.08125250,0.01545640,0.49374600,0.00151359,1.12865,1.248992
0.00646435,0.00946178,0.13028700,0.08107630,0.01554240,0.49559300,0.00150396,1.12839,1.2534
0.00640428,0.00947017,0.13033300,0.08085350,0.01540890,0.49520800,0.00150845,1.12880,1.251707
0.00634249,0.00947866,0.12975200,0.08094330,0.01581270,0.49831000,0.00149387,1.12643,1.249008
0.00636821,0.00940715,0.12887000,0.08134810,0.01542320,0.49165700,0.00150478,1.12445,1.236547
0.00642827,0.00935952,0.12896000,0.08080630,0.01529480,0.49197700,0.00151390,1.13164,1.246794
0.00650173,0.00937599,0.13034400,0.08072960,0.01534840,0.49361900,0.00149092,1.12574,1.261282
0.00633355,0.00952064,0.13049400,0.08096170,0.01583820,0.50381700,0.00152063,1.13332,1.252285
0.00643491,0.00935440,0.12910800,0.08098150,0.01537210,0.49197700,0.00150184,1.12539,1.24747
0.00640394,0.00939305,0.12975400,0.08106390,0.01541460,0.49391000,0.00150651,1.12952,1.248711
0.00637623,0.00943550,0.12866400,0.08103130,0.01529830,0.49283600,0.00150973,1.12798,1.235916
0.00648183,0.00927643,0.13016900,0.08091020,0.01493050,0.47921700,0.00149342,1.12270,1.256123
0.00631981,0.00937108,0.13059500,0.08069220,0.01561510,0.49957800,0.00150165,1.12930,1.26029
0.00639536,0.00936175,0.12904400,0.08112480,0.01541130,0.48974700,0.00148027,1.11933,1.243844
0.00627406,0.00946259,0.12959600,0.08116330,0.01562210,0.49638300,0.00150056,1.12500,1.240489
0.00646782,0.00924162,0.13003700,0.08128480,0.01503900,0.48096200,0.00149101,1.12516,1.253394
0.00645680,0.00940787,0.13024600,0.08089330,0.01516760,0.48703600,0.00149560,1.12570,1.252449
0.00631683,0.00948376,0.12948000,0.08083000,0.01561010,0.49520100,0.00149560,1.12164,1.24415
0.00644774,0.00943524,0.13028400,0.08081720,0.01534640,0.49266600,0.00150086,1.12764,1.254454
0.00640082,0.00940495,0.13072200,0.08090190,0.01556570,0.49462400,0.00150078,1.12783,1.259505
0.00635301,0.00948948,0.12978000,0.08130790,0.01561480,0.49891400,0.00152541,1.13038,1.2418
0.00637038,0.00935974,0.12948500,0.08114730,0.01567780,0.49714200,0.00150668,1.12527,1.249669
0.00640583,0.00941081,0.13052700,0.08094440,0.01536550,0.49377400,0.00150824,1.12868,1.254513
0.00631861,0.00939085,0.12794300,0.08087940,0.01542740,0.49361200,0.00150689,1.12772,1.23396
0.00636207,0.00944499,0.12982000,0.08122030,0.01557850,0.49540700,0.00150644,1.12588,1.245291
0.00638662,0.00935480,0.13022800,0.08123920,0.01536620,0.49398900,0.00151658,1.13157,1.250754
0.00645149,0.00932370,0.12993400,0.08081260,0.01546860,0.49524100,0.00151319,1.13171,1.259407
0.00630068,0.00936312,0.13033600,0.08111220,0.01553460,0.49254900,0.00148934,1.12376,1.251635
0.00635871,0.00936822,0.12980300,0.08118300,0.01538550,0.49373800,0.00150913,1.12822,1.246658
0.00640801,0.00929209,0.13085100,0.08107710,0.01525350,0.48851700,0.00149411,1.12272,1.260033
0.00639680,0.00929055,0.12984500,0.08084600,0.01553490,0.49682100,0.00151518,1.13197,1.258708
0.00634682,0.00941406,0.12956100,0.08100940,0.01544770,0.49221600,0.00150594,1.12755,1.245002
0.00640062,0.00934229,0.13044200,0.08100100,0.01524070,0.48897200,0.00149298,1.12050,1.254758
0.00641966,0.00935072,0.13081900,0.08125620,0.01534810,0.49463100,0.00152575,1.12839,1.256303
0.00651428,0.00933400,0.12926200,0.08118180,0.01532480,0.49271500,0.00153000,1.13222,1.249782
0.00647533,0.00928903,0.12875800,0.08079230,0.01524790,0.48715200,0.00149782,1.12590,1.250386
0.00634597,0.00934894,0.13007900,0.08077000,0.01558680,0.49621100,0.00150470,1.12763,1.257134
0.00642931,0.00954058,0.13058100,0.08128200,0.01555930,0.49980800,0.00153122,1.13181,1.247918
0.00639364,0.00943817,0.12833100,0.08075770,0.01549840,0.49648100,0.00150937,1.13019,1.240058
0.00636133,0.00948448,0.12957000,0.08101840,0.01543830,0.49335700,0.00150385,1.12484,1.241869
0.00641745,0.00937075,0.13064900,0.08069230,0.01543720,0.49504300,0.00150525,1.13030,1.262143
0.00635699,0.00952743,0.13028900,0.08116560,0.01548160,0.49206600,0.00149102,1.12378,1.243837
0.00644614,0.00932523,0.12893900,0.08134220,0.01501270,0.48517900,0.00150808,1.12618,1.238765
0.00642599,0.00927708,0.13008800,0.08127590,0.01525850,0.48841400,0.00150613,1.12627,1.253364
0.00642596,0.00940666,0.13017700,0.08078580,0.01535650,0.49352800,0.00151471,1.13018,1.254695
0.00623801,0.00952226,0.12964800,0.08068130,0.01610540,0.50747500,0.00150141,1.12908,1.249144
0.00638562,0.00947766,0.13000600,0.08122310,0.01560720,0.49455300,0.00150178,1.12547,1.246405
0.00641000,0.00949118,0.13073900,0.08130630,0.01568870,0.49915100,0.00152707,1.13296,1.25237
0.00638407,0.00928425,0.12924900,0.08096290,0.01527590,0.49050300,0.00151609,1.13079,1.248882
0.00637588,0.00944710,0.12958800,0.08118630,0.01554640,0.49533600,0.00149346,1.12499,1.243995
0.00648026,0.00933692,0.13014000,0.08121170,0.01528840,0.48987700,0.00150733,1.12928,1.25409
0.00646165,0.00942321,0.12986900,0.08095700,0.01543990,0.49549300,0.00151711,1.13353,1.252046
0.00639947,0.00941809,0.13123700,0.08116440,0.01538000,0.48958200,0.00149132,1.12152,1.256881
0.00629616,0.00949161,0.12927500,0.08090270,0.01562790,0.49904700,0.00150621,1.12880,1.240719
0.00639457,0.00925158,0.12999400,0.08097080,0.01509300,0.48737200,0.00151096,1.12619,1.254009
0.00644885,0.00936969,0.13002600,0.08132580,0.01545010,0.49457000,0.00152534,1.12973,1.251086
0.00627091,0.00958068,0.12962300,0.08112670,0.01597380,0.50508500,0.00151267,1.12778,1.240067
0.00636092,0.00929760,0.12901900,0.08099760,0.01519540,0.48794400,0.00150079,1.12679,1.243986
0.00640743,0.00944851,0.13065700,0.08109920,0.01562680,0.49758600,0.00151600,1.12939,1.255468
0.00643708,0.00938854,0.13124700,0.08093300,0.01535120,0.49116600,0.00150447,1.12683,1.262381
0.00642173,0.00948228,0.12982700,0.08098460,0.01551910,0.49498300,0.00150768,1.12909,1.247918
0.00637862,0.00939774,0.12796300,0.08085680,0.01535500,0.49080900,0.00150458,1.12754,1.235499
0.00642830,0.00941654,0.12906900,0.08096450,0.01547750,0.49266300,0.00150482,1.12573,1.245413
0.00643622,0.00935179,0.12995200,0.08104660,0.01522520,0.48821300,0.00150549,1.12497,1.251212
0.00632717,0.00959538,0.13001700,0.08078350,0.01585690,0.50069900,0.00148862,1.12117,1.247197
0.00640719,0.00940545,0.13059400,0.08152060,0.01554810,0.49732900,0.00151815,1.12802,1.250922
0.00637410,0.00935687,0.13053700,0.08078000,0.01552360,0.49179200,0.00149135,1.12608,1.260426
0.00649506,0.00936738,0.12898400,0.08116350,0.01523110,0.48960400,0.00150711,1.12605,1.244143
0.00638157,0.00931423,0.12877800,0.08096940,0.01520990,0.48843700,0.00150145,1.12731,1.242712
0.00647080,0.00929193,0.12906400,0.08049060,0.01528130,0.48893900,0.00150257,1.12794,1.256505
0.00635263,0.00934124,0.12981700,0.08077760,0.01524130,0.48786500,0.00149298,1.12634,1.250814
0.00647340,0.00916003,0.12969700,0.08068850,0.01523230,0.48400000,0.00148604,1.12320,1.265272
0.00640205,0.00937319,0.12956000,0.08101840,0.01549050,0.49542000,0.00151587,1.12844,1.249766
0.00656858,0.00910224,0.12977600,0.08111870,0.01472570,0.47961000,0.00150764,1.12842,1.260548
0.00640034,0.00950399,0.13060900,0.08085620,0.01571290,0.49817700,0.00150364,1.12790,1.25624
0.00650395,0.00940090,0.12986500,0.08096670,0.01523430,0.49225700,0.00151936,1.13251,1.251866
0.00649344,0.00923586,0.12961900,0.08109730,0.01495070,0.48050100,0.00150176,1.12386,1.252585
0.00639998,0.00943538,0.13026000,0.08092570,0.01527270,0.48774600,0.00149742,1.12194,1.249935
0.00645463,0.00940804,0.13027100,0.08119470,0.01531540,0.49124000,0.00150819,1.12479,1.250994
0.00641521,0.00938383,0.13166200,0.08093950,0.01534700,0.49263300,0.00150676,1.12465,1.26475
0.00642282,0.00930669,0.13025500,0.08095350,0.01519470,0.49100400,0.00150751,1.12854,1.255971
0.00639046,0.00950240,0.12993700,0.08124930,0.01549490,0.49417400,0.00149876,1.12370,1.242946
0.00654293,0.00916645,0.13006700,0.08100650,0.01490610,0.48114800,0.00149173,1.12518,1.262198
0.00649773,0.00932472,0.13054900,0.08127860,0.01509260,0.48746500,0.00152097,1.12974,1.254936
0.00643731,0.00946022,0.12997200,0.08118730,0.01563680,0.49412700,0.00150105,1.12425,1.24998
0.00634968,0.00939141,0.12910500,0.08067020,0.01559420,0.49334800,0.00148939,1.12428,1.249009
0.00633534,0.00947099,0.12961600,0.08082400,0.01558050,0.49756400,0.00150593,1.12935,1.246206
0.00638478,0.00943662,0.13001900,0.08129510,0.01562800,0.49963500,0.00152245,1.13076,1.247902
0.00641112,0.00940299,0.13062700,0.08097830,0.01562780,0.49479400,0.00150156,1.12410,1.259232
0.00645435,0.00934337,0.13094100,0.08107100,0.01530520,0.49335000,0.00151432,1.13315,1.260713
0.00646557,0.00939089,0.13072200,0.08081550,0.01544380,0.49598500,0.00151216,1.13263,1.262168
0.00638800,0.00936791,0.13048200,0.08064640,0.01549110,0.49494600,0.00150703,1.12794,1.261129
0.00634971,0.00939538,0.12987600,0.08113770,0.01568580,0.49550100,0.00149285,1.12126,1.250259
0.00633310,0.00950430,0.12963300,0.08099850,0.01569790,0.49590900,0.00148751,1.12349,1.244171
0.00646300,0.00936937,0.13007900,0.08073730,0.01534030,0.49308500,0.00150618,1.13184,1.25778
0.00647837,0.00935170,0.13016300,0.08106110,0.01532070,0.49058900,0.00150275,1.12479,1.255717
0.00637416,0.00931573,0.12927600,0.08106010,0.01512830,0.48791400,0.00150860,1.12675,1.24384
0.00637410,0.00933051,0.12927100,0.08075090,0.01566000,0.49488500,0.00149725,1.12853,1.254275
0.00635650,0.00937722,0.13158800,0.08103820,0.01548520,0.49364800,0.00150161,1.12628,1.262917
0.00642131,0.00942855,0.13080300,0.08124400,0.01543250,0.49156200,0.00150286,1.12678,1.25368
0.00642673,0.00931186,0.13025500,0.08099360,0.01550330,0.49565400,0.00151838,1.13179,1.259703
0.00650292,0.00937279,0.12908700,0.08094770,0.01533360,0.48933200,0.00150474,1.12547,1.249011
0.00634990,0.00941206,0.12983200,0.08147780,0.01542220,0.48970000,0.00150672,1.12624,1.24127
0.00648212,0.00940192,0.12985800,0.08108550,0.01524130,0.49008700,0.00152201,1.12965,1.249522
0.00644557,0.00934963,0.13008100,0.08112750,0.01520730,0.48742200,0.00150334,1.12427,1.251449
0.00636769,0.00941401,0.12878200,0.08088160,0.01547650,0.49411400,0.00149999,1.12703,1.241874
0.00643480,0.00932287,0.13042100,0.08089870,0.01517040,0.48675800,0.00149893,1.12666,1.257253
0.00639708,0.00933565,0.12922800,0.08100890,0.01542940,0.49376400,0.00150249,1.12819,1.248255
0.00638083,0.00943726,0.12938200,0.08109690,0.01534030,0.49006100,0.00150006,1.12337,1.241315
0.00638745,0.00950404,0.13057600,0.08130080,0.01567290,0.50029800,0.00151984,1.12975,1.249442
0.00642762,0.00938877,0.13029900,0.08100330,0.01543830,0.49220700,0.00150483,1.12767,1.25513
0.00631557,0.00946561,0.12977900,0.08089750,0.01557530,0.49689800,0.00150269,1.12735,1.245976
0.00641128,0.00934445,0.12908200,0.08087490,0.01551810,0.49419300,0.00151750,1.13043,1.250075
0.00647791,0.00942419,0.13038800,0.08097850,0.01545770,0.49201300,0.00149635,1.12397,1.256661
0.00640036,0.00935406,0.12950100,0.08112490,0.01521290,0.48932300,0.00151062,1.13046,1.245064
0.00636070,0.00938524,0.13002000,0.08106110,0.01542790,0.49313900,0.00150481,1.12865,1.249626
0.00645502,0.00925925,0.13128300,0.08115780,0.01513360,0.48833400,0.00151262,1.12879,1.264227
0.00646556,0.00930264,0.13133500,0.08077480,0.01523270,0.48937900,0.00150343,1.12810,1.268933
0.00637730,0.00937901,0.13018000,0.08078480,0.01565780,0.49662400,0.00150289,1.12940,1.258466
0.00633951,0.00937199,0.12933500,0.08083460,0.01560550,0.49406800,0.00150299,1.12683,1.249446
0.00635651,0.00939823,0.12992900,0.08113620,0.01546710,0.49447000,0.00150215,1.12668,1.247751
0.00638840,0.00950074,0.12891200,0.08131750,0.01543560,0.49094700,0.00149589,1.12368,1.233542
0.00645701,0.00922929,0.12868500,0.08124690,0.01486950,0.48166400,0.00149993,1.12496,1.241385
0.00644089,0.00933355,0.12993200,0.08092130,0.01527960,0.48880000,0.00149081,1.12449,1.254508
0.00644447,0.00949764,0.13098100,0.08096750,0.01544600,0.49085100,0.00149393,1.12384,1.256049
0.00644550,0.00937412,0.12921900,0.08088800,0.01523920,0.49049000,0.00150463,1.12971,1.246989
0.00637267,0.00952320,0.13053100,0.08114740,0.01554280,0.49542100,0.00150489,1.12751,1.247586
0.00627304,0.00933450,0.12875500,0.08081960,0.01549990,0.49210300,0.00149805,1.12679,1.242926
0.00641830,0.00950517,0.12946700,0.08118370,0.01552640,0.49541000,0.00151045,1.13047,1.241595
0.00636710,0.00961412,0.13051800,0.08135960,0.01557680,0.49808900,0.00151868,1.13022,1.240608
0.00642257,0.00936237,0.12998400,0.08137190,0.01543030,0.49151400,0.00151139,1.12648,1.249289
0.00653593,0.00923485,0.12996100,0.08096700,0.01496820,0.48108500,0.00149674,1.12337,1.258819
0.00641662,0.00932382,0.12921100,0.08097440,0.01516150,0.49015800,0.00151802,1.12996,1.246133
0.00634711,0.00937034,0.12887600,0.08082170,0.01519650,0.48846500,0.00150167,1.12556,1.240723
0.00631284,0.00949945,0.12966600,0.08075590,0.01553910,0.49727700,0.00150298,1.12867,1.244499
0.00630856,0.00946128,0.13082400,0.08096430,0.01583280,0.49616400,0.00148058,1.12125,1.256785
0.00638912,0.00936884,0.12992600,0.08090160,0.01545680,0.49385600,0.00151084,1.12953,1.253227
0.00644488,0.00935823,0.13045800,0.08083080,0.01544880,0.49308000,0.00150560,1.12684,1.260892
0.00634232,0.00950721,0.12927500,0.08076360,0.01558470,0.49688700,0.00150752,1.12873,1.242867
0.00645958,0.00937706,0.13124700,0.08116910,0.01534970,0.49357700,0.00152061,1.13280,1.26093
0.00632931,0.00951751,0.12959300,0.08110960,0.01560720,0.49666600,0.00151065,1.12943,1.240346
0.00644411,0.00940528,0.12990600,0.08115260,0.01540460,0.49280800,0.00151492,1.12860,1.249657
0.00644327,0.00929465,0.13028600,0.08099550,0.01519820,0.48815500,0.00149396,1.12261,1.257267
0.00648889,0.00927941,0.12934000,0.08085700,0.01519090,0.48963800,0.00151275,1.12847,1.254251
0.00639638,0.00942839,0.12967800,0.08107120,0.01536480,0.49198300,0.00151422,1.13039,1.24523
0.00646686,0.00937434,0.12981000,0.08082330,0.01540860,0.49478700,0.00150469,1.13142,1.255524
0.00650805,0.00927275,0.13039100,0.08122200,0.01495040,0.48180300,0.00149421,1.12315,1.255582
0.00630515,0.00942086,0.13050900,0.08102110,0.01584130,0.50028800,0.00149911,1.12798,1.255609
0.00645478,0.00943796,0.13070700,0.08084380,0.01558790,0.49902200,0.00152326,1.13256,1.26089
0.00641166,0.00929546,0.12922300,0.08065530,0.01536310,0.48972900,0.00150212,1.12759,1.254249
0.00643962,0.00925554,0.13079800,0.08108240,0.01525280,0.48665800,0.00149132,1.12021,1.262742
0.00645413,0.00929034,0.12986200,0.08092820,0.01537080,0.48741300,0.00148868,1.12184,1.257959
0.00629656,0.00934287,0.12886800,0.08084370,0.01538580,0.49253200,0.00149608,1.12550,1.242447
0.00627153,0.00948900,0.12967100,0.08092260,0.01579340,0.49667200,0.00149693,1.12584,1.244997
0.00650651,0.00926707,0.13006200,0.08077460,0.01530270,0.49014800,0.00151155,1.13123,1.263698
0.00635025,0.00944142,0.13057900,0.08115200,0.01541150,0.49353200,0.00150395,1.12832,1.24925
0.00636009,0.00939215,0.12980700,0.08115840,0.01536180,0.49045700,0.00149888,1.12493,1.24551
0.00650096,0.00930565,0.13133400,0.08138170,0.01510740,0.48586200,0.00149880,1.12402,1.261001
0.00637729,0.00934574,0.13045300,0.08115380,0.01543950,0.49114600,0.00150433,1.12723,1.254641
0.00647748,0.00932398,0.13034800,0.08097130,0.01511000,0.48619200,0.00149553,1.12352,1.256652
0.00641896,0.00939184,0.13013100,0.08122770,0.01516050,0.49037500,0.00151472,1.12921,1.246661
0.00647739,0.00930540,0.13062400,0.08120630,0.01512430,0.48819500,0.00151192,1.12727,1.257013
0.00639291,0.00953753,0.13017700,0.08118870,0.01565130,0.49748200,0.00151055,1.12782,1.246024
0.00640137,0.00940855,0.12991200,0.08082740,0.01545160,0.49327800,0.00150624,1.12595,1.252448
0.00641522,0.00936904,0.12957200,0.08093490,0.01555850,0.49398900,0.00149996,1.12888,1.252625
0.00640461,0.00945852,0.13042600,0.08102760,0.01551480,0.49430700,0.00150573,1.12675,1.252392
0.00639596,0.00943709,0.12973200,0.08129140,0.01544650,0.49211300,0.00150467,1.12549,1.243713
0.00632733,0.00956355,0.13002000,0.08134000,0.01558350,0.49643500,0.00150996,1.12625,1.238105
0.00644248,0.00928504,0.12913700,0.08083300,0.01511290,0.48841800,0.00151056,1.12928,1.249692
0.00638573,0.00954683,0.13030100,0.08090500,0.01564590,0.49815200,0.00149211,1.12465,1.24964
0.00640307,0.00943088,0.12952800,0.08136880,0.01555520,0.49745700,0.00151658,1.13132,1.243325
0.00635818,0.00947720,0.12926800,0.08087890,0.01558140,0.49431300,0.00150220,1.12838,1.243507
0.00648474,0.00936344,0.12988700,0.08108370,0.01540900,0.49180800,0.00150893,1.12800,1.25421
0.00634307,0.00947641,0.13019400,0.08111890,0.01555860,0.49444700,0.00149907,1.12482,1.246777
0.00644065,0.00938945,0.13140300,0.08122140,0.01540740,0.49358200,0.00151421,1.13135,1.260898
0.00634204,0.00946263,0.12880100,0.08083890,0.01579210,0.49912200,0.00149899,1.12640,1.243447
0.00651738,0.00919527,0.13037000,0.08097010,0.01483680,0.47868400,0.00148674,1.12339,1.261353
0.00639472,0.00926473,0.12953000,0.08070710,0.01532920,0.48921100,0.00150400,1.12698,1.25637
0.00639044,0.00938539,0.12873700,0.08075050,0.01547130,0.48966900,0.00149209,1.12590,1.245454
0.00653603,0.00936948,0.13046100,0.08137900,0.01516650,0.48650100,0.00149051,1.12061,1.253468
0.00639602,0.00937574,0.12942500,0.08106960,0.01536020,0.49313300,0.00151086,1.12889,1.245943
0.00643318,0.00933707,0.13086600,0.08102540,0.01546850,0.49456700,0.00150712,1.12955,1.262488
0.00633725,0.00938172,0.12957500,0.08087070,0.01571170,0.49485500,0.00149543,1.12377,1.251786
0.00637524,0.00936204,0.13091600,0.08101100,0.01536150,0.49404700,0.00151027,1.12989,1.257869
0.00648010,0.00937267,0.12988900,0.08142000,0.01527250,0.48853600,0.00150218,1.12638,1.247625
0.00638787,0.00940203,0.12989900,0.08132240,0.01535430,0.49218300,0.00151809,1.12678,1.244724
0.00640325,0.00953072,0.13052500,0.08114850,0.01570580,0.49979300,0.00150649,1.12843,1.250679
0.00642025,0.00932247,0.13020600,0.08129820,0.01516650,0.48781200,0.00150122,1.12738,1.250108
0.00646856,0.00936551,0.12960800,0.08068420,0.01548240,0.49373000,0.00149481,1.12654,1.257256
0.00650795,0.00931098,0.12982300,0.08091920,0.01523700,0.48796400,0.00149476,1.12540,1.257039
0.00642940,0.00939177,0.13049400,0.08113720,0.01528920,0.49098400,0.00151253,1.12762,1.252757
0.00648155,0.00920475,0.12930100,0.08070550,0.01501890,0.48456100,0.00150166,1.12891,1.257029
0.00648518,0.00926830,0.13051000,0.08100010,0.01516140,0.48862300,0.00151373,1.12858,1.261423
0.00641597,0.00937894,0.13086500,0.08109590,0.01544170,0.49037100,0.00149546,1.12496,1.258428
0.00638159,0.00935496,0.12916800,0.08069540,0.01558830,0.49395900,0.00150345,1.12933,1.252213
0.00649263,0.00927361,0.12991300,0.08099210,0.01509710,0.48602300,0.00149902,1.12546,1.256157
0.00641313,0.00947834,0.12997600,0.08118390,0.01551930,0.49567000,0.00150289,1.12674,1.246512
0.00632457,0.00943035,0.12988300,0.08120680,0.01565470,0.49900100,0.00150499,1.12630,1.246251
0.00637613,0.00944790,0.13056700,0.08107520,0.01563010,0.49624800,0.00149933,1.12831,1.253943
0.00636629,0.00938977,0.13001900,0.08108050,0.01549310,0.48970200,0.00149301,1.12381,1.250316
0.00642064,0.00933316,0.13091800,0.08118140,0.01533380,0.48723600,0.00149310,1.12383,1.258794
0.00640051,0.00953581,0.13010300,0.08127880,0.01561500,0.49642300,0.00149922,1.12311,1.244279
0.00644344,0.00939160,0.12872000,0.08070540,0.01547780,0.48859600,0.00148751,1.12243,1.247811
0.00643416,0.00943206,0.13011200,0.08107140,0.01549360,0.49483400,0.00150688,1.13176,1.25173
0.00641443,0.00950090,0.12997100,0.08100770,0.01549000,0.49405900,0.00150310,1.12752,1.247102
0.00646068,0.00921948,0.13001500,0.08117540,0.01499690,0.48250400,0.00150122,1.12306,1.254771
0.00639970,0.00931658,0.12950800,0.08128820,0.01518710,0.48797900,0.00149992,1.12518,1.244705
0.00637123,0.00934890,0.13001200,0.08111380,0.01551410,0.49206500,0.00149104,1.12379,1.252449
0.00638990,0.00946037,0.12994600,0.08099650,0.01549540,0.49672600,0.00151002,1.12857,1.248176
0.00643665,0.00934029,0.13072100,0.08105220,0.01533370,0.49220700,0.00151392,1.13110,1.259115
0.00642492,0.00935977,0.13054000,0.08101770,0.01550310,0.49329800,0.00150632,1.12836,1.259086
0.00636404,0.00936870,0.13086200,0.08088380,0.01550030,0.49365900,0.00150685,1.13030,1.260213
0.00646234,0.00948515,0.13076000,0.08128280,0.01561250,0.49409100,0.00149955,1.12261,1.254213
0.00641118,0.00939811,0.12992700,0.08143400,0.01528830,0.49033100,0.00151589,1.12664,1.243814
0.00632244,0.00949934,0.12925900,0.08101530,0.01553750,0.49648300,0.00150624,1.12504,1.238605
0.00637698,0.00946616,0.12899400,0.08120860,0.01553300,0.49425100,0.00149677,1.12258,1.238111
0.00644156,0.00931571,0.12979500,0.08116100,0.01527440,0.48957000,0.00151039,1.12717,1.251396
0.00632496,0.00946736,0.12965700,0.08096460,0.01568950,0.49693000,0.00149227,1.12632,1.24617
0.00637615,0.00937776,0.13033700,0.08124970,0.01547010,0.49609200,0.00150770,1.12648,1.251336
0.00645525,0.00933746,0.12932000,0.08105430,0.01536200,0.49569400,0.00152443,1.13444,1.249721
0.00644230,0.00932071,0.12968900,0.08124170,0.01508450,0.48793400,0.00150686,1.12735,1.246723
0.00639278,0.00948016,0.13035900,0.08116700,0.01556660,0.49531900,0.00150143,1.12474,1.249373
0.00629277,0.00944298,0.12912300,0.08124290,0.01562670,0.49818500,0.00150274,1.12593,1.237716
0.00638949,0.00936966,0.12900800,0.08134720,0.01526430,0.48991300,0.00151363,1.12619,1.238136
0.00636491,0.00955414,0.12998000,0.08091460,0.01550660,0.49435600,0.00149607,1.12435,1.243868
0.00627178,0.00953751,0.12924000,0.08104230,0.01576620,0.50103900,0.00149714,1.12500,1.237466
0.00631009,0.00940281,0.12943400,0.08135560,0.01562880,0.49948400,0.00151782,1.13301,1.241427
0.00635977,0.00938220,0.13041300,0.08070460,0.01546580,0.49573400,0.00151687,1.12866,1.257613
0.00640616,0.00942097,0.13011900,0.08111640,0.01561990,0.49219900,0.00150091,1.12290,1.252453
0.00646975,0.00941761,0.13114300,0.08121860,0.01547180,0.49501500,0.00151605,1.13006,1.259602
0.00631476,0.00944289,0.12855000,0.08140460,0.01540230,0.49526800,0.00151464,1.12913,1.229164
0.00650613,0.00927792,0.13016900,0.08122990,0.01521880,0.48857300,0.00151540,1.13091,1.257218
0.00643143,0.00938390,0.13026000,0.08090960,0.01556390,0.49497200,0.00150828,1.13118,1.258147
0.00647396,0.00925560,0.12992700,0.08120220,0.01503550,0.48523600,0.00150722,1.13077,1.252977
0.00648416,0.00935938,0.13064600,0.08085130,0.01545730,0.49506300,0.00151030,1.13264,1.263731
0.00641927,0.00932353,0.13098700,0.08113280,0.01544730,0.49193300,0.00150127,1.12762,1.26195
0.00639920,0.00940176,0.13015500,0.08103870,0.01539110,0.49670500,0.00151082,1.12909,1.251103
0.00642515,0.00947180,0.13063700,0.08075890,0.01566770,0.49593200,0.00149781,1.12828,1.259659
0.00648580,0.00928899,0.12916700,0.08098760,0.01501700,0.48095600,0.00148912,1.12210,1.248365
0.00647396,0.00938749,0.12933400,0.08070500,0.01552750,0.49114100,0.00148854,1.12434,1.254655
0.00638996,0.00945790,0.13001800,0.08095210,0.01546460,0.49144700,0.00149839,1.12637,1.248962
0.00646184,0.00939453,0.13118500,0.08119260,0.01546720,0.49316800,0.00151701,1.13019,1.261047
0.00642988,0.00935944,0.13014000,0.08099230,0.01511380,0.48577600,0.00148735,1.12227,1.251083
0.00638406,0.00934951,0.13037400,0.08123960,0.01522710,0.49257500,0.00152036,1.12844,1.250014
0.00638196,0.00924352,0.12960900,0.08124090,0.01522710,0.49034800,0.00151814,1.13119,1.249593
0.00641478,0.00943578,0.12932600,0.08081310,0.01533160,0.49249700,0.00150633,1.13054,1.245616
0.00634756,0.00941654,0.12893900,0.08080280,0.01552410,0.49614900,0.00150563,1.13076,1.243723
0.00632248,0.00949292,0.12955700,0.08087640,0.01563750,0.49761600,0.00149834,1.12789,1.244341
0.00637382,0.00940172,0.13085300,0.08089280,0.01569440,0.49949800,0.00150871,1.13218,1.261486
0.00644572,0.00932978,0.13032700,0.08107750,0.01540840,0.49321600,0.00151102,1.12683,1.257786
0.00633633,0.00935576,0.12955600,0.08137390,0.01550120,0.49159500,0.00150122,1.12417,1.243829
0.00643773,0.00937647,0.12990000,0.08093250,0.01544600,0.49346500,0.00150773,1.12983,1.254098
0.00643295,0.00944028,0.13026500,0.08083040,0.01544640,0.49192300,0.00150182,1.12965,1.254712
0.00643984,0.00931765,0.12961300,0.08100560,0.01502580,0.48382000,0.00149873,1.12280,1.248214
0.00647411,0.00931746,0.13103000,0.08117200,0.01506130,0.48722100,0.00150175,1.12705,1.258853
0.00647694,0.00934559,0.13053400,0.08119600,0.01523940,0.48734000,0.00150188,1.12782,1.256036
0.00636549,0.00931568,0.13029700,0.08101740,0.01533060,0.48815000,0.00148910,1.12516,1.254673
0.00652665,0.00929548,0.13053700,0.08104350,0.01504110,0.48340400,0.00149573,1.12416,1.259728
0.00643023,0.00933251,0.13121800,0.08124180,0.01560340,0.49590500,0.00150890,1.12727,1.264521
0.00642738,0.00935970,0.12984200,0.08111960,0.01558380,0.49493400,0.00150185,1.12955,1.253725
0.00643499,0.00927846,0.12949800,0.08079970,0.01538860,0.49518000,0.00151146,1.13215,1.256743
0.00632877,0.00947742,0.13008800,0.08122510,0.01547860,0.49554100,0.00151367,1.13052,1.242871
0.00633810,0.00945048,0.13090900,0.08125590,0.01557560,0.49782400,0.00151767,1.12695,1.25184
0.00648069,0.00933462,0.13091300,0.08153090,0.01511780,0.48575700,0.00150366,1.12669,1.253799
0.00649017,0.00936247,0.13034300,0.08123380,0.01513390,0.48950900,0.00151162,1.12891,1.252253
0.00639070,0.00932478,0.13017800,0.08073170,0.01540580,0.49248700,0.00149675,1.12747,1.258891
0.00646507,0.00927266,0.13043400,0.08062790,0.01519640,0.48788700,0.00150306,1.12828,1.264883
0.00630559,0.00942612,0.12913900,0.08111650,0.01555160,0.49513800,0.00149536,1.12579,1.239706
0.00640804,0.00930989,0.13006100,0.08128940,0.01533640,0.48737000,0.00149906,1.12287,1.251662
0.00634284,0.00944547,0.12976500,0.08111880,0.01567220,0.49643600,0.00149862,1.12372,1.24668
0.00634272,0.00935399,0.12847500,0.08092020,0.01555940,0.49441700,0.00150111,1.12726,1.242227
0.00642707,0.00945413,0.12922700,0.08109310,0.01538940,0.49241200,0.00150433,1.12551,1.241868
0.00636565,0.00948462,0.13003100,0.08099280,0.01576550,0.49882000,0.00149742,1.12698,1.25051
0.00638571,0.00943621,0.13099200,0.08110600,0.01541490,0.49445800,0.00151893,1.13004,1.254661
0.00642021,0.00956135,0.13035400,0.08125760,0.01554220,0.49464800,0.00151103,1.12619,1.244878
0.00636597,0.00945199,0.12975700,0.08085690,0.01575590,0.49806000,0.00149945,1.12914,1.251565
0.00638894,0.00948355,0.13001100,0.08120690,0.01554660,0.49517000,0.00150126,1.12646,1.245629
0.00651113,0.00921744,0.13028000,0.08107000,0.01531450,0.49127100,0.00151284,1.12871,1.264705
0.00649003,0.00937663,0.13097300,0.08138820,0.01521500,0.48794700,0.00150104,1.12122,1.255605
0.00649320,0.00934527,0.13099200,0.08110380,0.01521280,0.48867400,0.00149621,1.12573,1.260901
0.00622322,0.00960573,0.12989800,0.08091340,0.01586920,0.50500600,0.00151426,1.12956,1.24014
0.00630068,0.00942823,0.13039400,0.08098250,0.01570870,0.49556700,0.00149831,1.12600,1.252824
0.00639304,0.00938083,0.12901000,0.08110990,0.01539270,0.49114500,0.00150135,1.12338,1.242416
0.00648164,0.00927214,0.12966200,0.08113020,0.01519630,0.48805400,0.00150933,1.12966,1.25355
0.00635280,0.00939551,0.12924700,0.08062710,0.01573340,0.50000600,0.00151189,1.13199,1.252416
0.00646525,0.00944112,0.13006500,0.08102990,0.01543520,0.49639100,0.00150875,1.12975,1.251819
0.00637429,0.00938009,0.13056700,0.08076410,0.01561100,0.49845600,0.00152187,1.13498,1.260824
0.00635457,0.00948930,0.12934900,0.08111840,0.01560730,0.49729800,0.00150812,1.12853,1.240829
0.00640356,0.00932928,0.13052600,0.08091060,0.01523750,0.48661100,0.00149598,1.12471,1.257254
0.00641266,0.00933236,0.12938400,0.08101580,0.01534120,0.48868700,0.00149625,1.12300,1.24896
0.00635395,0.00941904,0.12936900,0.08082740,0.01547840,0.48971500,0.00148159,1.12109,1.246272
0.00641106,0.00942439,0.13086600,0.08117380,0.01536340,0.48859900,0.00150044,1.12530,1.253844
0.00650646,0.00940036,0.13103900,0.08115640,0.01547320,0.49531800,0.00151737,1.12912,1.26197
0.00645071,0.00934389,0.12999600,0.08080490,0.01524510,0.48848600,0.00149700,1.12760,1.2558
0.00635857,0.00938665,0.12951300,0.08111480,0.01542190,0.49367000,0.00150381,1.12600,1.244865
0.00641635,0.00959150,0.13037800,0.08133520,0.01574570,0.49679000,0.00150334,1.12534,1.245368
0.00633906,0.00938010,0.13028000,0.08086480,0.01550280,0.49132900,0.00149209,1.12275,1.254499
0.00639802,0.00951680,0.13019300,0.08135130,0.01562730,0.49501100,0.00149679,1.12710,1.245112
0.00645310,0.00923470,0.13023700,0.08075580,0.01532740,0.48875100,0.00150587,1.12707,1.265143
0.00637512,0.00943817,0.12965500,0.08094630,0.01550730,0.49296600,0.00149794,1.12688,1.247279
0.00650037,0.00938550,0.13071900,0.08109170,0.01549450,0.49277200,0.00150539,1.12680,1.26118
0.00641700,0.00946899,0.13135100,0.08091310,0.01559640,0.49588500,0.00149178,1.12339,1.262058
0.00637975,0.00932635,0.12934700,0.08069230,0.01555860,0.49403800,0.00149810,1.12866,1.254626
0.00640704,0.00932704,0.12958500,0.08089780,0.01531250,0.48932100,0.00149527,1.12542,1.251559
0.00644668,0.00925271,0.12994700,0.08097490,0.01530190,0.49083700,0.00150156,1.12710,1.258693
0.00640496,0.00946548,0.12978300,0.08089090,0.01554540,0.49275200,0.00149995,1.12544,1.249269
0.00634925,0.00945901,0.12913300,0.08073400,0.01565580,0.49565000,0.00150454,1.12693,1.24582
0.00641516,0.00924136,0.12968600,0.08102160,0.01534200,0.49023800,0.00149633,1.12490,1.255965
0.00634576,0.00944030,0.13010700,0.08117150,0.01554210,0.49311300,0.00150748,1.12799,1.247139
0.00636488,0.00941655,0.12833600,0.08095220,0.01541660,0.49064400,0.00150110,1.12493,1.23654
0.00625034,0.00952118,0.12922100,0.08100160,0.01585110,0.50216200,0.00151001,1.12863,1.238932
0.00644500,0.00937597,0.12982800,0.08085180,0.01545200,0.49458500,0.00150966,1.12795,1.254928
0.00646196,0.00943177,0.13053300,0.08082650,0.01540060,0.49037100,0.00149976,1.12631,1.257765
0.00633064,0.00947334,0.13023100,0.08082880,0.01570010,0.49819500,0.00149345,1.12589,1.252304
0.00634412,0.00938285,0.12842800,0.08084550,0.01550450,0.49229200,0.00148823,1.12323,1.240638
0.00641145,0.00935618,0.12832800,0.08093650,0.01531180,0.48949600,0.00150142,1.12971,1.240168
0.00645824,0.00941278,0.13001300,0.08135960,0.01531610,0.49220500,0.00151438,1.12555,1.24695
0.00641875,0.00935324,0.13091900,0.08120480,0.01544820,0.49256300,0.00150156,1.12536,1.259012
0.00634164,0.00947988,0.12950000,0.08108790,0.01566000,0.49792800,0.00152357,1.13316,1.242994
0.00635117,0.00942600,0.12950700,0.08107880,0.01542040,0.49511200,0.00151444,1.13002,1.242917
0.00640590,0.00946638,0.12929500,0.08094230,0.01546870,0.49784400,0.00152765,1.13525,1.243791
0.00650633,0.00927206,0.13054600,0.08077090,0.01524780,0.48807000,0.00149861,1.12463,1.266439
0.00646525,0.00931694,0.12937100,0.08102120,0.01513350,0.48420800,0.00148858,1.12295,1.248847
0.00637336,0.00943823,0.12953100,0.08099450,0.01536910,0.49411500,0.00150907,1.13005,1.243688
0.00641855,0.00932159,0.13050200,0.08092120,0.01542300,0.49104700,0.00150068,1.12494,1.260569
0.00638802,0.00937669,0.13007400,0.08129700,0.01547160,0.49660900,0.00151256,1.13019,1.249314
0.00641053,0.00937231,0.12918700,0.08106370,0.01549650,0.49480400,0.00151957,1.13168,1.246832
0.00635447,0.00946324,0.13074500,0.08101460,0.01586370,0.50070800,0.00149717,1.12809,1.257673
0.00634635,0.00929466,0.12992900,0.08109820,0.01525240,0.48629200,0.00149130,1.12323,1.250069
0.00634081,0.00947658,0.13007200,0.08072950,0.01580680,0.49927900,0.00150879,1.13116,1.253978
0.00634038,0.00951234,0.13073800,0.08108560,0.01583600,0.50303400,0.00152362,1.13114,1.253274
0.00652568,0.00934394,0.13052300,0.08089310,0.01533770,0.49205300,0.00150726,1.12885,1.263086
0.00649050,0.00932111,0.13043000,0.08080540,0.01553370,0.49273200,0.00149710,1.12651,1.265986
0.00627056,0.00945481,0.12997600,0.08107630,0.01548090,0.49977500,0.00152385,1.13523,1.242597
0.00637340,0.00939064,0.13063700,0.08110700,0.01534830,0.49438200,0.00151750,1.13223,1.252831
0.00645946,0.00944458,0.12942700,0.08103190,0.01543480,0.49171800,0.00150446,1.12568,1.246575
0.00638618,0.00937873,0.13022900,0.08076970,0.01533610,0.49378100,0.00150976,1.12930,1.254817
0.00640951,0.00934537,0.13008400,0.08100620,0.01539500,0.49085700,0.00149686,1.12572,1.254358
0.00639735,0.00946637,0.13065800,0.08095360,0.01539840,0.49393300,0.00151393,1.12905,1.252704
0.00642525,0.00954569,0.13035100,0.08096450,0.01564720,0.50180000,0.00152126,1.13273,1.250865
0.00646555,0.00924266,0.13019400,0.08087030,0.01537530,0.48848800,0.00149474,1.12566,1.264178
0.00643940,0.00940867,0.12978600,0.08093620,0.01536700,0.49222500,0.00151579,1.12735,1.250487
0.00638078,0.00936064,0.13001400,0.08118660,0.01547340,0.49449400,0.00151413,1.13020,1.250745
0.00638789,0.00941950,0.13027200,0.08081060,0.01562510,0.50004200,0.00151557,1.13204,1.256733
0.00629989,0.00959867,0.12938300,0.08129070,0.01571570,0.50019900,0.00150736,1.12540,1.232924
0.00641889,0.00934188,0.12908800,0.08048450,0.01535480,0.48905000,0.00148958,1.12662,1.25314
0.00629043,0.00950517,0.12991600,0.08109530,0.01566260,0.49952200,0.00150954,1.12814,1.242842
0.00649370,0.00925492,0.12980800,0.08086770,0.01510750,0.48550000,0.00150014,1.12652,1.25803
0.00635538,0.00925409,0.12978000,0.08099340,0.01549110,0.49170600,0.00150442,1.12740,1.256002
0.00636370,0.00938149,0.12970300,0.08100020,0.01565240,0.49732400,0.00150779,1.12808,1.251388
0.00628190,0.00946957,0.12887400,0.08098480,0.01567970,0.49718100,0.00149453,1.12530,1.237936
0.00642011,0.00943901,0.13029800,0.08102840,0.01544460,0.49478600,0.00150587,1.12699,1.25204
0.00630441,0.00944868,0.12981300,0.08066320,0.01560020,0.49626400,0.00149422,1.12471,1.249884
0.00651372,0.00928988,0.13080400,0.08109180,0.01513270,0.48451500,0.00149585,1.12506,1.262243
0.00633716,0.00953078,0.12977900,0.08075530,0.01559770,0.49825400,0.00150935,1.12769,1.245591
0.00646805,0.00923461,0.13062600,0.08068780,0.01547030,0.49000100,0.00148938,1.12743,1.27163
0.00646176,0.00930424,0.12992100,0.08105360,0.01524460,0.48895100,0.00150105,1.12575,1.254672
0.00638701,0.00944295,0.13033900,0.08073000,0.01563140,0.49649500,0.00150928,1.12971,1.257112
0.00642308,0.00925356,0.12946500,0.08099290,0.01515030,0.48824500,0.00151287,1.12740,1.251604
0.00639601,0.00942352,0.12937800,0.08085690,0.01540510,0.49059500,0.00150144,1.12622,1.246377
0.00646662,0.00927427,0.12987900,0.08117870,0.01530220,0.48864100,0.00150252,1.12380,1.255366
0.00640052,0.00947287,0.12903800,0.08122220,0.01540730,0.49750700,0.00152576,1.13120,1.237048
0.00633122,0.00938618,0.12839300,0.08060050,0.01563160,0.49658800,0.00149706,1.12846,1.244412
0.00641745,0.00939581,0.13016100,0.08110400,0.01540520,0.49436000,0.00151510,1.12692,1.251587
0.00649047,0.00936236,0.12996600,0.08117560,0.01546170,0.49351500,0.00150748,1.12824,1.254729
0.00643409,0.00947566,0.12976700,0.08097740,0.01538460,0.49230800,0.00149471,1.12706,1.246522
0.00634256,0.00940929,0.12942800,0.08084620,0.01556850,0.49616700,0.00150093,1.12831,1.247748
0.00649842,0.00921471,0.12904200,0.08057250,0.01505380,0.48754100,0.00150573,1.13041,1.257298
0.00641204,0.00943697,0.13052400,0.08088180,0.01570690,0.49949100,0.00151848,1.13021,1.259028
0.00640571,0.00940165,0.12913100,0.08124680,0.01556790,0.49897400,0.00152512,1.13238,1.24348
0.00629701,0.00937113,0.12863800,0.08099240,0.01533700,0.48746100,0.00148425,1.12247,1.236808
0.00634453,0.00942986,0.13020400,0.08080480,0.01539280,0.49470500,0.00151404,1.13116,1.250693
0.00641048,0.00933588,0.12912200,0.08109200,0.01546020,0.49248800,0.00149505,1.12657,1.247414
0.00637446,0.00938908,0.12961200,0.08127190,0.01523360,0.49022200,0.00150877,1.12668,1.241581
0.00637337,0.00942916,0.13046500,0.08100920,0.01564090,0.49594600,0.00150033,1.12445,1.25495
0.00632883,0.00957505,0.12934700,0.08149040,0.01571720,0.50088100,0.00151090,1.12701,1.232597
0.00642785,0.00936030,0.13045800,0.08121490,0.01514340,0.48881800,0.00150980,1.12842,1.251028
0.00634556,0.00938185,0.12918300,0.08101810,0.01536480,0.49185200,0.00151004,1.12879,1.242436
0.00639027,0.00943139,0.13033000,0.08105050,0.01540820,0.49084300,0.00149310,1.12185,1.25073
0.00641489,0.00940848,0.13032500,0.08108080,0.01539070,0.49018500,0.00150319,1.12460,1.252207
0.00644100,0.00930002,0.12896700,0.08095860,0.01528460,0.48962900,0.00151161,1.12953,1.248465
0.00646982,0.00930379,0.12829300,0.08094270,0.01515980,0.48667400,0.00151010,1.12875,1.242782
0.00638919,0.00928232,0.13105100,0.08081540,0.01543820,0.49146600,0.00150098,1.12773,1.267139
0.00643946,0.00946287,0.13103600,0.08137150,0.01536880,0.49445500,0.00152077,1.13098,1.25193
0.00640000,0.00946490,0.13109200,0.08134170,0.01554400,0.49422400,0.00150583,1.12451,1.253533
0.00637855,0.00932660,0.12913700,0.08084040,0.01540560,0.49254600,0.00150329,1.12749,1.248963
0.00630785,0.00950465,0.13059300,0.08077540,0.01586800,0.50291200,0.00150330,1.12876,1.255605
0.00637382,0.00945810,0.12936400,0.08133220,0.01542440,0.49186700,0.00149820,1.12344,1.238183
0.00625860,0.00958609,0.13031100,0.08115560,0.01584560,0.50229600,0.00151480,1.12797,1.242405
0.00651093,0.00921796,0.13049900,0.08103820,0.01504790,0.48254400,0.00149468,1.12253,1.263037
0.00643268,0.00943147,0.13032700,0.08136620,0.01547350,0.49234000,0.00150346,1.12501,1.249476
0.00644523,0.00940410,0.13024300,0.08098750,0.01533220,0.49054100,0.00149943,1.12545,1.25335
0.00638982,0.00943247,0.12950500,0.08126150,0.01556660,0.49920800,0.00151876,1.13368,1.24396
0.00648175,0.00930516,0.13069500,0.08088160,0.01507600,0.48545400,0.00149220,1.12679,1.261032
0.00640884,0.00945275,0.13010700,0.08106230,0.01555720,0.49654100,0.00151153,1.12693,1.250604
0.00647939,0.00929208,0.13087300,0.08122130,0.01500040,0.48443300,0.00150428,1.12364,1.257721
0.00642968,0.00939925,0.13018600,0.08127300,0.01537140,0.48840700,0.00148214,1.11963,1.249673
0.00626552,0.00959567,0.12898800,0.08090440,0.01588060,0.50178300,0.00151143,1.12912,1.235664
0.00633267,0.00949565,0.12891600,0.08113580,0.01557340,0.49690500,0.00151072,1.12637,1.235644
0.00646658,0.00933606,0.12983200,0.08122870,0.01519850,0.48733900,0.00150762,1.12511,1.24978
0.00659089,0.00931661,0.13045600,0.08134500,0.01486300,0.48025300,0.00150087,1.12696,1.254473
0.00647494,0.00950491,0.13105700,0.08112500,0.01545650,0.49720200,0.00151494,1.12742,1.255668
0.00654372,0.00926385,0.13114600,0.08097410,0.01515760,0.48791200,0.00151379,1.13026,1.269181
0.00647698,0.00938369,0.13019200,0.08087200,0.01515940,0.48509300,0.00149828,1.12404,1.254258
0.00636431,0.00945417,0.12975700,0.08094860,0.01563260,0.49878000,0.00151170,1.12891,1.24849
0.00637118,0.00924710,0.12922400,0.08064700,0.01497600,0.48550600,0.00151095,1.13034,1.249661
0.00641271,0.00954525,0.13179600,0.08112390,0.01553530,0.49361300,0.00149399,1.12406,1.257906
0.00639498,0.00941726,0.13044300,0.08075620,0.01560090,0.49403300,0.00149071,1.12494,1.258861
0.00642074,0.00939199,0.13014600,0.08086170,0.01526370,0.48516300,0.00149120,1.12340,1.252802
0.00631381,0.00940671,0.13095300,0.08114140,0.01558950,0.49715200,0.00150955,1.12942,1.255032
0.00645096,0.00933298,0.13103200,0.08085490,0.01545990,0.49324300,0.00150048,1.12710,1.266681
0.00645459,0.00936253,0.12797400,0.08091940,0.01526590,0.49277900,0.00151657,1.13356,1.238453
0.00636726,0.00954830,0.12980200,0.08087200,0.01554550,0.49678800,0.00150793,1.13202,1.243928
0.00642785,0.00939877,0.13077800,0.08112270,0.01520720,0.48803000,0.00150456,1.12424,1.25353
0.00634359,0.00950394,0.12986300,0.08120900,0.01560410,0.49744700,0.00151075,1.12510,1.24241
0.00641428,0.00933983,0.12995100,0.08087550,0.01545870,0.49380700,0.00150386,1.13127,1.256289
0.00652510,0.00934102,0.13078900,0.08139750,0.01534010,0.49265300,0.00152447,1.13254,1.259073
0.00634599,0.00936714,0.13127000,0.08080360,0.01546480,0.49224600,0.00149861,1.12594,1.263191
0.00644538,0.00933858,0.13085100,0.08107910,0.01534600,0.49288900,0.00151437,1.12973,1.260399
0.00633019,0.00950325,0.12928900,0.08143400,0.01565940,0.49679600,0.00151191,1.12754,1.23562
0.00653316,0.00930905,0.12939500,0.08118710,0.01504580,0.48311500,0.00149776,1.12168,1.24898
0.00641511,0.00945617,0.12939400,0.08101540,0.01557720,0.49838100,0.00151753,1.13157,1.246083
0.00646913,0.00934956,0.13019700,0.08097570,0.01520830,0.48503800,0.00149021,1.12371,1.255222
0.00648823,0.00922840,0.12905400,0.08108650,0.01503740,0.48318400,0.00150268,1.12538,1.249823
0.00643416,0.00928208,0.12987000,0.08136960,0.01499550,0.48525200,0.00150367,1.12614,1.24696
0.00640733,0.00932325,0.12942100,0.08080760,0.01533610,0.48992100,0.00149746,1.12996,1.251956
0.00647793,0.00927741,0.13085300,0.08100120,0.01526910,0.48804600,0.00150295,1.12912,1.264825
0.00637455,0.00943420,0.12968300,0.08116590,0.01562970,0.49216700,0.00149309,1.12314,1.246712
0.00638972,0.00932188,0.12973300,0.08086610,0.01535660,0.49049200,0.00149592,1.12686,1.253263
0.00651190,0.00926465,0.12985700,0.08125980,0.01500750,0.48401000,0.00151473,1.12972,1.252444
0.00634975,0.00945636,0.13009800,0.08085550,0.01569570,0.49655600,0.00150545,1.12703,1.252474
0.00633209,0.00934032,0.13045900,0.08077040,0.01563950,0.49808100,0.00150293,1.13038,1.260683
0.00629538,0.00942274,0.13005200,0.08106230,0.01539570,0.49203700,0.00150376,1.12795,1.244829
0.00642984,0.00937326,0.13031500,0.08117670,0.01530900,0.49130900,0.00150664,1.12577,1.252212
0.00640681,0.00944553,0.12907200,0.08102080,0.01546360,0.49411200,0.00150927,1.12770,1.242185
0.00638467,0.00939622,0.12946800,0.08118790,0.01530350,0.48895700,0.00150381,1.12710,1.242564
0.00641443,0.00930220,0.12829200,0.08079800,0.01522280,0.48871700,0.00149876,1.12770,1.243199
0.00639633,0.00951497,0.13171000,0.08126570,0.01556620,0.49560700,0.00150467,1.12792,1.256801
0.00645098,0.00942800,0.12987000,0.08134220,0.01557800,0.49491300,0.00150077,1.12649,1.248673
0.00645343,0.00935274,0.13124500,0.08091330,0.01545260,0.49431900,0.00151427,1.13000,1.266557
0.00637015,0.00948255,0.13106600,0.08113070,0.01586160,0.50174600,0.00151556,1.12980,1.258288
0.00648346,0.00926187,0.12899100,0.08119860,0.01497600,0.48645000,0.00151955,1.13177,1.245156
0.00645095,0.00921661,0.13015900,0.08055960,0.01537880,0.49300700,0.00150857,1.13329,1.268542
0.00637297,0.00943823,0.13012800,0.08072900,0.01548550,0.49592900,0.00150523,1.12833,1.253134
0.00645966,0.00932877,0.13007500,0.08081060,0.01515070,0.49030300,0.00150022,1.12805,1.256124
0.00638812,0.00932833,0.13026900,0.08141560,0.01531850,0.49230000,0.00151289,1.12721,1.249681
0.00646619,0.00930522,0.12917000,0.08092930,0.01521570,0.49031300,0.00150611,1.12562,1.250169
0.00639762,0.00937163,0.12979200,0.08067950,0.01545980,0.49188600,0.00150099,1.12663,1.255213
0.00639130,0.00937303,0.12875100,0.08063880,0.01536150,0.49049900,0.00149386,1.12268,1.246016
0.00641444,0.00944165,0.12927500,0.08102960,0.01548200,0.49408300,0.00150919,1.12959,1.244402
0.00639926,0.00932071,0.13013700,0.08100820,0.01507360,0.48288300,0.00148436,1.12087,1.251027
0.00640630,0.00952643,0.13007900,0.08118870,0.01566290,0.49823600,0.00151477,1.12959,1.24651
0.00647229,0.00932915,0.13080400,0.08115890,0.01538560,0.49060300,0.00150549,1.12514,1.261218
0.00648989,0.00926152,0.13052300,0.08135520,0.01508000,0.48649000,0.00151926,1.13117,1.256589
0.00642731,0.00944181,0.12905200,0.08110740,0.01537790,0.49077000,0.00150095,1.12569,1.240843
0.00645765,0.00930755,0.13045300,0.08123980,0.01519110,0.48660200,0.00149845,1.12573,1.255351
0.00644813,0.00922911,0.12953400,0.08066540,0.01509350,0.48353900,0.00148867,1.12543,1.257669
0.00636380,0.00944357,0.13121300,0.08126240,0.01562390,0.49991200,0.00152895,1.13279,1.256116
0.00639547,0.00954392,0.13005500,0.08136560,0.01543090,0.49579200,0.00151193,1.12820,1.239636
0.00649451,0.00930094,0.13107400,0.08078940,0.01536090,0.49310500,0.00150662,1.12951,1.269848
0.00639464,0.00942369,0.12952200,0.08086520,0.01552780,0.49605600,0.00150255,1.13055,1.249036
0.00643367,0.00938088,0.12956500,0.08089920,0.01532100,0.48925500,0.00150948,1.12985,1.24979
0.00637561,0.00928551,0.13027800,0.08086650,0.01561920,0.49590700,0.00149963,1.12891,1.262373
0.00632131,0.00943531,0.13019800,0.08076340,0.01588350,0.49800500,0.00148879,1.12533,1.256964
0.00644035,0.00929885,0.12922400,0.08114000,0.01516780,0.48797300,0.00150027,1.12259,1.246652
0.00644698,0.00942031,0.13031300,0.08132040,0.01546060,0.49462400,0.00151906,1.12840,1.250859
0.00641157,0.00938836,0.12961000,0.08089760,0.01551450,0.49589200,0.00150216,1.12852,1.251616
0.00637278,0.00943985,0.13019800,0.08088440,0.01547330,0.49298200,0.00149959,1.12730,1.251508
0.00643454,0.00928308,0.13087100,0.08121920,0.01518420,0.48873400,0.00150778,1.12656,1.25897
0.00641038,0.00935128,0.13069400,0.08112740,0.01554260,0.49569400,0.00151098,1.12880,1.259301
0.00630229,0.00959005,0.13024600,0.08086360,0.01589470,0.50345600,0.00151033,1.12705,1.247735
0.00633461,0.00937691,0.12937800,0.08117750,0.01557630,0.49652500,0.00150990,1.12716,1.244721
0.00644797,0.00935795,0.13034800,0.08113400,0.01544470,0.49429900,0.00150999,1.13041,1.256407
0.00634573,0.00955332,0.13040400,0.08118210,0.01568080,0.50073100,0.00151744,1.12564,1.24553
0.00649919,0.00934518,0.12986200,0.08122070,0.01526660,0.49089800,0.00151782,1.12890,1.251895
0.00647664,0.00944998,0.13072600,0.08130210,0.01560160,0.49471600,0.00151380,1.12734,1.255878
0.00627230,0.00960541,0.13031700,0.08136370,0.01588320,0.50206700,0.00150592,1.12640,1.240064
